:020000040800F2
:10000000B8F600206103000809B90008019700084C
:1000100005B90008C5370008A1E20008000000008B
:1000200000000000000000000000000071BA00089D
:10003000853800080000000021B9000895BA0008C2
:100040007B0300087B0300087B0300087B03000898
:100050007B0300087B030008893800087B03000845
:100060007B03000891380008993800087B030008DA
:10007000353800087B0300087B030008413800087E
:100080007B0300087B0300087B0300087B03000858
:10009000C93700087B0300087B030008A13800086B
:1000A0007B030008CDBB0008C1BB00087B03000830
:1000B0007B0300087B0300087B0300087B03000828
:1000C0007B03000811970008059700087B030008D0
:1000D00085B9000811BF00087B0300087B030008F6
:1000E0007B0300087B0300087B0300087B030008F8
:1000F0007B0300087B0300087B0300087B030008E8
:100100007B0300087B0300087B0300087B030008D7
:100110007B0300087B030008EDBB0008F9BB000867
:100120004D380008593800087B030008653800087E
:100130007B0300087B0300087B0300087B030008A7
:10014000D53700087B0300087B0300080DB90008C1
:100150007B0300087B0300087B0300081DBF000829
:100160007B0300087B0300087B0300087B03000877
:100170007B0300087B0300087B03000800000000ED
:100180007B0300087B03000800F002F800F0D9F8B8
:1001900014A696E8000CB244B344DA4501D100F04D
:1001A000D0F8BAE80F000FA696E83000A5EB0405DA
:1001B00004EB0607AAEB0704A7F101074FEA1515A0
:1001C0004FEA3414A4F10104AC4201D300F0B9F8B1
:1001D00013F0010F18BFFB1A43F0010300F001F800
:1001E000DBE71847A4D50200C4D502000A444FF04B
:1001F000000C10F8013B13F0070408BF10F8014B86
:100200001D1108BF10F8015B641E05D010F8016BCA
:10021000641E01F8016BF9D113F0080F1EBF10F82E
:10022000014BAD1C0C1B09D16D1E58BF01F801CB51
:10023000FAD505E014F8016B01F8016B6D1EF9D5D4
:100240009142D6D37047000070470000002300247D
:1002500000250026103A28BF78C1FBD8520728BFD6
:1002600030C148BF0B6070476E2901F0FC807029D7
:1002700001F0738266292CF0FB8465292CF0F88448
:1002800067292CF0F58461292CF0F48403681B0A9B
:1002900028BF41F08001692900F04681642900F0FF
:1002A0004381752900F040816F2901F0018278298E
:1002B00001F03F82E92901F09B81E42901F0988156
:1002C000F52901F09581EF2901F0FE81F82901F06F
:1002D0003E820368DB0928BF41F08001632900F0FA
:1002E0001D87732900F02287E32901F04586F32951
:1002F00001F04A86002070471FB52CF070FB9DE886
:10030000030000F0E5FF00F0C3FF0400002000211F
:100310002AF058FE401C6060002000212AF068FE90
:10032000E06001F02DFCAFF3008001F05BFB00F01A
:10033000EDFB1FBD10B5002001F0F0FB01F0BBFB91
:1003400010BD01F048FC1146FFF7D6FF27F022FE52
:1003500002F0BAF803B4FFF7EDFF03BC27F008FE84
:100360000948804709480047FEE7FEE7FEE7FEE749
:10037000FEE7FEE7FEE7FEE7FEE7FEE70448054985
:10038000054A064B7047000069BB00088901000858
:10039000B8CE0020B8F60020B8EE0020B8EE00205D
:1003A000704753EA020C00F069802DE9F04B4FF0E2
:1003B0000006002B1FBFB3FA83F503FA05F424FAF5
:1003C00005F65E4012BF1643B2FA82F502FA05F452
:1003D000C5F120051EBF22FA05FC44EA0C042035B5
:1003E00056EA044C4FEA144418BF641C4FF000084E
:1003F0004FF00009904271EB030C39D3002919BF6B
:10040000B1FA81F701FA07F6B0FA80F700FA07F6B9
:10041000C7F120071EBF20FA07FC46EA0C0620376A
:10042000B6FBF4FCA7EB0507103F07F01F0BCBF161
:1004300020062CFA06F60CFA0BFB44BFB346002646
:10044000202FA4BF5E464FF0000B5BEA060C08BFEE
:100450004FF0010B19EB0B0948EB0608ABFB027CD4
:1004600006FB02CC0BFB03CCC01B71EB0C01C1E7FC
:100470000B46024641464846BDE8F08B13B508439B
:1004800018BF4FF0FF300146AFF30080BDE81C40BD
:10049000704700000FB41CB50C0007AA009007D0ED
:1004A0004142A14202D32044401E01E04FF0FF3000
:1004B000074B7B4469460190069800F00AFE002134
:1004C000002C01D0009A11701CBC5DF814FB0000D8
:1004D000430C000070B50C460546012A05D028786B
:1004E000800600D5EA69002302E0012305E05B1CD9
:1004F000934202D2E05C0028F9D1A869E618C01A3C
:10050000A861286A18442862284600F073FF04E0B6
:10051000D5E9012114F8010B9047B442F8D32846DD
:1005200000F07EFF70BD00002DE9F041064600247A
:1005300010687529314616A510D000F082FF0028FA
:1005400002DA404213A507E031688A0701D512A5F7
:1005500002E0490704D511A5012401E000F07AFF6B
:1005600000210A2206F1240709E0B0FBF2FCB0FBEF
:10057000F2F302FB1C00303078541846491C002866
:10058000F3D123462A463046BDE8F04100F09FBB38
:10059000000000002D0000002B00000020000000E3
:1005A0002DE9F05F894604464FF0000ADFF874B188
:1005B000FB44C0F820A02046E1688847002874D09A
:1005C000252806D0D4E901219047206A401C2062EA
:1005D000F1E700265F462046E16888472028054667
:1005E00007DB312D05D2781910F8200C08B106432D
:1005F000F1E7B00701D526F00406C4F81CA00027D7
:10060000C4F818A02A2D09D028462AF05DFC38B37A
:1006100004EB8708303DC8F8185019E059F8041B5E
:10062000204604EB87029161E1688847012F054667
:1006300018D1E069002820DA26F020061DE0D8F85D
:10064000180000EB800005EB40003038C8F81800B7
:100650002046E168884705462AF036FC0028EED19E
:10066000012F0AD02E2D08D12046E16888477F1C33
:100670000546022F46F02006C4DBA069002803DAF5
:10068000404246F00106A061F00701D026F01006B6
:100690006C2D0BD0682D09D04C2D39D06A2D35D05A
:1006A000742D35D07A2D33D016E038E0E1682F462E
:1006B00020468847B842054609D16C2F26D04FF412
:1006C0008060E168064320468847054604E06C2FB9
:1006D0001AD04FF4807006430DB3A5F141001928DC
:1006E00002D8203546F400664A4629462046266050
:1006F0004E46FFF7B9FD80B101280BD0F61D26F05C
:10070000070000F1080956E74020E4E78020D8E719
:100710000020D6E706F104094DE7284652E7206A93
:10072000BDE8F09F12C9020070B5064600F00EFA4F
:100730000468054630460A22002100F002F82C60C9
:1007400070BD2DE9F04791460F46804604460026CD
:1007500014F8015B2DB100F0F1F90068405DC007AD
:10076000F6D12B2D02D02D2D18D0641E4A463946C5
:10077000204600F0DFFC27B13968A14201D1C7F85B
:1007800000804FF0020471050BD54042002803DDC4
:1007900000F0DCF90460A007BDE8F08746F480664D
:1007A000E4E70028F8DA00F0D1F904606FF00040C7
:1007B000F2E70B460146184600F01ABD014A00F068
:1007C0003BBD00000000002040EA010310B59B077C
:1007D0000FD1042A0DD310C808C9121F9C42F8D0AB
:1007E00020BA19BA884201D9012010BD4FF0FF305C
:1007F00010BD1AB1D30703D0521C07E0002010BD72
:1008000010F8013B11F8014B1B1B07D110F8013BFD
:1008100011F8014B1B1B01D1921EF1D1184610BDDE
:1008200010B5431C02E010F8011B71B18107FAD129
:100830004FF0013202C88C1A8C4314EAC211F9D06D
:10084000C01A0A0603D0C01E10BDC01A10BD0A048B
:1008500001D0801E10BD0902FCD0401E10BD40EA30
:10086000010370B59B072ED14FF00136042A2AD31D
:1008700008C810C99D1B9D43121F15EAC61517D045
:10088000D8B2E1B2401A50EA056110D198B2A1B2D3
:10089000401A50EA05410AD123F07F4024F07F41FD
:1008A000401A50EA052102D1180EA0EB146070BD69
:1008B000A342DBD018BA21BA884201D9012070BD09
:1008C0004FF0FF3070BD0AB9002070BD10F8013B39
:1008D00011F8014B63B1A3420AD1521E08D010F89F
:1008E000013B11F8014B1BB1A34201D1521EEDD1C6
:1008F000181B70BD032A40F2308010F0030C00F08A
:10090000158011F8013BBCF1020F624498BF11F849
:1009100001CB00F8013B38BF11F8013BA2F1040202
:1009200098BF00F801CB38BF00F8013B11F003037A
:1009300000F02580083AC0F0088051F8043B083ADE
:1009400051F804CBA0E80810F5E7121D5CBF51F880
:10095000043B40F8043BAFF30080D20724BF11F8FA
:10096000013B11F801CB48BF11F8012B24BF00F85F
:10097000013B00F801CB48BF00F8012B704710B5D0
:10098000203AC0F00B80B1E81850A0E81850B1E848
:100990001850A0E81850203ABFF4F5AF5FEA027C87
:1009A00024BFB1E81850A0E8185044BF18C918C0B7
:1009B000BDE810405FEA827C24BF51F8043B40F858
:1009C000043B08BF7047D20728BF31F8023B48BF3D
:1009D00011F8012B28BF20F8023B48BF00F8012B7B
:1009E000704702F0FF0343EA032242EA024200F0AA
:1009F00024B84FF000020429C0F0128010F0030C5C
:100A000000F01B80CCF1040CBCF1020F18BF00F801
:100A1000012BA8BF20F8022BA1EB0C0100F00DB8B0
:100A20005FEAC17C24BF00F8012B00F8012B48BF0E
:100A300000F8012B70474FF0000200B513469446B2
:100A40009646203922BFA0E80C50A0E80C50B1F126
:100A50002001BFF4F7AF090728BFA0E80C5048BF3A
:100A60000CC05DF804EB890028BF40F8042B08BFD8
:100A7000704748BF20F8022B11F0804F18BF00F8D4
:100A8000012B70470000000030B44FF0013C50F8DB
:100A9000042B51F8043BCCFA52F4D51A20D1FCB9FE
:100AA00050F8042B51F8043BCCFA52F4D51A17D164
:100AB000B4B950F8042B51F8043BCCFA52F4D51ACF
:100AC0000ED16CB950F8042B51F8043BCCFA52F417
:100AD000D51A05D1002CDAD030BC4FF00000704799
:100AE00029BAB1FA81F111F01801D1F12000844046
:100AF000F2D1CA40CB4012F0FF0213F0FF0330BC2A
:100B0000D01A7047704770477047000008487CB59E
:100B10007844009007487844009C0546019004E022
:100B20002046016808448047241DAC42F8D17CBDB2
:100B3000C0CD0200CECD02007047000010B500F01D
:100B4000A7FB001D10BD00BF7DA402000048704738
:100B5000E408002070B5064600F096FB056806F133
:100B60000B0020F00704B4429CBF002070BD2B4650
:100B70006A68BAB11068A04210D304F10801884233
:100B80003CBF5068586007D3516810194160116824
:100B9000091B016058601460101D70BD1346526837
:100BA000002AE7D12146284600F07EFB0028DED14E
:100BB00070BD70B50446051F00F066FB0068002C90
:100BC00014BF446870BD002C18BFAC423CBF204627
:100BD0006468F8D301680A18AA4218BF456003D1B7
:100BE0002A6805461144016028684119A1421CBFCA
:100BF0006C6070BD6168696021680844286070BDE0
:100C00002DE9F04791460C46804600F03DFB076811
:100C1000604234EA000001D1042C02D20520BDE874
:100C2000F087601E40F0070609F10B0020F0070571
:100C30004D4539D93B467A6882B31468101D40424D
:100C400006EA000C644525D9A4EB0C00854221D8A6
:100C5000BCF1000F0BD0104601686244A1EB0C01FF
:100C6000116041685160C0F800C0586003461168C7
:100C700005F10800814205D35019491B0160156038
:100C80005860034652F8040F58600020C8F800204E
:100C9000BDE8F08713465268002ACED1294638466F
:100CA00000F002FB0028C5D10620BDE8F08710B592
:100CB000FFF74CFF006810BD10B50446FFF746FF74
:100CC000046010BD0B460146184600F021BC2DE91A
:100CD000F0470D4699469246044600F12408016803
:100CE000880604D5E06921F01001216000E00120B0
:100CF000A84201DD471B00E00027A1697A1902EB39
:100D00000900081AA0612078C00602D4204600F02D
:100D100071FB002608E0D4E901211AF8060090478B
:100D2000206A401C761C20624E45F4DB2078C00609
:100D30000AD5204600F05EFB06E0D4E90121302010
:100D40009047206A401C2062381EA7F10107F4DC9E
:100D500007E0D4E9012118F805009047206A401CFB
:100D60002062281EA5F10105F3DC204600F058FBA7
:100D70002078000602D50220BDE8F0870120FBE7BD
:100D80002DE9F04F1C4683460E468BB0D2E9003069
:100D9000149DC10F009120F00041080D01D00122E7
:100DA00000E00022801A0027DA1B61EB0051914617
:100DB0000A438846A0F2324A0AD0002108462BF0A6
:100DC00047FF10F4400F14D00099A1B1400213E086
:100DD000012D02D00020302105E0E043CDE90607D7
:100DE00005E03154401CA042FBDBCDE906740895B8
:100DF00029E0002005E00002002801DA022000E0DE
:100E00000120012D08950FD00021CDE904103046B6
:100E1000CDE902A4CDE9009809AA06A900F00EFDCB
:100E20000790099810B105E00121EEE7102108466E
:100E30002BF00EFF012D06D1DDE90610641C2144C4
:100E4000884200DA0897079806AC375494E80E00F9
:100E5000CBE90012CBF808300BB0BDE8F08F2DE9DC
:100E6000F04F88460446D21D22F00701ADF5477DBC
:100E7000D1E90001CDE9BE0128F07FFF0246BF980D
:100E8000C00F01D02D2007E02068810701D52B205D
:100E900002E0202101EAC000032AC09001D0072A05
:100EA00005DB03464146204600F0F2FA08E12078CF
:100EB000800601D5E06900E0062040F2F123B8F198
:100EC000650F814606D0B8F1660F16D0B8F1670FEE
:100ED0006BD12FE00020B9F53C7F009001DC09F1D7
:100EE0000103BEAA01A9C1A8FFF74AFFDDE9C1704D
:100EF000002609F10105834644E001204B4600909D
:100F00004FF00047BEAA01A9C1A8FFF739FFDDE9EC
:100F1000C2B0C1995D46002610B909F101000D1853
:100F2000B9EB050003D4C0F1FF3609F10105A5EBCB
:100F3000090028E0B9F1010F01DA4FF001090020A2
:100F400099450090484600DC0346BEAA01A9C1A805
:100F5000FFF716FFDDE9C1704D4600268346207875
:100F600000070AD4AB4500DA5D4601A8012D04DD77
:100F7000411911F8011C302907D04F4502DA17F149
:100F8000040F04DA012082460FE06D1EEEE7002F09
:100F900002DCED1B3E4403E0781CA84200DD7D1C12
:100FA000B81B00F1010A4FF000472078000703D476
:100FB000AA4501DB4FF0FF3A0021B7F1004F0DF2D7
:100FC00017388DF8171324D002202B23002F01DAB5
:100FD0007F422D230A21021EA0F1010000DC5FB137
:100FE00097FBF1FC97FBF1F201FB1C7C17460CF11F
:100FF000300C08F801CDEEE7A8F10100037021885C
:10100000090501D5452100E06521A0F1010800F89E
:10101000011CC098C4A9A1EB0807FF1D00B1012065
:10102000411901EBEA70A1693844081A401EA06119
:101030002078C00602D4204600F0DCF9C09828B120
:10104000D4E901219047206A401C20622078C00624
:1010500022D5204600F0CEF91EE0002E04DBB34579
:1010600002DD01A8805D00E03020D4E90121904735
:10107000206A401C2062761CAAF101005FEA000A87
:101080000AD100F005F9C0680168405CD4E901218B
:101090009047206A401C2062281EA5F10105DCDC77
:1010A00007E0D4E9012118F8010B9047206A401CA1
:1010B0002062381EA7F10107F3DC204600F0B0F9EA
:1010C00003200DF5477DC8E601694A1C02610878D6
:1010D000704700B58FB0CDE9013100210591054978
:1010E0007944CDE9031011466846FFF759FA0FB06D
:1010F00000BD0000E5FFFFFFD1E900239A4202D2C4
:10110000531C0B601070704710B5436913B1AFF3F7
:10111000008001E0FFF7DEF9012010BD127800F138
:1011200024010A7000224A700122EDE711684FF095
:10113000FF32E9E72DE9F05F824615468B4600272E
:101140000AF10104B9460078302801D09DB113E0BE
:1011500014F8010B0127782803D0582801D045B195
:101160000AE00DB1102D07D1002714F8010B10254E
:1011700002E0082500E00A250026B0460EE005FB47
:10118000080005FB06F101271FFA80F801EB104665
:10119000B6F5803F00D3B94614F8010B294600F09C
:1011A000E7FA0028EBDABBF1000F05D00FB1641E9F
:1011B00000E05446CBF80040B9F1000F06D0FFF72D
:1011C000C5FC02210160C81EBDE8F09F48EA064048
:1011D000FAE70023036000F0FBBA10B5002000F02E
:1011E000D5FCFFF7A7F8BDE81040012026F0C0BEEF
:1011F0002DE9F041074615460E461020FFF7AAFCE0
:10120000040013D06760C4E902650948AFF30080A9
:1012100000F042F80168216006490460002008607F
:101220000348AFF300800020BDE8F0810120FBE718
:1012300014000020100000202DE9F04115460E4654
:10124000040002D12C6804B90BA4204600F0B5FCC0
:101250000444207870B127463146384600F09DFCA2
:101260000444207810B1002004F8010B38462C60AB
:10127000BDE8F0810027F9E7000000000048704752
:10128000E40800200020704700487047EC08002068
:101290000048704704090020004870471C090020DE
:1012A000704770477047704738B504460A460020BB
:1012B0006946AFF30080002808BF38BD0246009998
:1012C000204600F0ADFC012038BD012001F030B90E
:1012D000F8B5AFF30080054600200C460C2000BF97
:1012E0000646A819A0420DD9324669460020AFF340
:1012F0000080070008BF01F01BF90098A04218BF4A
:101300000546C419FFF7C0FF05600746F01D20F031
:1013100007004619284600F00AF8B44208BFF8BD95
:10132000A21B31463868BDE8F84000F079BC0021C6
:101330000160416070470C20704730B5B0F10A027F
:1013400071F100034FEA900E4EEA817EB0EB0E0081
:1013500061EB91014FEA101E4EEA017E10EB0E0088
:1013600041EB11114FEA102E4EEA016E10EB0E0008
:1013700041EB11214FEA104E4EEA014E10EB0E00E8
:1013800041EB1141401841F100014FEAD00040EA21
:1013900041704FEAD1014FEA810444EA907410EBA6
:1013A000800544EB01046D1944EB0404521BA34176
:1013B0004FF0000348BF0A3200D530BD401C41F158
:1013C000000130BD1FB584B000200A9C06AB04AA02
:1013D00002A90094AFF3008018B1DDE9020108B062
:1013E00010BD0348204001F095F800200146F6E7C3
:1013F0000000207C70B5044685690068C10601D5EF
:10140000302600E02026C00707D070BDD4E90121B6
:1014100030469047206A401C20626D1EF6D570BD94
:1014200070B5044685690078C00707D170BDD4E95E
:10143000012120209047206A401C20626D1EF6D5B5
:1014400070BD09684A0501D540B27047C905FCD591
:1014500000B2704709684A0501D5C0B27047C90596
:10146000FCD580B2704711680268006A530501D547
:1014700008700AE0D30501D5088006E0130603D5FD
:10148000C217C1E9000200E00860012070470000B7
:101490002DE9F0411F46044603260168072A01F49E
:1014A000006004DB08B116A505E016A503E008B14D
:1014B00015A500E015A521F010002060A069C01E50
:1014C000A0610FB1401EA0612046FFF793FF4FB10E
:1014D000D4E9012138469047206A401C2062C01C94
:1014E000206206E0206AFAE7D4E9012115F8010B31
:1014F0009047761EF8D22046FFF792FFBDE8F081B4
:101500004E414E006E616E00494E4600696E6600A7
:10151000074B70B50D467B44FFF7DBFD04462846BC
:1015200000F0E8FE10B14FF0FF3070BD204670BDF6
:10153000BD9902002DE9FF5F15468A460446DFF893
:10154000AC80F8440027D8E900103E46CDE90010F1
:1015500010E03AF816106A4602A800F091FF411C0C
:1015600007D02178890603D5E269391891420DD850
:101570000744761C2078800602D5E069B84205DD74
:10158000AE42E6DB3AF816000028E2D1A069C01BA3
:10159000A0612046FFF72EFFD8E90010CDE900102A
:1015A000002017E03AF818106A4602A800F068FF19
:1015B000B0F1FF3F81460BD000250DF1080B05E08F
:1015C000D4E901211BF8050090476D1C4D45F7D368
:1015D00008F10100B0428046E4DB206A3844206212
:1015E0002046FFF71DFFBDE8FF9F0000B2B90200D3
:1015F0002DE9F0418046D21D22F007020025D2E9F4
:101600000002F52915A614D0011E72F1000106DAB8
:101610000023D0EB030063EB020211A608E0D8F828
:1016200000108B0701D50FA602E0490701D50EA6D1
:1016300001251146002408F1240704E0FFF77DFE90
:1016400030323A55641C50EA0102F7D12B4632463B
:1016500021464046BDE8F041FFF739BB00000000DD
:101660002D0000002B0000002000000030B40021FD
:1016700000F1240408E002F00705D208303542EA00
:101680004372DB086554491C52EA0305F3D1046830
:10169000002310A2250708D504F020040C4304D031
:1016A000C46901230CA2641EC46130BCFFF70FBBE8
:1016B00010B5044621461068FFF7CCFE02462046CE
:1016C000BDE810400023D1E7D21D22F00701D1E987
:1016D0000023CBE70000000030000000F0B40D460E
:1016E0000188090502D5214C7C4402E01F4C7C4452
:1016F0000E34002100F1240608E002F00F07120961
:10170000E75D42EA03721B097754491C52EA03075A
:10171000F3D102780023120704D5702D06D009B149
:10172000022311342246F0BCFFF7D1BA0123103452
:10173000F8E770B504460D4621461068FFF78AFEAB
:10174000024629462046BDE870400023C6E7D21D68
:1017500022F00703D3E90023C0E70368126843F0CF
:10176000200303600823C3610023B7E714B8020015
:101770003A2800D2303820F02002412A01D3A2F1C9
:101780003700884201D34FF0FF3070470FB40B0091
:1017900010B54FF000048AB00FA900910E99CC60EB
:1017A000234C7C44234A7A44CDE9064200D00423EA
:1017B0006FF00042CDE901321F4A7A446B4608922D
:1017C000024600202BF03AFB0AB010BC5DF814FB77
:1017D000F0B507464FF0FF301E4615460C463B4617
:1017E00085B06A460091CDE90101314600200490A0
:1017F00004A8FFF7CBFF04990346601825B109B18F
:10180000024600E022462A6000290ED0002B02DDAD
:101810000099814209D03B466A463146001B00943C
:10182000CDE9010404A8FFF7B1FF05B0F0BD000049
:10183000EB07000005080000970400002DE9FF4FAA
:101840000446ADF5437DD1AB93E82500D099DDF892
:1018500054830091CDE90102C0AAC1A903A800F0F8
:10186000CFFC0346C198D499064641B11D446D1C76
:10187000012D04DAC5F10101012508440B44A646F7
:101880004FF0FF324FF0390B002124E0401EB042F0
:1018900001D300270CE0DDF800C387083CF817707F
:1018A0004FEA807C4FEA1C7C27FA0CF707F00F0701
:1018B0006D1E092F0EDA002A02DB303204F8012BEC
:1018C0005A46002903DD491E04F8012BF9E70021DF
:1018D0003A4600E0491C08B1002DD7DC4FF0010C5E
:1018E000B8F1020F08D0B8F1010F07D0A0B1401E27
:1018F000B04205D300270CE0002522E0022520E0BD
:10190000C09F850837F8155087073F0FFD4005F049
:101910000F07052F02DB04E04FF000074FF0000532
:1019200007E003DC002901DCD50701D0012500E038
:1019300002250FB14FF0000C022D02D0BCF1000FB8
:1019400022D04FF00009DDF800A313E0401EB042A2
:1019500001D300270BE04FEA90083AF818704FEADD
:1019600080784FEA187827FA08F707F00F070FB1C9
:10197000012004E00028E9D1B9F1000001D04FF0C6
:10198000000C022D00D10546012D02F101000AD004
:1019900010B1303204F8012B5846002916DD491EDB
:1019A00004F8010BF9E718B1313204F8012B06E015
:1019B000312004F8010BD4985B1C00B9491E30207B
:1019C000002903DD491E04F8010BF9E7C498036000
:1019D000C598C0F800C00DF5477DA4EB0E00BDE82A
:1019E000F08F000010B542485421FFF724F8414819
:1019F0005421FFF720F840485421FFF71CF83F49D5
:101A00003B483C4A3F4B08603D490A603A491960EF
:101A1000531C0365481C1065012008653B48344A87
:101A200039A1784400F08EFC20B9384878440A384F
:101A300000F077FD37482F4A35A1784400F082FC4A
:101A400020B9344878440A3800F06BFD32482A4AFD
:101A50002FA1784400F076FC20B92F4878440A384A
:101A600000F05FFD40232248DC000021224600F008
:101A700045FC20B125487844543800F052FD1D48FB
:101A800022464023002100F039FC20B1214878444F
:101A9000543800F046FD184822461023002100F07B
:101AA0002DFC002806D01C487844BDE8104056386C
:101AB00000F037BD10BD104870B5006D20F0010476
:101AC0000B4800F0B7FC0B4800F0B4FC0A4800F0EB
:101AD000B1FC09E0206D20F00105204600F0AAFCD1
:101AE0002046FFF766F82C46002CF3D170BD0000AD
:101AF000E80700203C080020900800200400002097
:101B0000080000200C000020720000005CB80200F9
:101B10007700000048B8020028B802002DE9F84319
:101B200006461548AFF30080FFF7B6FB134F81461A
:101B3000E8464D4616E026B1E068B04201D02546A1
:101B400010E0206828600C48C7F80080AFF30080E0
:101B5000D4E9010188470848AFF30080396841455E
:101B600000D04D462C68002CE5D10020386002489A
:101B7000AFF30080BDE8F8831400002010000020BF
:101B80000148FFF77FBB00001400002010B500F0F3
:101B9000A9FCBDE8104000F0A0BC30B503461D789C
:101BA0001DB10A4603E0AC4201D1181A30BD12F84B
:101BB000014B002CF7D15B1CF1E730B503461D78D3
:101BC0003DB10A4612F8014B1CB1AC42FAD15B1C84
:101BD000F5E7181A30BD7546FFF750FBAE46050015
:101BE0006946534620F00700854618B020B5FEF739
:101BF000C5FBBDE820404FF000064FF000074FF056
:101C000000084FF0000BAC46ACE8C009ACE8C009D6
:101C1000ACE8C009ACE8C00921F007018D46704767
:101C2000034640688C46002818BF88423CBF0346E4
:101C30004068F8D318681844884207D00CF10300B4
:101C400020F00700001D411A521A0146081D0A60C3
:101C5000FEF7AFBF10B50446FEF770FF0068005DE9
:101C600000F0010010BD00002DE9F04F04460D46C4
:101C7000D21D22F0070089B0D0E9009748463946C6
:101C800028F07BF80246F80F01D02D2307E02068EA
:101C9000810701D52B2302E0202101EAC0038DF842
:101CA00020300BB1012000E00020032A824601D041
:101CB000072A04DB29462046FFF7EAFB3FE12078AC
:101CC000800601D40D2500E0E569C7F30A560D2D05
:101CD00049DA00214FEA175B08462AF0B9FF002FC6
:101CE00000F4400007DA00EB80004FF4400100EB05
:101CF000D07001EA60008115012901DD4FF0FF314C
:101D000000224FEA850CBCF1180F06D31346ACF144
:101D100018004FF08052C24003E04FF4801323FAC2
:101D20000CF30CF10C0CBCF1200F04D3ACF1200C23
:101D300009FA0CF001E007FA0CF000294FF0004816
:101D400001DD18B90FE00ED140450CD319EB0209A3
:101D50005F4121B9404502D19F4329EA0209BBEB0B
:101D6000175F00D0761C2088000502D57B48784498
:101D700002E07A487844193808AA302302F80A3079
:101D8000037C0AF10101002E0AF1020A53546A464B
:101D900002DC4FF0300101E04FF031014FF001085B
:101DA0008DF8001002D0A6F2FF3603E059EA470191
:101DB00000D06B4E002D02DC2178090704D54FF0CE
:101DC00002082E218DF80110C44600210BE0C7F354
:101DD00003433F01C35C491C6D1E02F8083005290E
:101DE00008F1010801DA002DF1DC00210CE000EB24
:101DF0001973491C1B786D1E082902F808304FEA38
:101E0000091908F1010801DA002DF0DC21688B06C0
:101E100002D516E0A8F10108E04505DD02EB080354
:101E200013F8013C302BF5D0B8F1000F09DD02EBBF
:101E3000080313F8013C2E2B03D1090701D4A8F1A4
:101E40000108002D05DD3E2102F808106D1E08F185
:101E50000108407C002E02F8080008F1010804DAAD
:101E60002D20764202F8080002E02B2002F808003C
:101E70000A214FF47A70864208F101080BDB96FBC9
:101E8000F0F3303302F8083096FBF0F308F1010864
:101E900000FB136601E0642E0CDB642096FBF0F37C
:101EA000303302F8083096FBF0F308F1010800FB2C
:101EB000136601E00A2E06DB96FBF1F0303002F8E3
:101EC000080008F1010896FBF1F001FB10603030CA
:101ED00002F80800A16908F1010808EB050202EB0D
:101EE0000A00081AA0612078C00602D42046FFF735
:101EF00081FA216A08AE01EB0A00206204E0D4E90D
:101F0000012116F8010B9047BAF1010AF7D22078A7
:101F1000C00602D52046FFF76DFA6E4609E016F8B6
:101F2000010B3E280FD0D4E901219047206A401CC4
:101F30002062B8F10108F2D22046FFF771FA09B029
:101F40000320BDE8F08F206A2844206203E0D4E932
:101F50000121302090476D1EEBD3F8E7C9B1020094
:101F600002FCFFFF10B5436913B1AFF3008001E03D
:101F7000FFF7E0FA012010BD128800F124018284ED
:101F80000022C2840122EDE711684FF0FF32E9E739
:101F9000426842B1016811F8013B23B1521EC0E909
:101FA0000012184670470121C160881E70474268C0
:101FB0005AB1C368016843B983688B4205D0491E92
:101FC000521CC0E90012002070474FF0FF307047EC
:101FD000810B43F26D425143490B01EB107101EB50
:101FE000507070472DE9FF5F804600252F46DDF8D1
:101FF00038A02CE001990020044631F817B021E008
:10200000544503D2039931F8141000E000210BFB72
:102010000100B0B13E19002102E028F815106D1C36
:10202000B542FAD938F81610014489460846FFF738
:10203000CFFF6FF41C7100FB01F209EB021128F8CD
:102040001610641C5445DBD30028D9D17F1C02989C
:102050008742CFD3284604B0BDE8F09F2DE9FF4F5B
:1020600087B003AC01230025159EADF8182084E845
:102070000B000A9B0121DBB1B3FA83F0C0F11F070B
:1020800083EA53000DF10C0B80EA900080EA1010F7
:1020900080EA102080EA104000F00100784021EA38
:1020A00000045BF82400028001A840F8241072E0CC
:1020B0000180169808B10021016001200BB0BDE835
:1020C000F08F0DF1040858F8242000925BF82410DA
:1020D000C4F101045BF824000B46FFF783FF48F8C6
:1020E00024000A996D000120B84008420ED00598DE
:1020F00006AB009058F824205BF82410C4F10104CA
:102100005BF82400FFF76EFF48F82400149890B3A2
:1021100058F82400B0423ED9811B1498002827DDCE
:102120004FF0000948464A465BF82430DFF8C0E12A
:1021300016E033F812C01CEB000010D041F6372C2B
:10214000824600FB0CF040F2712C0EEBC000400FF9
:1021500000FB0CF8BAEB081F01D04FF00109521C2C
:102160008A42E6D333F811C04844604423F8110092
:102170005B46002009E00EE053F8242000EB010C40
:1021800032F81CC022F810C0401CB042F4D301A8A1
:102190000D4440F824607F1E93D5169800B1056069
:1021A00001A850F8240089E72DE9F04389468446C8
:1021B00000210A460B461DE04B4502D23CF8134075
:1021C00021444FF00A0800252C46B1FBF8F697078A
:1021D00008FB16163F0FB1FBF8F106FA07F72F437D
:1021E000521CBDB206B11046641C042CEDD32CF871
:1021F00013505B1C4B45DFD30029DDD1BDE8F083D4
:102200002DE9FF4F824689B00526DDF860B035E044
:10221000042E0DDA22464FF40050ADF804000120E0
:10222000009001AB03A906A8FFF7DCFE074600E01B
:10223000002706EB860000EBC602DDE9160100F080
:102240007EF900240DF118080DF10C09C0F30C05FE
:1022500010E0BC4202D238F8140005442846FFF7CB
:10226000B7FE6FF41C71414305EB0111054629F8D7
:102270001410641CBC42ECD3002DEAD1301EA6F130
:102280000106C5DC0025BBF1000128460AF5BD7634
:1022900009DD0B4651460222009001900290304623
:1022A000FFF7DCFE0FE00BDA51460522CBF100030D
:1022B0000090019002903046FFF7D0FE5D4602E0AC
:1022C0000120AAF87A013346224603A9009050461D
:1022D000FFF788FE0B9A01465046C2F800A0FFF7B0
:1022E00063FF0A996D1E086028440DB0E7E6000000
:1022F00000F0FFFF007B00F08000704770B5C468FD
:10230000A50713D0650211D4B2F5807F09D0B2F5CC
:10231000007F06D0B2F5806F08D1012300F12401BF
:1023200006E05D1E6FF07F46B54201D3012070BD0F
:102330000161C361416024F470611143C1600020F8
:1023400070BD00002DE9F0410C461646070047D04D
:10235000104600F06FF82078611C61280AD07228BE
:1023600002D077283CD102E00125002405E00225B7
:10237000042402E0082448F2020511F8010B2B287E
:1023800006D0622809D011F8010C74280AD00BE09D
:1023900045F0030544F00204EFE745F0040544F07E
:1023A0000104EAE744F010043846214625F0E8FD30
:1023B000411C15D00021316171604FF40071F5604E
:1023C000F1617061200704D530460222002100F03F
:1023D000F5FB306D40F0010030653046BDE8F0811E
:1023E0000020FBE72DE9F0410D460646104C206D1C
:1023F000C10704D0410804D020F00104F7E72246C9
:102400000EE05420FEF7A6FB07000ED0206D47F02B
:1024100001010843542120653846FEF70CFB3A467B
:1024200029463046BDE8F0418CE70020D6E70000A1
:10243000E80700202DE9F04704464FF0FF3800265A
:10244000C568D4E90497A80718D0204600F072FCAC
:10245000384625F08BFD002800DA4646280502D5CF
:102460004846FEF7A6FB4C212046FEF7E4FA206D15
:1024700020F0010020653046BDE8F0874046FBE7CC
:102480002DE9F04116460C460546FEF757FB03685A
:1024900093F80101012807D0FF2C12D8185D80B1F4
:1024A00001202C70BDE8F081D3F8070132462146A7
:1024B00003F20713C7182846BC46BDE8F0410023C5
:1024C00060474FF0FF30EDE710B50446AFF30080F2
:1024D0002046BDE81040FDF73DBF002801D025F0A3
:1024E00047BD704710B5002102A000F067FC012035
:1024F00010BD0000534947414252543A2041626E98
:102500006F726D616C207465726D696E6174696F54
:102510006E00000010B500F06BFCBDE81040FFF746
:10252000DCBF10B500F0BAFCBDE81040FFF7D5BF26
:1025300010B500F0CDFCBDE81040FFF7CEBFB2F102
:1025400020030AD5C2F1200320FA02F001FA03F3B6
:1025500040EA030021FA02F1704721FA03F04FF03C
:10256000000170472DE9F04780461D46164688B0A9
:102570000878DDF84090FF2805D0491C2D2804D0AC
:102580000022002408E000240BE00122F9E704EB1C
:102590008403491C00EB43040878FF28F7D102B1FB
:1025A00064423046FEF73CF928442044A0F1020A78
:1025B000307800242D2801D02B2803D1761C2D281B
:1025C0000AD00024002108462AF042FB10F4400FF4
:1025D00004D02CB1400204E00124F3E7002505E01B
:1025E0000002002801DA022500E00125B9F1000F00
:1025F00007A906AA04AB0DD040F2CB37F348CDE9CA
:1026000002212A465146CDE900033046342300F02A
:102610009BFC17E06FF09400CDE900033046CDE954
:1026200002212A465146172300F08EFCDDE9040101
:10263000490741EAD0014007CDE9040106981D3859
:102640004B2706904FF0020A06980026B8421DDD7F
:10265000FEF77CFAC0F800A0142108462AF0F8FA28
:10266000022D06D04FF47370069000204FF48011B5
:1026700009E0B9F1000F069702D04FF0FF3001E0FA
:102680004FF06040D249CDE904012EE0079AD0070F
:102690000FD11025900708D5DDE90401182508435E
:1026A00003D1FEF753FAC0F800A0294608462AF0E5
:1026B000CFFADDE9040150EA010228D0021E71F5CB
:1026C000801212D2B9F1000F0FD150EA01021ED0D0
:1026D000420D42EAC122B2FA82F52A4600F020FCFD
:1026E000CDE904010698401B069040F2324106985D
:1026F000000500EB0152DDE904107118424189190F
:1027000042EBC472C8E9001208B0BDE8F087E107E7
:10271000C8E90061F8E72DE9FF4F1F464FF0000AB6
:102720004FF0FF384546ADF5497DD7E90146CDF874
:1027300004A3FEF7ADFDC0680168405CC790B969AD
:10274000CA986D1C8847396A814688470028F6D1A7
:10275000B9F1FF3F0AD0002E24F4D06413DDB9F1A3
:102760002B0F0AD0B9F12D0F0DD104E040460DF525
:102770004D7DBDE8F08F44F48064B969CA986D1C42
:102780008847761E8146600504A901D52D2000E00A
:102790002B20002E01F1010B0DF544788DF810006F
:1027A0003FDDB9F1690F08D0B9F1490F05D0B9F192
:1027B0006E0F02D0B9F14E0F1CD13B4601A8009517
:1027C00080E85002DDE9CA126FF002002AF03AFBFD
:1027D000C11CCCD10EE0B969CA986D1C88478146EE
:1027E000CB98761E44F400740560C198401C002EFE
:1027F000C19016DDB9F1300FEDD0B9F1780F02D0EC
:10280000B9F1580F0DD1C19801280AD13B46029663
:10281000CDE90054DDE9CA12001F2AF011FBC11CEA
:10282000A5D1C799894544D144F0800406E0CB99ED
:10283000681CAAF1010A44F400740860B9696D1CAF
:10284000CA98761E884730288146F0D031E0C79973
:10285000894505D1200603D4761E44F080041EE08D
:10286000484628F031FB38B3761E0BF101010DF21A
:1028700003329142A9F1300044F4007407D23030A1
:102880000BF8010B20060AD5AAF1010006E0392158
:1028900020060BF8011C02D40AF101008246A005B3
:1028A00002D5CB99681C0860B969CA986D1C884725
:1028B0008146002ECBDC53E0002E51DDB9F1650FCF
:1028C00002D0B9F1450F4BD1A00549D5B9696D1CAE
:1028D000CA98761E24F440748847002E81460CDD89
:1028E0002B2804D0B9F12D0F07D144F48074B969B5
:1028F000CA986D1C8847761E8146E00501D52D21BA
:1029000000E02B2108F8011BCDF8008021E0761EA5
:102910000DF21931884544F400740CD2A9F130004D
:1029200010F0FF0088F8000002D10099884509D90D
:1029300008F1010806E0E00501D5264801E042F271
:102940000F708246B969CA986D1C88478146CB983A
:102950000560002E04DD484628F0B6FA0028D6D1DE
:10296000F969CA988847FF21534688F8001000206B
:102970008BF80000C290C39004F02400009004AAD9
:10298000C4A9C2A8FFF7EEFDA00502D46FF00100B4
:10299000EDE614F0240F0AD0E00714D13868DDE921
:1029A000C212031D3B600068C0E900120BE0C2A91F
:1029B000684628F0CBF9E00705D13868009A011D78
:1029C0003960006802602846D1E60000CEFBFFFFB8
:1029D000FFFF1F00F1D8FFFF2DE9F05F0546174606
:1029E0000C46C86820F4201040F48000C8608006BF
:1029F00002D5084600F0C1F9E06841F282014FF0CB
:102A0000FF3A0140022903D0204600F053F9B9E013
:102A100000F42041B1F5004F0FD1C00306D5616825
:102A2000E06A884200D80846606006E02069E062FB
:102A30006060606925F09EFAA061A0680022EEB295
:102A400000280DDAE1688B050AD4C043A06041F488
:102A500090302260E0606068411C61600670AAE00E
:102A6000E0689146226040F40050E060206978BB45
:102A7000606925F083FA04F124054FF00108A8B13C
:102A8000A08910F4407F08D0E069FEF763F8206168
:102A900018B1E06840F4006017E0C4F81C802561BC
:102AA000E06820F4407040F480600EE0E069FEF7DA
:102AB00051F800282061F0D0E06840F4006010F484
:102AC000407FE06002D140F48070E0602069606087
:102AD000E06825696FF0010BC1051ED56168E06AE9
:102AE000884200D80846411B04D02246284600F000
:102AF000EBF8E8BB1FB1E562C4E9015959E0681C75
:102B0000E0626060E069401EA060E06840F48030F0
:102B1000E06030462E70BDE8F09F17B100F48032BF
:102B20000AE06068411C61600670E0680A2E40F4AB
:102B30008030E06006D00022E16A6068814203D9FB
:102B40000B4602E00122F7E70346B4F80CC05B1B1A
:102B50005FEA4C5C04D4D4F81CC09C4500DD02B391
:102B6000814200D80146002BA1EB0008E56200E09D
:102B700008E0C4E9015907DD22461946284600F05D
:102B8000A3F808B15046C6E7B8F1000F09D0A16913
:102B9000E5626560A1EB0800A061E06840F010000C
:102BA000E06047B16168A069E562491B084465605F
:102BB000A0615846AFE73046ADE700002DE9F0418F
:102BC000044616460D464769007B80072ED03846DE
:102BD00025F0D4F950BB3EB3012E02D0022E25D1F0
:102BE00004E0204600F0A2FB05441DE0384625F035
:102BF000C1F9E168002841F01001E16005DA2046E2
:102C000000F058F80120BDE8F081C9030BD56268D7
:102C1000E16A914200D81146A26911442269891AD9
:102C2000814200DD08460544002D01DA0220EAE772
:102C3000E16A6068E268814206D29103E06203D5EE
:102C400022F4003141F01002A6690027AE4213DCE5
:102C5000E16A814201D90B4600E0034603EB060C12
:102C60002369ACEB030CAC4506DD814201D98C46EF
:102C700000E084469C4505D1A760276042F0200013
:102C8000A5620DE0AD1BE669AE1B8142A66000D9CE
:102C90000846C01A281A20605819606022F02000E7
:102CA00003490840E060002084F84870ABE700006A
:102CB000BFCFD7FFC16821F4001141F08001C1608E
:102CC00000218160016070472DE9F74F15460C46E1
:102CD0004FF0FF3B3848D768D2F814A0074209D01C
:102CE0005046A96925F04EF9002819DB3248C04347
:102CF0000740EF604FF000496FF000484C4501D3AA
:102D0000464600E0264600993B465046324625F0AE
:102D10003DF9A96920F00042B21A1144A96128B115
:102D20002846FFF7C7FF5846BDE8FE8FA41BE5D134
:102D30000020F9E770B504460569C06A61688842F9
:102D400000D80846E16821F42011E160C90312D5DA
:102D5000A84208D02246411B2846FFF7B5FF10B114
:102D60004FF0FF3070BD0020E562C4E90150E0681B
:102D700020F48030E060002070BD10B50446C068CB
:102D800020F02000E060A16AA06988420DD02046B2
:102D9000FFF7D0FFE06820F4405040F01000E06002
:102DA000A06AA0612069E062606044F24001E068CE
:102DB0008843E06010BD00001000020070B50546B9
:102DC0000C460A2000E06D1C25F0E2F835B12878A9
:102DD0000028F8D102E0641C25F0DAF814B120785C
:102DE0000028F8D1BDE870400A2025F0D1B80000D5
:102DF00010B5022803D0410103D50DA112E0002037
:102E000010BD010101D50FA10CE0C10001D511A138
:102E100008E0810001D512A104E0400001D513A112
:102E200000E0002115A0FFF7C9FF012010BD000040
:102E3000496E76616C6964204F7065726174696F68
:102E40006E000000446976696465204279205A6505
:102E5000726F00004F766572666C6F77000000003D
:102E6000556E646572666C6F77000000496E657818
:102E700061637420526573756C7400005349474652
:102E800050453A2041726974686D657469632065C4
:102E90007863657074696F6E3A20000010B5014662
:102EA00002A0FFF78BFF012010BD000053494752DD
:102EB000545245443A2052656469726563743A20FD
:102EC00063616E2774206F70656E3A200000000009
:102ED00010B5012805D0002103A0FFF76FFF0120E6
:102EE00010BD09A1F8E7000053494752544D454D24
:102EF0003A204F7574206F662068656170206D659B
:102F00006D6F7279000000003A2048656170206D95
:102F1000656D6F727920636F72727570746564008D
:102F2000B2F120030AD5C2F1200301FA02F120FA1E
:102F300003F341EA030100FA02F0704700FA03F1DB
:102F40004FF00000704700002DE9FF4F8346ADF5BC
:102F50004B7D04E0CC980BF1010B401ECC909BF80C
:102F600000003028F6D09BF80000012358B1CC981F
:102F700000F5A270B0F51E7F30D9CC98002810DD86
:102F80004FF480300EE0D9984FF00001C0E90011F5
:102F90000846DA990860DB9803600DF54F7DBDE8BF
:102FA000F08FD898DA99086007DD4FF001004FF0F4
:102FB0000001CE9AFFF7B4FF04E0CD98012800D0BD
:102FC0000020C117D99AC2E90001CC98002801DD80
:102FD000002000E00220DB990860DEE705200522E2
:102FE000C4AD1D9058461AE0002125F81210037850
:102FF0000BB1401C303B35F812608C0701D5012421
:1030000000E064245C43CB0701D0012300E00A23E5
:10301000491C04FB0363042925F81230E7D3521E30
:10302000E2D200E0401C01783029FBD011F0FF0013
:1030300000D00120BA4ACC9911909BF8000051436E
:10304000B84A7A44303802EB800050F8040C084447
:10305000B54900F1004001EB1040CE99451AD898CF
:10306000854200DA0546CC988A1C0021C0F1130085
:103070001C900120FFF754FFCDE9C710A81E0028BF
:1030800002DA4FF0020101E04FF00501199102DA76
:103090004FF0FF3101E04FF001014FF000044FF01D
:1030A000FF3901FB00F11B9114B14FF0010000E06A
:1030B00048464FF006021AA9CDE9000202911B9B77
:1030C000199A12A90AA8FEF7C9FF02462CB1BDF849
:1030D000101311980844ADF810031D98C4AB0AA949
:1030E000009003A8FEF77EFF01462CB1BDF8102327
:1030F0001198101AADF8100319981C9A052801D1DF
:103100001B9802441A98404202EB800603A8FFF77E
:103110004BF8761E401EB246504501DD014600E0E8
:1031200031460022134620E081420EDC49450CDD89
:10313000CE1701EB9676B71003AE36F817608F07FF
:103140003F0FFE4006F00F0600E000264FF0000C97
:10315000B6460A26491EA2FB067803FB068302FB3D
:103160000C3317EB0E0243EBEE735145DCDC1A9F78
:10317000119E3E4301D0012700E00027BFB11BE0B4
:10318000814210DC49450EDDCE174FEA817801EB14
:1031900096764FEA1878B6103CF8166026FA08F6CC
:1031A00006F00F0600E00026491E16B104E00DF1FE
:1031B0000C0C4945E4DC0FB142F00102C0A800EB61
:1031C000C400C0E900230CB9D0070FD0641C022C46
:1031D000FFF46AAFDDE9C702DDE9C0319A1A814127
:1031E00009D2D898854225D06D1E47E7DDE9C00198
:1031F000CDE9C201EEE7CE9A01200021D21CFFF7F3
:103200008FFE421CDDE9C20341F10001121A99410F
:1032100010D2CE9A01200021121D6D1CFFF780FEF6
:10322000DDE9C223401C41F10001801A9941DCD242
:103230006D1C23E7C0ACC39A94E80B005140584082
:1032400008433AD04FF0FF38DDE9C001401C20F0C0
:10325000010641F10004A81E0096CDE90140CAAA6A
:10326000C9A903A8FEF7CCFFCC99814208D002DDA2
:103270004FF0010000E04046861944EBE0741AE08C
:10328000584615E0C999401C61B1491ECA9F8B0878
:10329000C99137F813308907090FCB4003F00F01AC
:1032A000303100E030218A4202D08A42E3D9DFE7A0
:1032B0000278002AE6D1CDE9C064DDE9C043D89E9A
:1032C000A00800229908B54240EA837005D1DDE9E3
:1032D000C767E41BB34100D20222C09B13F0030373
:1032E00004D0CD9C2CB1012C0ED010E042F0010294
:1032F0000DE0022B02D0032B06D008E000F0010401
:10330000201841F1000102E0401C41F10001D99B6D
:10331000C3E90001DA980560DB9802603DE6000031
:10332000695203000A9F02000080FFFF10B50146AA
:10333000C268900703D0900607D5886A0AE0FDF7B7
:1033400005FC01210160881E10BD8B694868184486
:103350000B69C01A91F848301BB191F84910401A16
:1033600010BD1103FCD50028FADD401E10BD000081
:103370002DE9FF4F1F464FF03C0987B04FF0004248
:10338000DDE9141001F10108DDF858A002EA40500F
:103390000390002005908346054604460490B969D1
:1033A000461E08988847AAF1010A0290BAF1000F58
:1033B0003BDD02982E2815D01021FEF7D9F9002800
:1033C0002EDB4FF0010B0599014317D0B9F1000F27
:1033D0000BDB4A46C117FFF7A3FD05430C43A9F1D8
:1033E000040905E0012004900BE008B145F0010557
:1033F00001200590049820B9361D02E0049800B120
:10340000361FB969089808F101088847BBF1000F19
:10341000AAF1010A0290C9D00999C1F80080C5E754
:103420000298702808D0502806D0F9690898884773
:10343000BBF1000F14D04FE0002002900120BBF13F
:10344000000F049009D0B969089808F1010888476D
:10345000AAF10109B9F1000F07DCF969089888475A
:103460006FF001000BB0BDE8F08F2B2804D02D28A1
:103470000CD14FF0FF300490B969089808F10108A9
:103480008847A9F10109B9F1000FE6DD411CE4D03C
:103490000A21FEF76DF90028DFDB029908F1010827
:1034A00001EB810100EB41000290B969089888475F
:1034B0000A21FEF75DF9099AA9F10109B9F1000F96
:1034C000C2F8008001DD0028E7DAF969089888472A
:1034D0000499029800FB016655EA040004D004F048
:1034E0004041090002D006E0039898E0A40044EAB5
:1034F0009574AD00B61E04F00041080002D16D19AC
:103500006441761E159810F0240F03D04FF00B097C
:103510005C4803E04FF028096FF07D008246564575
:1035200007DAAAEB06018944B9F1410F01DD4FF03A
:10353000410901200021A9F10102FFF7F1FC024637
:1035400028400B462140084301D0012100E0002122
:10355000501E029143F1FF3128402140084301D021
:10356000012000E000200299834651EA0B014FD070
:103570000021084629F06CFB039900F4400039B1A2
:1035800000EB80004FF4400100EBD07001EA6000D6
:103590008015012802DD4FF0FF3000E013D0401C01
:1035A00036D0029860B3BBF1000F0CD14A4601201F
:1035B0000021FFF7B5FC28402140084301D001203D
:1035C00000E00020E0B101204A460021FFF7A8FCFE
:1035D000034640190A4661412D1A8C4111D3B9F1B5
:1035E000400F09DD159810F0240F02D0AAF134061F
:1035F00003E0AAF1170600E0761C00254FF0004416
:1036000006E05B1E42F1FF3220EA030521EA0204D4
:10361000CAF10100B04206DA1B4903980843019041
:10362000002000900EE0039AC4F3D321E80A0A4375
:10363000164940EA44500A433146CDE90002684643
:1036400027F038FC159810F0240F0BD01598C00700
:1036500015D13868DDE90012031D3B600068C0E940
:1036600000120CE002A8694627F070FB1598C0070D
:1036700005D13868029A011D396000680260404631
:10368000F0E6000002FCFFFF0000F07F0000F03FCA
:103690002DE9FF4F92461D4685B04FF00041DDE910
:1036A000124BDDE914727F1E01EA4B50414940F094
:1036B000FF4940EA0108002122F020004928049136
:1036C00002D04E2828D04CE03BA0012607C88DE848
:1036D0000700A9690698641C88477F1E014606D426
:1036E0001DF8060018B121F0200181420BD0E969D4
:1036F00006988847032E34D0082E32D06FF0010090
:1037000009B0BDE8F08F761C032E01D0082EE0D161
:10371000601CCAF80000DCE7A9690698641C8847A9
:103720007F1E2AD420F02000412826D1A9690698BE
:10373000641C88477F1E20D420F020004E281CD116
:10374000A9690698641C88477F1E48F4002849F43C
:103750008009CAF8004001D4282806D0E9690698F3
:1037600088475FEACB7012D022E0A9690698641CF2
:1037700088477F1E01D4002803DAE9690698884744
:10378000BCE72928F1D1641CCAF80040E9E71BF026
:10379000240F07D028680499031D2B600068C0E936
:1037A000001805E02868021D2A600068C0F8009033
:1037B0002046A5E70000F07F494E46494E4954593E
:1037C00000000000FEE700004CF23820C2F20000CA
:1037D00000F008BA4CF26020C2F2000000F002BA19
:1037E000002070470020704710B54BF6CC64C2F241
:1037F000000441F6CC31C2F200012046002208F05C
:1038000057FD41F2CC31C2F20001204608F042FDE2
:10381000002010BD10B54BF6CC64C2F20004014686
:10382000204608F037FD204608F00EFD002010BDB0
:10383000002070474CF2A830C2F2000000F07ABCC1
:103840004CF24830C2F2000000F074BC4BF6C410D9
:10385000C2F2000021F0F4BB4CF20840C2F20000BA
:1038600000F068BC80B506F0BFFF18B1BDE880402D
:10387000FFF7ECBF4CF2E820C2F20000BDE8804048
:1038800000F058BC70470000012000F0DDBE0000D1
:10389000082000F0D9BE0000102000F0D5BE0000C6
:1038A000202000F0D1BE00004DF2B420C0F602008E
:1038B000002106F00FBF000070B581B00022009219
:1038C00090F83C20012A02D1022001B070BDD1F84D
:1038D00000E001221FFA8EFC4FEA4C0380F83C20E6
:1038E0000EEB4E0213FA8EF31024BEF1090F88BFBF
:1038F000A3F11E0288BF0C24036807251E599540BA
:1039000026EA05051D518D681E5905FA02F232435B
:103910001A514968062906D801EB81014A1F194648
:1039200051F8345F0EE00C2901EB810105D8A1F1BB
:103930002302194651F8305F04E0A1F14102194613
:1039400051F82C5F1F24944025EA04040C600CFA03
:1039500002F20C6842F2043CC4F2010C2243ACF5C2
:103960004174A3420A603AD1BEF1120F06D1DCF8CD
:10397000001041F48001CCF8001030E02EF001017D
:1039800010292CD1DCF80010BEF1100F41F4000119
:10399000CCF8001023D140F24811C2F200010968AE
:1039A0004DF68362C4F21B32A1FB0212910C01EBB3
:1039B000810149000091009989B100990139009174
:1039C000009961B1009901390091009939B10099CC
:1039D00001390091009911B100990139EAE70021FC
:1039E00080F83C10002001B070BD0000002804BF2A
:1039F0000120704710B5016C39B9044600F0A0F8F9
:103A000020460021616484F83C10016CC9063AD458
:103A1000016C41F202129143023142F2043201641C
:103A2000C4F20102116821F440311160136890E87A
:103A300012102343D0F810E013604A68012422F4E6
:103A400080724A604A68C0F6007442EA0E224A60F8
:103A50004A6822F040724A604A6842EA0C024A60B0
:103A60008A6822F400628A60C2688B681A438A609E
:103A7000826A8B68A24223F070638B608B6804D1EA
:103A800023F040520AE0012152E01A438A608A681A
:103A900022F040528A60C26A8B681A438A608A6840
:103AA00022F002028A608A68037E90F8204042EA8F
:103AB00043028A604A6884B142F400624A604A68FC
:103AC0004EF2000322F460424A60426ACFF6FF736E
:103AD0004C6803EB4232224301E022F400624A6068
:103AE000CA6A40F2000C22F47002CA62C3694269D9
:103AF000CFF6F07CCC6A0CEB03532343CB628B688C
:103B000023F400738B6090F830308C6844EA4323D0
:103B10008B608B6823F480638B608B6843EA82221E
:103B20008A6000214164026C012363F30102026494
:103B3000002280F83C20BDE8104008467047000095
:103B400080B586B0006842F20022C4F20102002172
:103B50009042CDE90411CDE90211019116D042F253
:103B60000001C4F20101884238D10020009043F6E0
:103B70004400C4F20200016841F4807101600068F1
:103B800000F480700090009806B080BD43F64400B9
:103B90000091C4F20200026842F48062026002688E
:103BA00002F480620092009A009150F8142C42F0C6
:103BB000200240F8142C50F8140C00F02000009063
:103BC00000984FF4806001900320CDE9020141F29A
:103BD0000040C4F2020001A900F042FD06B080BD21
:103BE000704700002DE9F04F81B004460068466937
:103BF000D0F804908768D0F80CB0D0F810A0D0F8B6
:103C00001880F10703D1002530071CD423E0F90701
:103C100010D00121BA07816009D4780700F1AA8089
:103C2000380700F1B080204600F01EFA02E020467E
:103C300000F01CFA0025F80500F18480F80300F17B
:103C4000AA80300707D51BF0100004D0206845F487
:103C500000751021C160700708D51BF0080005D061
:103C600020680821C160204600F0F4F9B00706D5AD
:103C70002068C068800702D0204600F0EDF9700689
:103C800007D51AF0100004D0206845F48065102193
:103C90000161B00608D51AF0080005D02068082197
:103CA0000161204600F0DAF9F00606D520680069C7
:103CB000800702D0204600F0D3F9B00308D519F0F0
:103CC000100005D0206810214160204600F0CAF99C
:103CD000F00308D519F0080005D0206808214160DC
:103CE000204600F0CDF9300440F18F805FEA497042
:103CF00040F1888006F4807008EA102028435FEACB
:103D00008871014648BF41F00201B20558BF014623
:103D10005FEA48700D4648BF45F00405700558BF7E
:103D20000D4630056ED518F070006BD010380009C4
:103D3000052862D8DFE800F0035C5659535F45F070
:103D400008055AE020684FF48071BA0581600AD4F2
:103D5000780512D4380519D4204600F089F9F80303
:103D60007FF56FAF17E0204600F084F9F8037FF588
:103D700068AF10E04FF400655DE705F50055F80306
:103D80007FF55FAF07E04FF4805554E705F58045B8
:103D9000F8037FF556AF20684FF48031BA03816095
:103DA0000AD478030FD4380313D4204600F064F902
:103DB00030073FF548AF4EE7204600F05FF9300787
:103DC0003FF541AF47E705F5004530073FF53BAF0D
:103DD00041E705F5803530073FF535AF3BE745F066
:103DE00080050AE045F0200507E045F0400504E0C5
:103DF00045F0100501E045F480752068816921F0E7
:103E0000700181612068042141604DB1606A40EA1F
:103E100005012046616201B0BDE8F04FFFF7E0BE4A
:103E200001B0BDE8F08F0000002804BF01207047FA
:103E3000B0B5044690F8200010B9204600F06EF8A6
:103E40002068016841F00101016000F0DFFC0546D7
:103E500020684168C90705D100F0D8FC401B0B2839
:103E6000F6D310E0016821F00201016000F0CEFC01
:103E7000054600BF2068416889070DD500F0C6FCE3
:103E8000401B0B28F6D3606A052140F400306062C5
:103E9000012084F82010B0BD217E0268012922F0A3
:103EA000800208BF80320260617E0268012922F030
:103EB000400208BF40320260A17E0268012922F060
:103EC000200208BF20320260E17E0268012922F050
:103ED000100218BF10320260217F0268012922F00F
:103EE000080208BF08320260617F0268012922F0DF
:103EF000040208BF04320260D4E901C2D4E90335E8
:103F000061691A432A431143ACF101021143C161B3
:103F100000200121606284F82010B0BD10B586B089
:103F2000006846F60002C4F2000200219042CDE98A
:103F30000411CDE90211019141D046F20041C4F2D1
:103F40000001884240F0838040F6DC11C2F200019B
:103F50000A6843F64000C4F20200531C0B6052B9D9
:103F600000210091016841F000710160016801F0D9
:103F70000071009100990021009150F8102C42F03E
:103F8000080240F8102C50F8100C022200F0080033
:103F9000009000980320019004900920059040F2C1
:103FA0000040C4F20200CDE9022100F5006001A941
:103FB00000F056FB142000210022142442E043F6B6
:103FC0004000C4F202000091016841F0806101608C
:103FD000016801F080610091009940F6DC11C2F2A5
:103FE00000010A68531C0B6052B90021009101685E
:103FF00041F000710160016801F0007100910099C9
:104000000021009150F8102C42F0020240F8102CD0
:1040100050F8100C00F00200009000986020019011
:104020000220CDE90201032004900920059040F20E
:104030000040C4F2020001A900F012FB402001215F
:104040000022402401F0A0FF204601F08BFF06B0C3
:1040500010BD00007047000070470000704700006E
:104060007047000070470000704700007047000074
:104070007047000070470000704700007047000064
:104080007047000070B5866D044600F0BFFB94F8E1
:104090003510022925D105462068216C026822F0DE
:1040A00016020260426922F08002426109B9A16CE5
:1040B00019B1016821F008010160016821F00101D6
:1040C000016000BF20680068C0070ED000F09EFBB2
:1040D000401B0628F6D320206065032084F83500B5
:1040E0000CE080206065012008E0E06D3F2101FACE
:1040F00000F0B060012084F835000020002184F831
:10410000341070BD90F83510022909D1052180F8CE
:1041100035100068016821F001010160002070473E
:104120008021416501207047406D704790F835004F
:1041300070470000F0B581B00021009140F24811B5
:10414000C2F200010B68D0E9166148F2B515376874
:104150000822C1F64E358A403A42A3FB05350CD001
:1041600003681C68640708D51C6824F004041C60FC
:10417000B260426D42F00102426501228A403A4239
:1041800008D003685B691B0604D5B260426D42F03B
:104190000202426504228A403A4208D003681B6842
:1041A0009B0704D5B260426D42F0040242651022C2
:1041B0008A403A4216D001680B681B0712D5B260DC
:1041C0000B680A685B0306D4D20506D40A6822F09D
:1041D00008020A6001E0110340D4016C11B10446E9
:1041E00088472046C26D202101FA02F33B4242D0AB
:1041F00001680F68FF063ED5B36090F835700B6814
:10420000052F1BD123F016030B604B6923F08003AD
:104210004B61036C0BB9836C1BB10B6823F0080373
:104220000B603F219140B160012180F83510016D94
:104230000022002980F8342053D156E00A685B033D
:1042400010D4D20512D40A6822F010020A600121AB
:1042500080F83510002180F8341007E0816C0029C7
:10426000BDD1BFE7110301D4416C00E0C16B11B1B6
:10427000044688472046416DB9B3416DC9072ED029
:10428000052180F835100168AA0A0B6823F00103A4
:104290000B60009B0133934200931AD80B68DB0735
:1042A00017D0009B01339342009312D80B68DB07B1
:1042B0000FD0009B0133934200930AD80B68DB07B1
:1042C00007D0009B01339342009302D80B68DB07B1
:1042D000DFD1012180F83510002180F83410C16C45
:1042E00019B101B0BDE8F040084701B0F0BD0000D1
:1042F0002DE9F041044600F089FAC4B105460220D8
:1043000084F835000020216884F83400086820F023
:104310000100086021680868C0070BD000F076FA39
:10432000401B0528F6D903252023032064E0012043
:10433000BDE8F081086848F23F02CFF21002D4E9EC
:10434000013500EA020C04F10C0898E8C10143EAC7
:104350000C032B431843D4E9072E30433843104352
:10436000626A40EA0E00042A40EA08031CD1206B6E
:10437000D4E90A2E40EA0E00184308604869BEF1ED
:10438000000F20F0030040EA020040F0040C11D0BE
:10439000B8F5005F35D0B8F1000F42D1022A43D002
:1043A000012A38D032B93FE00B60486920F007009D
:1043B00040EA020C01F0F8004AF6AB221038CAF6C7
:1043C000AA22A0FB02231A094DF2AC23C1F814C0A3
:1043D000C0F602039A5C40F2FF335F284FF03F00C3
:1043E00021EA030100FA02F088BF0431C4E9161281
:1043F0008860002301250020636584F83550BDE8FE
:10440000F081032AD6D8012540230120DFE802F0FD
:10441000020C0203F0E7AEF1C070B0FA80F0400980
:1044200004E0032A04D3C5D1CEF300600028C1D034
:10443000012540230120DFE7B0B5EFF305810446F5
:1044400099B925F08FFA02280FD14FF47A7044F60B
:10445000D3516043C1F26201A0FB0101012000EBD6
:104460009110BDE8B04024F039BAEFF30580002880
:1044700000F0A1804CF6A050C2F2000000780028A5
:1044800000F09980002C00F0A2802420C4F20000EB
:1044900014F0030221462FD00368611E0568ED1A4F
:1044A000ED087C2D0ED80568ED1AED087C2D09D895
:1044B0000568ED1AED087C2D04D80568ED1AB5F5F0
:1044C0007A7FEBD3012A17D00368A11E0568ED1A85
:1044D000ED087C2D0ED80568ED1AED087C2D09D865
:1044E0000568ED1AED087C2D04D80568ED1AB5F5C0
:1044F0007A7FEBD3022A6BD1042C38BFB0BD00BF4A
:10450000026800BF03689B1ADB087C2B0ED8036887
:104510009B1ADB087C2B09D803689B1ADB087C2BD1
:1045200004D803689B1AB3F57A7FEBD3026800BF07
:1045300003689B1ADB087C2B0ED803689B1ADB08E8
:104540007C2B09D803689B1ADB087C2B04D80368F2
:104550009B1AB3F57A7FEBD3026800BF03689B1AFE
:10456000DB087C2B0ED803689B1ADB087C2B09D850
:1045700003689B1ADB087C2B04D803689B1AB3F5ED
:104580007A7FEBD30268043903689B1ADB087C2B23
:104590000ED803689B1ADB087C2B09D803689B1A8A
:1045A000DB087C2B04D803689B1AB3F57A7FEBD326
:1045B0000029A5D10BE000F029F90546013428BFF8
:1045C0004FF0FF3400F022F9401BA042FAD3B0BDF7
:1045D0000268E11E03689B1ADB087C2B3FF68CAF58
:1045E00003689B1ADB087C2B3FF686AF03689B1A97
:1045F000DB087C2B3FF680AF03689B1AB3F57A7F0C
:10460000E8D379E710B54AF2C801C2F2000109689F
:1046100079B1044606F086FB082C01460FD0202C09
:1046200008D0102C18BF10BD0120BDE8104017F0B5
:104630003FBC10BD0020BDE8104017F039BC02207F
:10464000BDE8104017F034BC43F61441C4F2010138
:104650000A68024214BF08607047FFF7D3BF00002A
:104660002DE9F04F83B000F1200200F13E4741F602
:104670000045009207F1FF77C4F2020508224FEAD5
:10468000B726A84208BF072200254FF000084FF0C8
:104690000009072E38BF4FEAB72201920AE000BF97
:1046A00009F1010908F10208B9F1100F05F104053B
:1046B00000F0A2800F68012202FA09FE17EA0E0A32
:1046C000EED0D1F804C003220CF003077E1E02FADC
:1046D00008F4012E6FEA040B12D88468CE6804EA4D
:1046E0000B0406FA08F634438460446824EA0E0694
:1046F000CCF3001404FA09F42643466004E000BF3A
:10470000032F01D103271EE0C6688C6806EA0B065A
:1047100004FA08F42643022FC66014D16FF0030296
:10472000009E02EA590756F807C005F01C040F2244
:104730000B69A2402CEA0202A3401A43F251D1F8BD
:1047400004C00CF00307026807FA08F302EA0B0240
:104750001A431CF4403F0260A2D0002243F64403F7
:104760000292C4F202031A6843F6004442F4804203
:104770001A601A68C4F2010402F480420292029A9A
:1047800029F003024FF6084C2244CFF6FF7C52F882
:104790000C3005F00C070F26BE40B343019E06FA0D
:1047A00007F73B4342F80C30A2684B6842EA0A071D
:1047B00043F60C4CDE0258BF22EA0A07A760C4F297
:1047C000010CDCF800209E0242EA0A0758BF22EAE8
:1047D0000A07CCF8007062689E0342EA0A0758BFD5
:1047E00022EA0A0767602268DB0342EA0A0758BF29
:1047F00022EA0A07276053E703B0BDE8F08F000004
:10480000002A08BF09048161704700004CF6386037
:10481000C2F2000000687047704700007047000057
:10482000F0B581B00446006800254769426894F8F5
:104830003E1002F48076FA0505D5002E1EBF6FF4F7
:10484000807242610125BA0505D5002E1EBF0235D2
:104850006FF4007242617A0516D5AEB1628D94F89C
:104860003D30D4F830C0202908BF002A22D06FF490
:104870008062402905F10405426101D0102903D16D
:10488000016841F400710160380506D52EB1206839
:1048900008356FF40061416100E04DB1206C40EAE1
:1048A00005012046216401B0BDE8F04004F0C0BF1E
:1048B00001B0F0BD03F0F701212909D0282B08BF72
:1048C000BCF1210F04D06FF4806141610435DBE756
:1048D00094F83D10E26AB2F1080318BF0123203AB0
:1048E00018BF0122134208BF28291CD0212934D126
:1048F0000021CFF6FF71E16221212163202184F89C
:104900003D10002184F83E10416821F4E0614160CF
:104910006FF480614161016821F48061016020468B
:1049200001F050FAB0E70021CFF6FF71E162416873
:1049300021F4E06141606FF480614161016821F41C
:104940008061016000202021206384F83D1084F8FC
:104950003E00204600F094FB96E76FF480614161D1
:1049600092E70000F0B581B007687968C26A90F8F4
:104970003E5090F83DE0402D01D0102D33D1BB6961
:104980007C69E60717D1B2F12A4F00F04C82B2F5EC
:104990002A0F00F04882220701F4007240F10081E2
:1049A000002A00F0FD80416B426C0029D2B23A61CE
:1049B00040F0AC80ACE08A0542D44FF0010C7A683C
:1049C0005B076DD4120500F12E8204F04402402AE8
:1049D00040F04B8111F4806100F0478101B0BDE8E7
:1049E000F04005F04BB8026C01F40073002A0CBFD4
:1049F000BC6900247D69AA0728D53BB3016C002956
:104A000018BFBC6990F83D1001F02801282940F03A
:104A1000BC807968012221F48061796004F004018E
:104A200082EA910122064FF0180258BF0C22825AE6
:104A3000002380F83C3001B0BDE8F040FFF7EEBE47
:104A4000C16AB1F52A0F3CD101213FE0EA066DD5DC
:104A5000002B6BD090F83D50796821F4E0617960CB
:104A60000021009179690091396841F001013960B4
:104A70000099396821F4806139607968090540F14D
:104A80006C8105F0F7010446222940F03C8154F87E
:104A9000381F0A68526824F80E2C34F80E2C3AE1BC
:104AA000120500F1C08104F08402802A40F0EC80FD
:104AB00011F4806100F0E88001B0BDE8F04005F03D
:104AC000B3B8C16AB1F12A4F01D10821C16290F88F
:104AD0003E1040290AD1016D406C002900F0FE0013
:104AE00018BF40F00100386101B0F0BD0169B1F5B7
:104AF000804F40F0858090F83D10426C212902F0F3
:104B0000FE0218BF01323A61416B09B1C96B39B974
:104B1000806B002800F08781C06B002800F0838143
:104B2000786840F40060786001B0F0BD0EF0F702E4
:104B3000212A73D105F08402802A40F0B88011F454
:104B4000806100F0B48090F83D10428D002A00F0A2
:104B50006A81426A12F8013B3B614262428D013A2E
:104B60004285428D002A08BF292940F05C8179687E
:104B700021F48061796021210163282180F83D10B2
:104B800001B0BDE8F04001F01DB9002100917A6943
:104B90000092BA690092009A80F83C1001B0F0BD12
:104BA0004FF0010CA6078CEA522C7FF508AF002AC3
:104BB0003FF405AF90F83E20C16A036B90F83D606A
:104BC000222E40F09780066D002E08BF402A00F08C
:104BD0009180026D002A40F028810269B2F5404FB1
:104BE00040F023810021009179690091B969009119
:104BF0000099396841F480713960016D013186E1B5
:104C0000016D002900F0F180016D012940F00B8158
:104C1000406C062101EAD010F13064E705F044024F
:104C2000402A53D111F4806150D090F83D10428D4C
:104C3000002A00F0F8803A69436A1A70426A013229
:104C40004262428D013A4285428D002A08BF2A29DC
:104C500040F0E98001684A6822F480624A602221BB
:104C60000163282180F83D10D1E004F00401012205
:104C700082EA910141EA0C01C90740F0D48001B0F9
:104C8000BDE8F04004F08ABE04F00401012282EA8B
:104C9000910141EA0C01C90740F0C580BEF1210F26
:104CA00040F0BA8001B0BDE8F04004F07DBF690774
:104CB00040F1B980002B00F0B680418D002900F052
:104CC000B280416A11F8012B3A610EE0690740F1A8
:104CD000AA80002B00F0A780418D002900F0A3805E
:104CE0003969426A1170416A01314162418D01396D
:104CF000418598E00020009078690090B8690090A4
:104D0000009801B0F0BD54F8341F0A68526824F8C6
:104D10000A2C34F80A2C1AB1026C42F00402026424
:104D20007A68064622F4006208467A60FFF7FEF9C8
:104D300001463046012910D0206849F21D71C0F6A5
:104D400000010165FFF7DEF90146304629B121680F
:104D500004460A6D084690472046418DF9B1016826
:104D60004A69520709D50969426A1170426A0168A5
:104D700001324262428D013A42854A69520608D5A3
:104D80000969426A1170416A01314162418D0139FC
:104D90004185418D19B1016C41F004010164016C40
:104DA00021B101B0BDE8F04004F042BD2A2D08D188
:104DB00000210163282180F83D10044601F000F82D
:104DC000204690F83D10282915D10021CFF6FF711B
:104DD000C16200212022016380F83D2080F83E104E
:104DE00001B0BDE8F04000F04BB9406C062101EA8B
:104DF000D010F03077E6016B222918BF222D12D196
:104E000000212022016380F83D2080F83E1001B08F
:104E1000BDE8F04000F0D4BF402D04D101B0BDE8A2
:104E2000F04004F059BF01B0F0BD428D52B1428D47
:104E3000012A13D1202918BF082922D1396821F469
:104E4000806139600021009179690091B969009110
:104E50000099396841F40071396057E0428D022AA7
:104E60000BD110292FD8012214238A40C0F201034C
:104E70001A4228D04FF480622BE03A6842F48062F4
:104E800029E011F5803F0BD1396821F48061396048
:104E900079680905D6D5396821F4806139602EE03A
:104EA000122B01D10129C9D11029F4D8012202FA0B
:104EB00001F11422C0F201021142ECD0396841F430
:104EC000806139601BE03A6822F480623A604FF4F6
:104ED00000623B681A433A607A6812050FD54A1E91
:104EE0001F2A17D8012303FA02F248F28103C8F2FD
:104EF00000031A420ED0796841F480517960002194
:104F0000009179690091B9690091009900210165CA
:104F100001B0F0BD11F5803FEDD0F0E77047000023
:104F2000002804BF01207047F0B581B0044690F816
:104F30003D0028B9002084F83C00204600F0A2FE85
:104F4000242084F83D002068016821F001010160FF
:104F5000016841F400410160016821F400410160F1
:104F600002F0B2F8636848F2A16CC0F2010C40F69E
:104F70000011C0F23D0163453CBF48F28041C0F2E0
:104F80001E01884202D2012001B0F0BD4DF68361BE
:104F9000C4F21B31A0FB01122168970CD1F804E088
:104FA0004FF496762EF03F0545EA92454D607743E3
:104FB00048F638160D6AC0F24106A7FB067625F0C2
:104FC0003F07634538BF960C721C3A430A62CA69B0
:104FD00048F2A0664CF6FF77C0F20106B34222EA1F
:104FE00007020AD801385B00B0FBF3F001306FF321
:104FF0001F30042898BF042019E0A768013857B172
:1050000019277B43B0FBF3F001306FF31F3068B119
:1050100000F5804007E003EB4303B0FBF3F0013001
:105020006FF31F3010B100F5004000E00120104385
:10503000C8610868D4E9072320F0C0001043184372
:105040000860886848F2FF3204F10C0790438CCF67
:1050500018431043A6698860C86820F0FF003843F1
:105060003043C860086840F001000860002020213B
:10507000206484F83D10206384F83E0001B0F0BD48
:105080007047000070470000704700002DE9F043B2
:1050900081B01F46164688460446FFF7B7FB94F8D2
:1050A0003D1020291DD1DDF820900546206881693A
:1050B000890712D5FFF7AAFB401B1A28F6D3002058
:1050C0002021206384F83D1084F83E00216C41F0DB
:1050D0002001216484F83C0003E094F83C1001298D
:1050E00003D1022001B0BDE8F083012184F83C1017
:1050F0000168C90703D1016841F00101016001683D
:1051000021F400610160222184F83D10102184F80F
:105110003E100021216466626785618D2185002132
:10512000CFF6FF71E162E16A026811F5803F42F457
:105130008062026018BF012947D1016841F4807183
:1051400001604169C90712D109F1010603E000BFFE
:105150004169C9070BD1002EFAD0FFF757FBB9F10F
:10516000000F7AD0401B484577D82068F0E72169C6
:10517000B1F5804F03D148F00101C9B284E00621A6
:1051800001EAD81606F1F0010161014651F8142F29
:10519000120720D409F1010705E02068014651F803
:1051A000142F120717D44269520500F1A380002F73
:1051B000F4D0FFF72BFBB9F1000F4FF0200100F006
:1051C000A180401B4845E8D99CE00829B5D0216B57
:1051D0001129B2D0B5E75FFA88F10161014651F8B3
:1051E000142F920718D409F1010705E02068014641
:1051F00051F8142F92070FD4426952057AD4002F28
:10520000F5D0FFF703FBB9F1000F4FF0200179D083
:10521000401B4845EAD975E00021009141690091A1
:10522000816900910099016841F4807101604169D0
:10523000C90727D109F1010703E000BF4169C90788
:1052400020D1002FFAD0FFF7E1FAB9F1000F04D016
:10525000401B484501D82068F0E70020202120634A
:1052600084F83D1084F83E00216C41F02001216457
:10527000216884F83C000868C00544BF4FF4007002
:10528000206433E146F0F1010161014651F8142F29
:10529000920719D409F1010606E000BF2068014613
:1052A00051F8142F92070FD44269520522D4002ED0
:1052B000F5D0FFF7ABFAB9F1000F4FF0200121D084
:1052C000401B4845EAD91DE0218D71B3022924D045
:1052D000012940D1026822F480620260002200921B
:1052E0004269009282690092009A026842F4007258
:1052F00002603BE0026842F4007202606FF480607A
:105300000860042100202022206384F83D2084F8D6
:105310003E00226C11432164E6E0026822F48062C0
:105320000260026842F4006218E0002100914169C5
:105330000091816900910099016841F40071016058
:10534000202084F83D00002084F83E0084F83C00D2
:1053500001B0BDE8F083026842F48062026000227E
:1053600000924269009280690090009888B20428F7
:1053700016D202282AD0012839D12068416949066D
:1053800000F196804169C90600F19680FFF73EFA68
:10539000B9F1000F00F09C80401B4845EDD997E023
:1053A0002068416949062FD44169C90600F184800B
:1053B000FFF72CFAB9F1000F00F08A80401B484536
:1053C000EED985E0401B484500F294802068416991
:1053D00049074DD419F10101F9D0FFF717FAB9F1D6
:1053E000000FEFD186E0401B484500F28380206823
:1053F000416949071BD419F10101F9D0FFF706FAF9
:10540000B9F1000FEFD175E00069616A0870606A58
:10541000218D01300139606221852268638D013B55
:10542000638553695B073FD51169017033E00168FB
:1054300021F4806101600069616A0870606A218DF1
:1054400001300139606221852068618D01396185F3
:10545000416949070CD419F10101F9D0FFF7D6F9D8
:10546000B9F1000F46D0401B484543D82068EFE70C
:10547000016841F4007101600069616A0870606A46
:105480002268411C6162218D01392185618D0139BC
:10549000618511694170606A218D01300139606256
:1054A0002185608D0138608508047FF45FAF47E790
:1054B0000069616A0870EEE76FF010014161002039
:1054C0002021206384F83D1084F83E00206C09E020
:1054D00000202021206384F83D1084F83E00206CD9
:1054E00040F020002064002084F83C00012001B03E
:1054F000BDE8F08300202021206384F83D1084F86B
:105500003E00216C41F0200105E700002DE9F04349
:1055100081B01F46164688460446FFF777F994F88F
:105520003D1020291ED1DDF82090054620688169B4
:10553000890713D5FFF76AF9401B1A28F6D3002014
:105540002021206384F83D1084F83E00216C02265F
:1055500041F02001216484F83C0004E094F83C1000
:10556000012904D10226304601B0BDE8F0830121B3
:1055700084F83C100168C90703D1016841F00101BA
:105580000160016821F400610160212184F83D106F
:10559000102184F83E100021216466626785618DC8
:1055A00021850021CFF6FF71E162E16A11F5803FAC
:1055B00018BF012946D1016841F480710160416939
:1055C000C90714D109F1010603E000BF4169C90709
:1055D0000DD1002EFAD0FFF719F9B9F1000F00F044
:1055E000DF80401B484500F2DB802068EEE7216940
:1055F000B1F5804F01D1FE212BE0062101EAD8113F
:10560000F0310161014651F8142F120720D409F13D
:10561000010605E02068014651F8142F120717D43F
:105620004269520500F1A980002EF4D0FFF7EEF890
:10563000B9F1000F4FF0200100F0A780401B484552
:10564000E8D9A2E00829B6D0216B1229B3D0B6E779
:10565000FF2101EA08010161014651F8142F920768
:1056600019D409F1010605E02068014651F8142F0C
:10567000920710D44269520500F17F80002EF4D0C9
:10568000FFF7C4F8B9F1000F4FF020017DD0401BA7
:105690004845E9D979E00026009641690091816981
:1056A00000910099218D00295BD009F1010700BF0D
:1056B000014651F8142F120612D44269520500F126
:1056C0008580002FF4D0FFF7A1F8B9F1000F4FF05B
:1056D000200100F07F80401B48457BD82068E7E729
:1056E000D4F824E0714611F8012B02616162618DEA
:1056F00001396185B4F828C00146ACF10102228568
:1057000051F8143F5B070DD513040BD09EF8012010
:1057100002610EF102026262628D013A6285ACF1B1
:10572000020222850B685B0707D51104C0D118E07F
:10573000014651F8142F520710D44269520545D43E
:10574000002FF5D0FFF762F8B9F1000F4FF02001FC
:1057500040D0401B48453DD82068E9E7228D110420
:10576000A6D1016841F400710160202084F83D0059
:1057700084F83E6084F83C60F5E6026842F400720A
:1057800002606FF480600860042100202022206302
:1057900084F83D2084F83E00226C01261143D9E6AE
:1057A00000202021206384F83D1084F83E00216C05
:1057B000012641F020012164216884F83C0008683A
:1057C000C00544BF4FF400702064CCE66FF48060E5
:1057D0000860042100202022206384F83D2084F802
:1057E0003E00226C1143216484F83C00206C0428A4
:1057F00006D120680126016841F400710160B2E61B
:105800000126B0E670470000704700002DE9F04F18
:1058100085B0984617460E460446FEF7F7FF94F803
:105820003D10202925D1DDF84090DDE90EAB05467D
:1058300020688169890717D5FEF7E8FF401B1A2801
:10584000F6D300202021206384F83D1084F83E0028
:10585000206C04F13C0240F0200020640220002172
:10586000117005B0BDE8F08F224612F83C1F0129E7
:1058700003D1022005B0BDE8F08F01210392117021
:105880000168C90703D1016841F0010101600168A5
:105890003A4621F400610160222084F83D00402056
:1058A00084F83E0000202064C4F824A0A4F82AB0A4
:1058B000608D314620850020CFF6FF70E0622046E3
:1058C0004346CDE9009504F059FA18B1012005B01E
:1058D000BDE8F08F208D00B3022812D001282FD10F
:1058E00021680A6822F480620A60002204924A69F0
:1058F00004928A690492049A0A6842F400720A6067
:1059000026E021680A6822F480620A600A6842F48C
:1059100000620A600022049215E0002004902068D2
:1059200041690491816904910499016841F400710D
:105930000160202084F83D00002084F83E00C2E091
:105940000021049121684A690492896904910499AB
:1059500009F1010680B2042818D202282AD00128B1
:1059600037D1039A20684169490600F18480416972
:10597000C90600F1AA80FEF749FF039AB9F1000FAA
:1059800000F0AF80401B4845ECD9AAE0206841698F
:1059900049062AD44169C90600F18880FEF736FF1E
:1059A000B9F1000F77D0401B4845EFD973E0401B99
:1059B000484570D820684169490748D4002EFAD07C
:1059C000FEF724FFB9F1000FF1D164E0401B484518
:1059D00061D820684169490719D4002EFAD0FEF732
:1059E00015FFB9F1000FF1D155E00069616A087047
:1059F000606A2268411C208D616201382085638DB8
:105A0000013B638553695B0741D5106935E0016847
:105A100021F4806101600069616A0870606A218D0B
:105A200001300139606221852068618D013961850D
:105A3000416949070BD4002EFAD0FEF7E7FEB9F111
:105A4000000F28D0401B484525D82068F0E70168A2
:105A500041F4007101600069616A0870606A22683F
:105A6000411C6162218D01392185618D013961857A
:105A70001169417002E00069616A0870606A218DF5
:105A800001306062481E2085618D01396185010405
:105A90007FF460AF4DE700202021206384F83D10A3
:105AA00084F83E00206C40F020000AE06FF0100106
:105AB000416100202021206384F83D1084F83E00DD
:105AC000206C20640120039AC9E66FF01001416147
:105AD00000202021206384F83D1084F83E00206CD3
:105AE00009E000202021206384F83D1084F83E0066
:105AF000206C40F0200020640120B0E62DE9F04F3A
:105B000083B0994616460F460446FEF77FFE94F88A
:105B10003D1020291FD1DDF83880DDE90CBA05469B
:105B200020688169890712D5FEF770FE401B1A288C
:105B3000F6D300202021206384F83D1084F83E0035
:105B4000216C41F02001216484F83C0003E094F8CA
:105B50003C10012903D1022003B0BDE8F08F0121E0
:105B600084F83C100168C90703D1016841F00101C4
:105B700001600168324621F400610160212084F84F
:105B80003D00402084F83E0000202064C4F824B08A
:105B9000A4F82AA0608D394620850020CFF6FF703A
:105BA000E06220464B46CDE9008504F0FFF900286D
:105BB00064D1208DA0B3206808F10106014651F898
:105BC000142F120610D4426952053FD4002EF5D08E
:105BD000FEF71CFEB8F1000F4FF020013AD0401B39
:105BE000404537D82068E9E7626A114611F8013B61
:105BF0000361238D6162591E2185678D013F678591
:105C000047697F070AD50F0408D051780161911CBC
:105C10006162991E2185628D013A62850904CDD1A8
:105C2000204641462A4604F09DFAF8B920680168EA
:105C300041F400710160202084F83D00002084F8C8
:105C40003E0084F83C0003B0BDE8F08F6FF4806044
:105C50000860042100202022206384F83D2084F87D
:105C60003E00226C1143216484F83C00206C04281F
:105C700004D12068016841F400710160012003B083
:105C8000BDE8F08F2DE9F04F87B0006845F6004180
:105C9000C4F2000100268842CDE90566CDE903661D
:105CA000029643D045F60001C4F20001884240F05C
:105CB0008480002543F630040195C4F20204206874
:105CC000122140F020002060206800F020000190A8
:105CD00001980320039101210290CDE904100420D2
:105CE00006900020C4F2020000F5A05002A9FEF7C1
:105CF000B7FC01952069002140F4800020612069F3
:105D0000002200F4800001900198212000F03CF96D
:105D1000212000F027F922200021002200F034F990
:105D2000222000F01FF907B0BDE8F08F43F63007DE
:105D30000196C4F202073868002440F0040038607D
:105D40003868C4F2020400F0040001900198019642
:105D5000386802AD40F00100386038684FF0120832
:105D600000F00100019001984FF4007002904FF094
:105D700001094FF0030A4FF0040B04F500602946B7
:105D8000CDF80C80CDF81090CDF814A0CDF818B057
:105D9000FEF766FC4FF4807002A981E8010F2046EF
:105DA0002946FEF75DFC0196386940F40000386131
:105DB000386900F400000190019807B0BDE8F08F49
:105DC0007047000070470000002804BF01207047A2
:105DD000B0B504460068D4E901124CF6CC43036028
:105DE00045F25553036041608260FEF70FFD216864
:105DF000CA68920710D0054603E000BFC868800754
:105E00000AD0FEF703FD401B21683228F6D3C8688C
:105E10008007F3D00320B0BD4AF6AA200860002016
:105E2000B0BD000001684AF6AA2200200A6070474F
:105E300040F2DB704CF63861C2F20000C2F20001A1
:105E400000780A68104408607047000080B543F687
:105E50000040C4F20200016841F400710160016871
:105E600041F480610160016841F4807101600320A8
:105E700000F0B6F8002000F005F800F057F8002018
:105E800080BD000010B588B003A802A901F0F6F8A3
:105E900001F01AF906994FF0000C43F6400300296F
:105EA00018BF0121CDF804C0C4F202031A6888406B
:105EB00042F0200119604DF683621968C4F21B326A
:105EC000A0FB020201F02000019001984CF6404036
:105ED00041F200414FF0FF33C2F20000C4F2000172
:105EE00003EB924240F2E73380E80610C360C0F84B
:105EF00018C001F0A1FE10B1012008B010BD37207C
:105F000002210022022400F03FF8372000F02AF896
:105F100040F2DC70C2F2000004604CF64040C2F275
:105F2000000001F0D1FF08B010BD000082B00020D9
:105F300043F640010190C4F202014A6842F48042F3
:105F40004A604A6802F480420192019A009008680F
:105F500040F080500860086800F080500090009881
:105F600002B07047002848BF704700F01F010122AF
:105F700002FA01F11C2202EAD0004EF20012CEF227
:105F8000000281507047000010B54EF60C5CCEF256
:105F9000000CDCF80030C3F3022E8EF00704042C52
:105FA00028BF0424BEF103034FF0FF3E0EFA04F4B1
:105FB00038BF0023A14399400EFA03F39A431143DB
:105FC00000F00F0200F160430901043A03F5644355
:105FD0006244002848BF02F10C03197010BD000094
:105FE0004EF60C51CEF200010A684FF6FF031A403C
:105FF00060F30A2242F0806040F0FD700860704754
:106000007047000002680020516270472DE9F0419E
:10601000D0F80080D8F82430A9B1D8F82870B1F1B0
:10602000010C03EB174151D05FFA8CF7012F3C466E
:1060300008F5827398BF0124042F04F0030E09D2DF
:106040000027002429E043EA02410020C8F8281074
:10605000BDE8F08104F0FC0508F1F406002400BF5F
:1060600056F8107F44F0020001EB174144F001079D
:10607000FFB253F82770C0B253F8200001EB17416C
:1060800001EB104044F00301C9B253F8211004346D
:10609000E7B2AF4200EB1141E2D1BEF1000F15D0E3
:1060A00053F82700BEF1010F01EB10410ED0601C28
:1060B000C0B253F82000BEF1020F01EB104105D031
:1060C000A01CC0B253F8200001EB104141EA02408D
:1060D00008EB8C01C1F804010020BDE8F08100004C
:1060E000D0F8080506F04EBC01EBC102D0F8083527
:1060F00000EB8200C26C184606F0B2BB01EBC10295
:10610000D0F8083500EB8200D0F88C22184606F053
:1061100001BC0000D0F8080506F036BC10B54FFAF7
:1061200081FC4FF41F7201F00F0EBCF1000F48BF4D
:106130003C2290F8BC4402440EEBCE034FEAD11C43
:1061400002EB8301012C81F801C002F823E004BFB7
:10615000022010BD0268012380F8BC3404461046BA
:1061600007F088F9002084F8BC0410BDB0B543687E
:1061700001F00F0293423CBF0120B0BD4BB24FF47F
:106180001F74002B48BF3C2400EB040E90F8BC4465
:1061900002EBC2034FEAD11C0EEB8301012C4FF03E
:1061A000000481F801C08C700EF8232004BF022087
:1061B000B0BD0268012380F8BC340546104607F0E4
:1061C000ADFC204685F8BC44B0BD000001F00F01D5
:1061D00001EBC10100EB8100D0F89C027047000088
:1061E00010B54FFA81FCBCF1000F01F00F0C0CEB65
:1061F000CC010DD400EB810E00240EF51F718EF83A
:106200007D428EF87CC2CEF888228EF8803209E07A
:1062100000EB810101F83CCF01244C70CA600B7186
:10622000A1F808C0022B04BF00224A7190F8BC24D8
:10623000012A04BF022010BD0268012380F8BC348B
:106240000446104606F0D8FF002084F8BC0410BDB8
:1062500080B501F00F0C0CEBCC0100EB810ECEF8F9
:1062600094320023CEF89C328EF87D3203690EF50D
:106270001F71CEF88C22012B8EF87CC208BF4A61B8
:106280000068DAB2BCF1000F03D007F08DFC0020EB
:1062900080BD07F099FB002080BD0000B0B54268CA
:1062A00001F00F0494424FF001022CD84BB24FF48E
:1062B0001F75002B48BF3C254FEAD11C48BF214623
:1062C000054401EBC10305EB830181F801C090F89F
:1062D000BCC48A70BCF1010F05F8234004BF022042
:1062E000B0BD02680123054680F8BC34104607F0B3
:1062F0003DFC2CB92868297C05F2C44207F0E0FB7C
:10630000002285F8BC241046B0BD000080B501F025
:106310000F0C0CEBCC0100EB810101F83CCF8B6141
:1063200000230B6203694FF0010E81F801E0012B9D
:106330000A6108BF4A610068DAB2BCF1000F03D0FD
:1063400007F032FC002080BD07F03EFB002080BD3E
:106350002DE9F04F87B005688246284607F018FE01
:1063600010B107B0BDE8F08FDAF8000007F03EFE8C
:106370000028F6D0D5F80808C0F30D21DAF800009F
:10638000CAF8FC1407F032FE0146DAF8000089076B
:1063900003D5416901F00201416105F500610491F5
:1063A00007F024FE0146DAF80000C906059534D549
:1063B000816921F0100181612C6A04F00F0000EB6B
:1063C000C0000AEB8001C4F34340062801F51F75A5
:1063D00011D002281AD147F6F07014EA000615D041
:1063E000296934090598224607F004FE286900EB64
:1063F0001610286107E005980AF2C441082207F048
:10640000F9FDC4F30A14286A20442862DAF800006F
:10641000816941F010018161059D07F0E7FD0003EE
:1064200040F1F080DAF8000007F0BEFD002800F02F
:10643000E98006460AF2C4404FF4306800244FF069
:10644000000B06901AE000BF05EB080002218160F6
:10645000B80642BF05EB080020218160B80442BFA6
:1064600005EB08004FF4005181600BF1010B760839
:1064700008F1200804F1240400F0C480F007F4D0EF
:10648000DAF800005FFA8BF9494607F0A7FD0746E6
:10649000C0075FD005EB080001218160DAF8000039
:1064A00008EB0001036C8A68DAF81050012D25D141
:1064B000150732D4950600F19D8043F20B05C4F612
:1064C0005475AB42059D02D312F400422FD10AEB62
:1064D0000402D2F8983209696FF3DF41A3EB01019E
:1064E000C2F89C1294BBD2F89432002B00F0888042
:1064F000D2F88C020844C2F88C0227E043F20B0564
:10650000C4F65475FF35AB4217D1059D10040ED467
:10651000900644BF2020886018E043F20B00C4F6C8
:106520005470059D834215D312F4004012D04FF4ED
:106530000040886038070FD43CE0059D34B9DAF894
:10654000941219B90021069A07F0BAFA5046494642
:10655000FFF7D4FD38072DD505EB08000821816031
:10656000DAF8000043F20B02056C40448168C4F67F
:10657000547295420AD311F4004107D04FF4004100
:106580008160504600F088FC059D09E0504600F00F
:1065900083FC43F20B00C4F654708542059D09D379
:1065A000DAF81000012805D1DAF80000069A012176
:1065B00007F086FAF80642BF05EB0800102181605B
:1065C000B8077FF545AF6869000604D504994868A7
:1065D00040F4806048600AEB040090F87F120129C3
:1065E0007FF432AF002180F87F125046494600F018
:1065F000FDFA29E720208860059D3807ACD4D9E74B
:106600000121A0E7DAF80000CDF818A007F0EEFCB1
:10661000400340F1D5800698006807F0BDFC0028D3
:1066200000F0CE800646069805F5106900F13C01A1
:1066300000F2C440002703910190CDF8089004E0D7
:10664000760807F1010700F0BB80F007F8D0069844
:106650005FFA87FA0068514607F0AEFC0446C007AF
:1066600026D0049A07F00F00516B012303FA00F0C3
:1066700021EA0000506309EB471083600698006927
:10668000012811D1039907EBC70001EB8000D0E985
:106690000312114401613FB9806928B90698019A33
:1066A0000068012107F00CFA06985146FFF71CFD1F
:1066B000200742BF09EB471008218160E00642BF76
:1066C00009EB471010218160600642BF09EB4710BB
:1066D00040218160A00716D52846394607F0EEFB19
:1066E000039907EBC70001EB800010F8031F012995
:1066F00005D1002101700698514600F073FA09EBAC
:1067000047100221816020069AD5039907EBC70044
:1067100001EB8008D8F81820D8F8200082428FD3E7
:106720000699D8F80C300C68111A994238BF0B46FC
:1067300004EB4711D1F818C903F1030E1FFA8CF3CB
:10674000B3EB9E0F2DD301F5106900BFD8F81820C8
:10675000824224D9101A069AD8E903B1157C58450B
:1067600038BF83461FFA8BF3204652460095059D9D
:1067700007F060FDD8F81000D8F820105844C8F889
:10678000100001EB0B00C8F82000D9F818100BF12D
:10679000030289B2B1EB920FD8D2D8F81820DDF8F5
:1067A000089082423FF64CAF07F00F00D4F834183F
:1067B000012202FA00F021EA0000C4F834083FE7A1
:1067C000069C206807F012FC002801D4206818E01D
:1067D0000499486820F00100486094F8F404012806
:1067E00007D1002084F8F40420460021FFF708FCBC
:1067F00002E0204600F032FB2068416901F00041D0
:10680000416107F0F3FB000501D420680BE0049818
:106810008068C00702D0204600F066FB206841690E
:1068200001F40061416107F0E1FBC00401D420687C
:10683000F5E00499486820F00100486020681021C4
:1068400007F03CFB6068002800F0C180042800F0DD
:10685000030C01D200216DE020F0030E05F5366334
:106860004FF6A0584FF6C0554FF6E0564FF6006071
:1068700000214FF67F37CFF6FF78CFF6FF75CFF6C2
:10688000FF76CFF6FF7000BFA3F51872976053F83C
:106890000820043122F4001243F8082043F8587C01
:1068A00053F8602C8E4522F4001243F8602C53F804
:1068B000602C42F0006243F8602CA3F510729760E0
:1068C0005A5922F400125A5143F8387C53F8402C9C
:1068D00022F4001243F8402C53F8402C42F000629E
:1068E00043F8402CA3F5087297609A5922F40012DD
:1068F0009A5143F8187C53F8202C22F4001243F8E4
:10690000202C53F8202C42F0006243F8202CA3F5F1
:10691000007297601A5822F400121A509F601A6889
:1069200022F400121A601A6842F000621A6003F141
:106930008003A9D1059DBCF1000F48D005F510607A
:1069400000EB41124FF67F334F019360C65905F5B6
:10695000306226F40016C65102EB4116B360D659D8
:10696000BCF1010F26F40016D651D65946F0006648
:10697000D6512CD04F1C00EB47157E01AB608559DA
:1069800002EB471725F400158551BB609359BCF104
:10699000020F23F400139351935943F00063935172
:1069A00015D0023100EB41174FF67F364B01BE6028
:1069B000C75827F40017C75002EB41108660D05823
:1069C00020F40010D050D05840F00060D050049E09
:1069D0008422F069442340F00110F061216B2068AB
:1069E00000294FF00B0108BF142208BF42F22B010F
:1069F000B75808BF10233943B150F15804F2C442CC
:106A000041F00B01F150316821F4FE613160217CCD
:106A100007F056F82068416901F48051416107F0A0
:106A2000E5FA01462068890415D506F025FC2068A2
:106A300007F0A0FA2568E06000F040FB227B0146E9
:106A4000284607F06FFB204600F0F2F92068416904
:106A500001F40051416107F0C9FA000701D4206830
:106A600007E0204600F0FEF92068416901F00801C6
:106A7000416107F0BBFA000627D50599886920F027
:106A800080008861606802281FD304F51F7804F134
:106A90003C05012640F2A32705E000BF01368642EF
:106AA00007F1240711D2E15D0129F7D106F00F00AB
:106AB00000EBC0023006206805EB820158BF08EBEE
:106AC000820107F06DF96068E8E7206807F08EFA48
:106AD000C00201D420682CE06068022824D3059904
:106AE00004F13C0901F5126504F163064FF0010859
:106AF000012705E001372035874206F1240613D22D
:106B000029687278012AF5D1B1F1FF3FF2DC07F074
:106B10000F0000EBC001206809EB810186F80080BE
:106B200007F03EF96068E5E72068416901F48011EB
:106B3000416107F05BFA059D800201D4206830E0D6
:106B40006168022928D305F53260013904F52972FC
:106B5000012304E02030013902F124021CD007682F
:106B60001678012EF6D1B7F1FF3FF3DCD4F8FC64C0
:106B700007F4803706F00106B742EBD102F8013C7A
:106B8000AF6947F08007AF616F693F06E2D40499AF
:106B9000486840F4007048602068416901F40011C1
:106BA000416107F023FA400001D4206807E0204645
:106BB000FFF796FA2068416901F08041416107F0D2
:106BC00015FA40077FF5CDAB20684568690703D506
:106BD0002046FFF79FFA206841682943416007B0CB
:106BE000BDE8F08FD0F8080505F034BFD0F80805EF
:106BF00005F046BF002804BF012070472DE9F04F83
:106C00008BB08246056890F8BD0428B900208AF848
:106C1000BC04504600F0C8F803208AF8BD04E86BB5
:106C2000C0055CBF0020CAF81000DAF8000006F0CA
:106C3000C3FEDAF800000AF120090A90DAE90B64D1
:106C4000DAF834000AF1040E99E880039EE82E5821
:106C5000CDE9084004A880E880030A988DE8205810
:106C6000079606F019FB002840F08880DAF800004B
:106C70000021002507F012FADAF8041000295CD090
:106C80000AF13C004FF0010C0022002302EBC2028B
:106C900000EB820700F82230DAB201333A81DAB22F
:106CA000914287F801C03D71C7E90355BD61EDD838
:106CB0000AF51F7000220025002300BF05EBC50761
:106CC00043F00105ECB200EB8706A142727000F8B8
:106CD00027303271C6E90322B2612ED904EBC40712
:106CE00000F8275043F00205ECB200EB8706A14202
:106CF00072703271C6E90322B2611ED904EBC40777
:106D000000F8275043F00305ECB200EB8706A142E0
:106D100072703271C6E90322B2610ED904EBC40766
:106D2000043300F82750DDB200EB8706A9427270E9
:106D30003271C6E90322B261C0D8DAF80800DAF885
:106D400000200A90DAE90C40DAE905650AF11C0E28
:106D5000DAE903379EE80058DAE90A89CDE9084004
:106D600002A880E8205810460A9ACDE90076CDF8AE
:106D70001880CDF81C9006F0DDFB30B102208AF8B7
:106D8000BD0401200BB0BDE8F08F00208AF8380068
:106D900001208AF8BD04DAF8000006F0BBFB0020F1
:106DA0000BB0BDE8F08F0000B0B586B000680024DD
:106DB000B0F1A04F0594CDE903440294019401D0B1
:106DC00006B0B0BD43F630050094C4F20205286851
:106DD00001A940F001002860286800F0010000903F
:106DE00000984FF4C05001900220CDE90204032026
:106DF00004900A2005900020C4F20200FDF730FC48
:106E00006868002140F08000686000946869002292
:106E100040F480406861686900F480400090009808
:106E20004320FFF7B1F84320FFF79CF806B0B0BD50
:106E300010B50446C06828B1022801D0FCF734FD23
:106E4000012100E00021D4F8080505F09FFED4F8E8
:106E50000805BDE8104005F04FBE0000D0F8080559
:106E600005F07ABED0F8080505F080BE90F8BC2485
:106E7000012A04BF0220704710B5012280F8BC240B
:106E800080F8381002680446104607F039F90020EF
:106E900084F8BC0410BD0000D0F8082500F2C441FD
:106EA000104605F089BE000010B5044690F8BC04F9
:106EB000012804BF022010BDA16A20680122012917
:106EC00084F8BC2406D1A169012903D0816B41F467
:106ED0008031816306F0EAFF206806F00BFB00209A
:106EE00084F8BC0410BD000010B50446D0F80805B5
:106EF00005F0B6FE2068D0F8001E41F00101C0F890
:106F0000001E206A002808BF10BD4EF61050CEF2B9
:106F10000000016841F00601016010BD002804BFB7
:106F2000012070472DE9F04143F60808C4F2020839
:106F30000446D8F8F8030D4600F00700814207D94F
:106F400088F8F853D8F8F80300F00700A84276D183
:106F50002068810717D5410705D5D8F8001041F4FE
:106F6000E051C8F80010010705D5D8F8001041F429
:106F70006041C8F80010D8F80010A26821F0F001B4
:106F80001143C8F80010C0073FD1D8F8F80300F04B
:106F90000700854207D288F8F853D8F8F80300F0C4
:106FA0000700A8424BD12068410707D5D8F8001048
:106FB000E26821F4E0511143C8F80010000708D539
:106FC000D8F80000216920F4604040EAC100C8F808
:106FD000000000F0A1F8D8F800104DF22802C1F32B
:106FE0000311C0F60202515C40F2481220FA01F18E
:106FF00040F2DC70C2F200000068C2F200021160D0
:10700000FEF740FF0020BDE8F0816068811E022984
:1070100007D258F8081C89015CBF0120BDE8F08147
:1070200010E0012807D158F8081C89035CBF012033
:10703000BDE8F08106E058F8081C890702D4012059
:10704000BDE8F081D8F8001021F003010843C8F82A
:107050000000FDF7DBFB064641F28837D8F8000058
:10706000616800F00C00B0EB810F8ED0FDF7CEFB15
:10707000801BB842F2D90320BDE8F0810F220260E4
:1070800043F60802C4F20202136803F003034360EC
:10709000136803F0F0038360136803F4E053C360E4
:1070A000D2F800C04FF4E05303EADC030361D2F8E6
:1070B000F80300F0070008607047000040F2481035
:1070C000C2F200000068704740F2481043F6080121
:1070D000C2F20000C4F20201006809684DF23802F1
:1070E000C1F38221C0F60202515CC8407047000023
:1070F00040F2481043F60801C2F20000C4F2020157
:10710000006809684DF23802C1F34231C0F602024C
:10711000515CC8407047000010B543F60404C4F247
:1071200002046168C1F3810142F20040C0F2F40040
:10713000DFE801F00203080210BD41F60030C0F2A2
:10714000B70010BD206821682368490241F600316C
:10715000C0F2B70100F03F02C3F388105CBF42F2F7
:107160000041C0F2F401A1FB00010023F9F719F975
:1071700021680222C1F3014102EB4101B0FBF1F0B1
:1071800010BD0000002804BF012070472DE9F04128
:1071900082B00446007843F60006C007C4F2020637
:1071A0000BD0B06800F00C00042876D13068800362
:1071B00003D56068002800F04F812078800719D53A
:1071C000B06810F00C0F07D0B06800F00C00082871
:1071D0007DD1706840027AD43068800703D5E068BA
:1071E000012840F039813068216920F0F80040EA38
:1071F000C10030602078000713D42078400726D4DF
:10720000A569002D00F02481B06800F00C0008286A
:1072100040F09680012D40F0F880012002B0BDE8DA
:10722000F0816069002877D00020C4F24720012156
:10723000C0F8801EFDF7EAFA054600BF706F8007B0
:10724000DBD4FDF7E3FA401B0228F7D9D9E0306C14
:107250005FEAC0080AD400200190306C40F08050F2
:107260003064306C00F080500190019847F20007C4
:10727000C4F200073868C00540D4386840F4807014
:107280003860FDF7C3FA05463868C00536D4FDF707
:10729000BDFA401B0228F7D9B3E0B06800F00C003B
:1072A000082803D1706840023FF580AF61683068FC
:1072B000B1F5803F07D0B1F5A02F40F08C8040F4AD
:1072C00080203060306840F4803030608CE0E068CE
:1072D000002840F20000C4F2472054D00121016090
:1072E000FDF794FA054600BF306880073FF57BAF95
:1072F000FDF78CFA401B0228F6D982E0A168306FB6
:10730000012905D005294FD140F004003067306FC6
:1073100040F00100306750E00020C4F24720002117
:10732000C0F8801EFDF772FA054600BF706F800737
:107330007FF563AFFDF76AFA401B0228F6D960E0DB
:107340000027C4F2472700203866FDF75FFA022DB8
:1073500005460DD13068800140F18280FDF756FA74
:10736000401B02284FF00300F4D902B0BDE8F081C1
:10737000306880016CD5FDF749FA401B02284FF0B8
:107380000300F5D9F1E700210160FDF73FFA05465A
:10739000306880077FF52EAFFDF738FA401B0228D2
:1073A0004FF00300F4D9E0E720F001003067306FC0
:1073B000002920F00400306773D0FDF727FA054656
:1073C00041F28837306F80077BD4FDF71FFA401BEE
:1073D000B842F7D915E020F48030306030680029D9
:1073E00020F48020306075D0FDF710FA054600BF0C
:1073F000306880033FF5E1AEFDF708FA401B6428D2
:10740000F6D9032002B0BDE8F0817068E16900F4AC
:1074100080028A4220D1216A00F03F028A421BD1B9
:1074200047F6C071626A0140B1EB821F14D1A16AB4
:107430004FF6FF73C903994300F44032A1F5803140
:107440008A4209D1E16A00F07060B0EB016F03D1AC
:10745000002002B0BDE8F081012002B0BDE8F0815B
:1074600004F11C052FCD084340EA8210D9034FF6E2
:10747000FF729143A1F5803140EA056008437060D6
:1074800001203866FDF7C2F9044600BF306880016C
:10749000DED4FDF7BBF9001B02284FF00300F5D93D
:1074A00063E7FDF7B3F9054641F28837306F80078F
:1074B00007D5FDF7ABF9401BB8424FF00300F5D9F3
:1074C00053E7B8F1000F3FF59BAE306C20F08050D1
:1074D000306495E6FDF79AF9054600BF30688003F1
:1074E0007FF56BAEFDF792F9401B64284FF0030067
:1074F000F4D93AE770470000B0B582B001684A6835
:107500008B6803F04105012D04D112F0400501D034
:10751000016C05E09D0707D512F0800504D0416C91
:1075200002B0BDE8B040084713F4B07F18BF12F0B6
:10753000200501D102B0B0BD5D0617D590F85150BD
:10754000032D08D100200190C8680190886801903F
:10755000019802B0B0BD456D45F0040545650025B4
:107560000195CD6801958D680195019D9D060CD50D
:10757000456D45F001054565002501958D6801952E
:107580000D6825F040050D60019DDB0508D5436DB4
:1075900043F008034365002301938B680193019B2B
:1075A000436D002BC6D04B68920723F0E0034B607D
:1075B0004FF0010380F8513025D04A684BF6911402
:1075C00022F003024A60C16CC0F6000459B10546BE
:1075D00008460C65FCF796FD0146284619B1416D39
:1075E00041F040014165816C0029A3D00C6504463F
:1075F0000846FCF787FD00289CD0606D40F04000F5
:10760000606502B0B0BD02B0BDE8B040FFF772BF28
:1076100070B528B1416A29B100210161142106E049
:10762000012070BD4168B1F5827F02D01C2100228B
:1076300042500026866290F8511029B980F85060B7
:10764000054600F03DF82846022180F8511090E8E8
:107650002E0002F482720C6803F4044324F0400408
:107660000C601A4405F4006305691A4405F002032E
:1076700045691A4405F001038569C4691A4405F493
:1076800000731A4404F03803046A1A4404F08003B7
:10769000846A1A4304F400531A430A60436A0422BA
:1076A00002EA154203F010031A444A60CA6922F440
:1076B0000062CA610121466580F85110304670BDF4
:1076C0002DE9F04F87B00446006843F60001C4F28C
:1076D000000100278842CDE90577CDE903770297BD
:1076E00000F08C8043F20001C4F20101884240F0B6
:1076F000F08043F630000197C4F20200416940F285
:10770000004541F4805141614169C4F2020501F430
:107710008051019101990197016802AE41F0020187
:107720000160016846F2104801F0020101910199DF
:10773000019701684FF0020941F001010160006802
:107740004FF0030A00F00100019001981820029008
:107750004FF0050B28463146C4F20208CDE90397E5
:10776000CDF814A0CDF818B0FCF77AFF8020CDE951
:10777000020904A880E8800CA5F580603146FCF77A
:107780006FFF4CF28825C2F200054FF440304FF0F5
:10779000C0664FF48069C5E908072846C5E9008638
:1077A000C5E90277C5E90497C5E90677FCF7A0FDAE
:1077B000002818BFFCF778F8E564AC634CF2E825C4
:1077C00008F14800C2F200054021C5E9000605F1B4
:1077D000080080E882024FF40030C5E90807284617
:1077E000C5E90577EF61FCF783FD002818BFFCF7BA
:1077F0005BF8A564AC6307B0BDE8F08F43F63005D5
:107800000197C4F20205286940F2004840F4804024
:1078100028612869C4F2020800F4804001900198B0
:107820000197286802AE40F48070286028684FF005
:10783000020900F4807001900198019728684FF0C8
:10784000030A40F00200286028684FF0050B00F0A2
:107850000200019001980420029008F5E0503146A2
:10786000CDE90397CDF814A0CDF818B0FCF7F8FED9
:107870004FF42040CDE9020904A880E8800C40467E
:107880003146FCF7EDFE05F521504CF24835C2F2C9
:107890000005C5E900074FF4003040214FF4806235
:1078A000C5E908072846C5E90217C5E90427C5E95F
:1078B0000677FCF71DFD002818BFFBF7F5FF242015
:1078C0000A210022A564AC63FEF75EFB2420FEF7CC
:1078D00049FB07B0BDE8F08F2DE9F04383B00446C3
:1078E00090F85000012803D1022003B0BDE8F083D6
:1078F00001201E4615460F4684F85000FCF786FF0F
:1079000094F85110814601296BD1002F4FF00100EE
:1079100018BF002D00F0AF80002E00F0AC8094F86E
:107920005100002104281CBF052084F85100616526
:10793000A563E687A6872763E6862068A686216476
:1079400061640168490603D4016841F040010160A7
:107950006168731EE268B1FA81F1B3FA83F3DDF86E
:10796000288049095B09B2F5006F41EA030147D15C
:1079700031B137F8021BC1602763E08E0138E08621
:10798000012608F1010500BFE08E10B9E08F002844
:107990007AD02068816889070CD5E18E51B1012E1B
:1079A00008D1216B002631F8022BC2602163E18EE1
:1079B0000139E1868168C9070AD0E18F41B1C06809
:1079C000A16B012621F8020BA163E08F0138E0874B
:1079D000FCF71CFF002DD7D0A0EB09004045D3D306
:1079E00048E06068B0F5827F08D104294FF00200BA
:1079F00041D1A16800293FF488AF3CE002203AE081
:107A000039B139780173206B01302063E08E013881
:107A1000E086012608F10105E08E08B9E08F98B3F1
:107A20002068816889070ED5E18E61B1012E0AD1E7
:107A3000216B002609780173216B206801312163D5
:107A4000E18E0139E1868168C9070BD0E18F49B128
:107A5000C068A16B01260870A06B0130A063E08FA5
:107A60000138E087FCF7D2FE002DD5D0A0EB09004D
:107A70004045D1D30320012184F85110002184F81E
:107A8000501003B0BDE8F08340F24810C2F200008D
:107A9000006849F68171C1F25E61A0FB0101480DE9
:107AA0004FF47A71484302906068B0F5827F0ED13E
:107AB0002046802142464B4603F070FF40B3606D84
:107AC00040F020006065202060650120D3E7029827
:107AD000F0B102980138029020688168090617D534
:107AE0000299A9B1029901390291816809060FD55D
:107AF000029969B10299013902918168090607D595
:107B0000029929B102990139029180680006DED4F8
:107B1000A06800284FF00000ADD101902168CA682C
:107B20000192896801910199A5E700007047000062
:107B30007047000090F83C20012A04BF02207047E3
:107B4000B0B501F108053CCDD1E900CE23F47C535A
:107B500022F470521A432EF4F0431A432CF4E043FB
:107B60001A4324F4C0431A432A43C96922F48042C9
:107B7000036811435964002180F83C100020B0BD17
:107B800090F83C20012A4FF0020252D010B580F844
:107B90003D200268D2F804E0D2F808C00C682EF04C
:107BA0007003234341F2FF74C4F20004A242536005
:107BB0000DDC40F2FF73C4F200039A4215DCB2F10F
:107BC000804F29D040F20043C4F2000322E040F28B
:107BD000FF33C4F201039A4212DC41F60003C4F2FF
:107BE00000039A4218D0002312E040F60003C4F2CA
:107BF00000039A4210D040F60043C4F2000309E0AB
:107C000044F20003C4F201039A4205D040F200435B
:107C1000C4F201039A4204D149682CF0800319434D
:107C200091600121002280F83D1080F83C20BDE8E1
:107C30001040104670470000002804BF0120704724
:107C400010B5044690F83D0028B9002084F83C00A7
:107C5000204600F01FF8022084F83D002068211D16
:107C600003F0D0FF012084F8460084F83E0084F839
:107C70003F0084F8400084F8410084F8420084F812
:107C8000430084F8440084F8450084F83D00002057
:107C900010BD000080B582B0006841F2FF31C4F22F
:107CA000000188422FDD40F2FF31C4F20101884219
:107CB00051DC41F20041C4F2000188427BD0002136
:107CC000C4F20101884240F0AD800020019043F6EB
:107CD0004000C4F202004168002241F0010141600D
:107CE00040680A2100F00100019001981920FEF778
:107CF0004BF91920FEF736F91A2000210022FEF771
:107D000043F91A206CE040F60001C4F200018842F9
:107D100043D040F60041C4F20001884273D041F2E2
:107D20000001C4F2000188427CD10020019043F69A
:107D30004000C4F202000168002241F0100101601D
:107D40000068082100F01000019001983620FEF72D
:107D50001BF9362044E040F20041C4F201018842A0
:107D600043D044F20041C4F2010188425AD10020BC
:107D7000019043F64000C4F202004168002241F441
:107D80000031416040680A2100F400300190019800
:107D90001920FEF7F9F8192022E00020019043F69F
:107DA0004000C4F20200016841F004010160006873
:107DB00000F0040034E00020019043F64000C4F2DB
:107DC00002000168002241F02001016000680221E8
:107DD00000F02000019001983720FEF7D5F83720F9
:107DE00002B0BDE88040FEF7BDB80020019043F628
:107DF0004000C4F20200416841F002014160406865
:107E000000F002000CE00020019043F64000C4F2B4
:107E10000200016841F008010160006800F00800FC
:107E20000190019802B080BD90F83D1001291CBF5F
:107E300001207047022180F83D10006841F2FF7177
:107E4000C4F2000188420DDC40F2FF71C4F200016F
:107E5000884215DCB0F1804F29D040F20041C4F2D5
:107E6000000122E040F2FF31C4F20101884212DC3D
:107E700041F60001C4F20001884218D0002112E04E
:107E800040F60001C4F20001884210D040F60041E3
:107E9000C4F2000109E044F20001C4F20101884289
:107EA00005D040F20041C4F20101884206D1816848
:107EB00001F00701062904BF00207047016841F066
:107EC000010101600020704790F83D1001291CBF9E
:107ED00001207047022180F83D10006841F2FF72D6
:107EE000C168C4F20002904241F00101C1600DDCA2
:107EF00040F2FF71C4F20001884215DCB0F1804FFE
:107F000029D040F20041C4F2000122E040F2FF31EA
:107F1000C4F20101884212DC41F60001C4F2000102
:107F2000884218D0002112E040F60001C4F200019E
:107F3000884210D040F60041C4F2000109E044F24A
:107F40000001C4F20101884205D040F20041C4F2B0
:107F50000101884206D1816801F00701062904BFAA
:107F600000207047016841F0010101600020704766
:107F700090F83C20012A4FF002026BD080B580F8C7
:107F80003D20D0F800C04FF67772DCF8083023EAC5
:107F90000202CCF808200B684F2B28DC1F2B44DD95
:107FA000202B45D0302B43D0402B40F0AC80D1F873
:107FB00004E0C968DCF82030DCF8202022F001025F
:107FC000CCF82020DCF8182022F0F00242EA01115F
:107FD00023F00A0242EA0E02CCF81810CCF8202056
:107FE000DCF8081041F0470121F0300127E06F2B49
:107FF00032DDB3F5005F73D0B3F5805F21D0702B15
:1080000040F08180D1E901E3C968DCF8082043EA47
:108010000E0322F47F4243EA01211143CCF80810F9
:10802000DCF8081041F0770109E00BB1102B6AD1A0
:10803000DCF8081021F07001194341F00701CCF879
:1080400008100022012180F83D10002180F83C102A
:10805000BDE8804010467047502B21D0602B52D194
:10806000D1F804E0C968DCF8203023F01003CCF824
:108070002030DCF81830DCF8202023F4704322F0A4
:10808000A00243EA013142EA0E12CCF81810CCF8F3
:108090002020DCF8081041F0670121F01001CEE744
:1080A000D1F804E0C968DCF82030DCF8202022F0A8
:1080B0000102CCF82020DCF8182022F0F00242EA7D
:1080C000011123F00A0242EA0E02CCF81810CCF893
:1080D0002020DCF8081041F0570121F02001AEE724
:1080E000D1E901E3C968DCF8082043EA0E0322F471
:1080F0007F4243EA01211143CCF80810DCF8081054
:1081000041F480419BE701229CE70000704700009A
:1081100010B5016804460869800744BFC8685FEA73
:10812000807038D40869400744BFC8685FEA40706F
:108130003DD40869000744BFC8685FEA007043D4B3
:108140000869C00644BFC8685FEAC06048D40869CF
:10815000C0071CBFC8685FEAC0704ED1086900063E
:1081600044BFC8685FEA00604FD40869400644BF56
:10817000C8685FEA406050D40869800646BFC86896
:108180005FEA806010BD6FF0200220460A61BDE802
:108190001040FFF7CDBC6FF002000861012020778E
:1081A0008869800741D02046FFF7B0FF43E06FF0B9
:1081B0000400086102202077886910F4407F3ED0D7
:1081C0002046FFF7A3FF40E06FF00800086104209D
:1081D0002077C86980073CD02046FFF797FF3EE034
:1081E0006FF01000086108202077C86910F4407F04
:1081F00039D02046FFF78AFF3BE06FF001000861AD
:10820000204600F027FB2168A8E76FF08000086196
:108210002046FFF78BFC2168A7E76FF0400008615C
:10822000204600F031FB2168A6E7204600F004F963
:10823000204600F03DFA21680020207772E72046B2
:1082400000F0FAF8204600F033FA21680020207789
:108250006FE7204600F0F0F8204600F029FA216888
:10826000002020776CE7204600F0E6F8204600F07A
:108270001FFA21680020207769E70000F0B587B079
:1082800000684FF6FF71C4F2000188424FF0000110
:108290000691CDE90411CDE9021130DD44F200412F
:1082A000C4F20101884255D040F20041C4F20101FC
:1082B00088426DD00021C4F20101884240F0BA80AA
:1082C000002043F630010190C4F202010A6842F036
:1082D00010020A60096801F01001019101994FF440
:1082E000D44102910221CDE90310059001200690AE
:1082F00040F60000C4F2020000F5006097E040F68E
:108300000001C4F20001884274D040F60041C4F27A
:108310000001884240F08E80002043F63001019039
:10832000C4F202010A6842F080020A60096801F0A2
:108330008001019101994FF4E05102910221CDE9B0
:108340000310CDE9050140F60000C4F2020000F57B
:10835000A0506CE0002043F630010190C4F202010D
:108360000A6842F020020A60096801F020010191C8
:108370000199402102910221CDE9031005900320CB
:10838000069040F60000C4F2020000F540604EE0A6
:10839000002443F630000194C4F20200016840F664
:1083A000000741F4807101600168C4F2020701F422
:1083B00080710191019901940168022541F0040145
:1083C00001600068032600F0040001900198C020BD
:1083D000029007F5C05002A9CDE903540594069612
:1083E000FCF73EF940213846CDE90215CDE90444B9
:1083F00006961CE0002043F630010190C4F2020111
:108400000A6842F008020A60096801F00801019157
:1084100001994FF4804102910221CDE90310CDE989
:10842000050140F60000C4F2020000F5806002A9D8
:10843000FCF716F907B0F0BD7047000090F83C302B
:10844000012B04BF022070474FEAB202032A00F258
:10845000FD802DE9F043DFE802F002AF3D7D0368C7
:1084600040F200461A6A43F4806522F001021A6263
:108470001C6A1A46D3F804C052F818EF8F6824F02B
:108480000204C4F20106B54244EA070405D1CF68EC
:1084900024F00C0427F004073C430F68B54206D1D2
:1084A000D1E905582CF440762E4346EA080C2EF00C
:1084B00073063743C3F804C09F614F6809695F635F
:1084C0001C629F6947F008079F619F6927F00407B6
:1084D0009F61B0E0036840F200481A6A43F4806587
:1084E00022F480721A621C6A1A46D3F804C052F849
:1084F0001CEF8F6824F40074C4F20108454544EA77
:10850000072408D1CF6840F2FF463F0224F44064BC
:1085100027EA06063443D1F80090454506D1D1E953
:1085200005562CF440572E4347EA061C2EF07307DD
:1085300047EA0907C3F804C0DF614F680969DF63D0
:108540001C62DF6947F00807DF61DF6927F0040775
:10855000DF6170E0036840F200451A6A43F4806707
:1085600022F480521A621A46D3F820C05C6852F88E
:108570001C8FD1F800E08E68C4F20105AF4204D12F
:108580004D6924F4804444EA85142CF4005747EAEA
:10859000063728F4E64646EA0E265C60DE614E6841
:1085A00009691E641F62DF6947F40067DF61DF69E4
:1085B00027F48067DF613DE0036840F200481A6AF3
:1085C00043F4806522F010021A621C6A1A46D3F83E
:1085D00004C052F818EF8F6824F02004C4F2010898
:1085E000454544EA071407D1CF686FF0400624F0F0
:1085F000C00406EA07163443D1F80090454506D179
:10860000D1E905562CF440672E4347EA860C2EF438
:10861000E64747EA0927C3F804C09F614F68096924
:108620009F631C629F6947F400679F619F6927F4FD
:1086300080679F6109021368194311600021BDE83A
:10864000F043002280F83C20084670470121F8E7FB
:10865000002804BF0120704710B5044690F83D0083
:1086600028B9002084F83C00204600F01FF80220C2
:1086700084F83D002068211D03F0C4FA012084F82D
:10868000460084F83E0084F83F0084F8400084F8F7
:10869000410084F8420084F8430084F8440084F8E0
:1086A000450084F83D00002010BD00007047000028
:1086B00070470000A1B1042904D0082914BF412249
:1086C000402200E03F22825C012A11D102220829C7
:1086D00010D0042914BF80F8412080F83F200BE01F
:1086E00090F83E20012A03D1022280F83E2003E0C8
:1086F0000120704780F84020006801F01F0101222E
:10870000036A02FA01F123EA01020262026A1143DA
:1087100041F2FF72C4F20002904201620BDC40F2AF
:10872000FF71C4F20001884213DCB0F1804F35D0F4
:1087300040F2004115E040F2FF31C4F201018842ED
:1087400014DC41F60001C4F20001884226D0002169
:1087500014E040F60001C4F2000188421ED040F649
:108760000041C4F20001884218D01EE044F200012A
:10877000C4F20101884211D040F20041C4F201016B
:10878000884212D1416C40F2004340F48062C4F24E
:10879000010341F400419A42416406D1816801F02D
:1087A0000701062904BF00207047016841F001015C
:1087B000016000207047000010B5026801F01F0E34
:1087C0004FF0010C146A0CFA0EF324EA030313624F
:1087D00040F20043D2F820C042F48064C4F20103A6
:1087E0009C42C2F820C00DD1136A41F211142342F9
:1087F00008D1136A40F24444234203D1536C23F45A
:1088000000435364136A41F21114234204D1136AE2
:1088100040F24444234212D0082916D0042909D03A
:1088200000294FF0010114BF80F8411080F83E107C
:10883000002010BD012180F83F10002010BD1368FA
:1088400023F0010313600829E8D1012180F84010CA
:10885000002010BD4CF64041C2F20001884208BF22
:10886000FDF7E6BA4CF628614CF6D822C2F20001B8
:10887000C2F200020978904218BF7047C80701D0C1
:1088800001F038BF704700007047000090F83E309C
:10889000202B0BD100294FF0010318BF002A01D172
:1088A0001846704790F83C30012B02D1022318463D
:1088B000704781B00123036381628285C2850022F3
:1088C0002221026480F83E100369016880F83C2090
:1088D0001BB1CA6842F48072CA604A6942F0010260
:1088E0004A61CA6842F02002CA60026B012A2FD195
:1088F000002200920A68009249680091009900BF26
:10890000016851E8031F026841F0100142E80313B7
:1089100003B3016851E8031F026841F0100142E807
:108920000313BBB1016851E8031F026841F0100155
:1089300042E8031373B1016851E8031F026841F074
:10894000100142E80313002B4FF00003D8D102E0DE
:10895000012300E0002301B0184670474CF658523E
:10896000C2F20002904218BF7047084601F0A0BF53
:1089700010B50446206850E8030F216820F4907079
:1089800041E80302BAB3206850E8030F216820F4DD
:10899000907041E8030272B3206850E8030F216829
:1089A00020F4907041E803022AB3206850E8030FD6
:1089B000216820F4907041E80302002ADAD11AE01D
:1089C000206850E8050F216820F0010041E8050209
:1089D000DAB1206850E8050F216820F0010041E875
:1089E000050292B1206850E8050F216820F00100CF
:1089F00041E805024AB1206850E8050F216820F0DF
:108A0000010041E80502002ADAD1206B012824D1B7
:108A1000206850E8030F216820F0100041E80302AD
:108A2000DAB1206850E8030F216820F0100041E817
:108A3000030292B1206850E8030F216820F0100073
:108A400041E803024AB1206850E8030F216820F092
:108A5000100041E80302002ADAD12068406940068C
:108A600035D500BF206850E8050F216820F0400090
:108A700041E80502DAB1206850E8050F216820F0CE
:108A8000400041E8050292B1206850E8050F2168D6
:108A900020F0400041E805024AB1206850E8050F87
:108AA000216820F0400041E80502002ADAD1A06BDD
:108AB00068B100210165FBF7E5FA40B1A06BFBF757
:108AC00033FB202803D110202064032010BD002098
:108AD0002021E08584F83E10206310BD10B50446C7
:108AE000206850E8030F216820F0C00041E803022D
:108AF000DAB1206850E8030F216820F0C00041E897
:108B0000030292B1206850E8030F216820F0C000F2
:108B100041E803024AB1206850E8030F216820F0C1
:108B2000C00041E80302002ADAD12068406900064B
:108B300035D500BF206850E8050F216820F080007F
:108B400041E80502DAB1206850E8050F216820F0FD
:108B5000800041E8050292B1206850E8050F2168C5
:108B600020F0800041E805024AB1206850E8050F76
:108B7000216820F0800041E80502002ADAD1606B0C
:108B800068B100210165FBF77DFA40B1606BFBF72E
:108B9000CBFA202803D110202064032010BD002030
:108BA0002021E08484F83D1010BD00004CF658519F
:108BB000C2F20001884218BF704701F031BE0000C8
:108BC000B0B582B001680A68CC684B6902F02F0525
:108BD000202D04F0200505D125B102B0BDE8B0403C
:108BE00003F0A8B85FEA027C1EBF03F0010E04F494
:108BF000907313EB0E0340D1036BD50618D5012BF0
:108C000016D114F0100313D0002201920A680192C9
:108C10004A680192019A4969490649D4818DC28DF9
:108C2000C38D002B18BF914240F0E98102B0B0BD66
:108C300013062CD514F0800329D090F83D20212A6A
:108C4000F4D18268B2F5805F03D10269002A00F096
:108C50005782026A531C036212784A60C28C013A3E
:108C60001304C284E2D1C86820F08000C860C868DC
:108C700040F04000C86002B0B0BDD30718BF14F484
:108C8000807340F0C880530700F1CB80D0E05206DB
:108C9000CCD514F04002C9D0CA6822F04002CA60A4
:108CA000202180F83D1002B0BDE8B04000F0D8BCF3
:108CB000826B11684B689DB2002DB7D0818D8D42BB
:108CC000B4D2C385D269B2F5807F00F0A18001687B
:108CD00051E8031F026821F4807142E80313DBB1FD
:108CE000016851E8031F026821F4807142E8031310
:108CF00093B1016851E8031F026821F4807142E8D2
:108D000003134BB1016851E8031F026821F480711D
:108D100042E80313002BDAD1016851E8051F02680D
:108D200021F0010142E80513BBB3016851E8051FBA
:108D3000026821F0010142E8051373B3016851E8AC
:108D4000051F026821F0010142E805132BB30168F9
:108D500051E8051F026821F0010142E80513002BCC
:108D6000DAD11AE0016851E8051F026821F04001DC
:108D700042E80513DBB1016851E8051F026821F0E4
:108D8000400142E8051393B1016851E8051F0268EC
:108D900021F0400142E805134BB1016851E8051F7D
:108DA000026821F0400142E80513002BDAD12021AE
:108DB00080F83E1000210163016851E8031F02683A
:108DC00021F0100142E80313DBB1016851E8031FF1
:108DD000026821F0100142E8031393B1016851E8E1
:108DE000031F026821F0100142E803134BB1016830
:108DF00051E8031F026821F0100142E80313002B21
:108E0000DAD1816B04460846FBF73CF9A18D204678
:108E1000C28D891A69E1036C43F0010303645307AF
:108E200006D5BEF1000F03D0036C43F002030364C8
:108E3000930706D5BEF1000F03D0036C43F0040383
:108E40000364BCF1000F06D55EEA050303D0036C92
:108E500043F008030364036C002B3FF4E7AE920673
:108E600005D525B1044602F065FF21682046496911
:108E7000026C01F0400102F00802891800F0B8808D
:108E8000016851E8031F026821F4907142E803135E
:108E9000BBB3016851E8031F026821F4907142E8F6
:108EA000031373B3016851E8031F026821F4907142
:108EB00042E803132BB3016851E8031F026821F451
:108EC000907142E80313002BDAD11AE0016851E8EF
:108ED000051F026821F0010142E80513DBB10168BA
:108EE00051E8051F026821F0010142E8051393B122
:108EF000016851E8051F026821F0010142E80513ED
:108F00004BB1016851E8051F026821F0010142E8F8
:108F10000513002BDAD1016B012924D1016851E836
:108F2000031F026821F0100142E80313DBB101685E
:108F300051E8031F026821F0100142E8031393B1C6
:108F4000016851E8031F026821F0100142E8031391
:108F50004BB1016851E8031F026821F0100142E89B
:108F60000313002BDAD1202180F83E100021016389
:108F700001684969490640F1BE80016851E8051F52
:108F8000026821F0400142E80513DBB1016851E8B5
:108F9000051F026821F0400142E8051393B1016802
:108FA00051E8051F026821F0400142E805134BB16A
:108FB000016851E8051F026821F0400142E80513ED
:108FC000002BDAD1816B002900F095804BF62952F5
:108FD000C0F60002044608460A65FBF793F800282D
:108FE0003FF424AEA06B016D02B0BDE8B04008476D
:108FF0000446FFF7DBFD0020206402B0B0BD891AF3
:10900000026852E8032F036822F4907243E80325B4
:10901000BDB3026852E8032F036822F4907243E85C
:10902000032575B3026852E8032F036822F4907297
:1090300043E803252DB3026852E8032F036822F4A6
:10904000907243E80325002DDAD11AE0026852E855
:10905000052F036822F0010243E80525DDB102680F
:1090600052E8052F036822F0010243E8052595B177
:10907000026852E8052F036822F0010243E8052543
:109080004DB1026852E8052F036822F0010243E85F
:109090000525002DDAD1202280F83E20002202632F
:1090A000026852E8032F036822F0100243E8032508
:1090B000DDB1026852E8032F036822F0100243E892
:1090C000032595B1026852E8032F036822F01002CD
:1090D00043E803254DB1026852E8032F036822F0EC
:1090E000100243E80325002DDAD189B202B0BDE8B1
:1090F000B040FFF733BC02B0BDE8B040FFF756BD4B
:10910000026A32F8023B6FF35F234B600262A5E50F
:10911000002804BF0120704710B5044690F83D00B8
:1091200028B9002084F83C00204600F021F82420D3
:1091300084F83D002068C16821F40051C1602046D8
:1091400002F076FE2068016921F4904101614169D5
:1091500021F02A014161C16841F40051C160002041
:109160002021206484F83D1084F83E1010BD0000DA
:109170002DE9F04387B00446006844F60001C4F2CC
:10918000000100268842CDE90566CDE90366029616
:1091900000F0A58041F20041C4F2010188424DD0A7
:1091A00041F20001C4F20101884240F0EB8043F635
:1091B00030000196C4F202004169002441F0100120
:1091C00041614169C4F2020401F010010191019969
:1091D0000196016802AD41F00201016001684FF0A3
:1091E000020801F0020101910199019601684FF016
:1091F000030941F0010101600068072700F0010048
:10920000019001988020029004F580602946CDE904
:109210000386CDF814900697FBF722FA4FF40070FE
:10922000CDE9020820462946CDE904690697FBF7F7
:1092300017FA25200021002225249EE043F6300065
:109240000196C4F20200416941F020014161416987
:1092500001F02001019101990196016841F040015E
:109260000160006802A900F04000019001984FF4ED
:10927000844002900220CDE90306032005900820D7
:1092800006900020C4F2020000F5C050FBF7E8F998
:1092900046F22800C4F202004CF2084500F5806056
:1092A000C2F200054FF0206185E843004FF44030E2
:1092B0004FF48062C5E908062846C5E90362C5E99E
:1092C0000566EE61FBF714F8002818BFFAF7ECFA10
:1092D000A563AC6347200621002247244DE043F6F6
:1092E00030000196C4F20200016941F4802101615D
:1092F000016901F48021019101990196016841F011
:1093000004010160006802A900F0040001900198C6
:109310004FF4406002900220CDE90306032005903F
:10932000072006900020C4F2020000F50060FBF761
:1093300097F94CF2A83546F22800C2F20005C4F2B3
:1093400002004FF0006185E843004FF440304FF4D5
:109350008062C5E908062846C5E90362C5E90566D5
:10936000EE61FAF7C5FF002818BFFAF79DFAA5636A
:10937000AC632720002100222724FCF705FE2046AD
:10938000FCF7F0FD07B0BDE8F08300007047000077
:109390002DE9F04381B0044690F83D0020280DD11E
:1093A0000E4600294FF0010018BF002A02D101B07B
:1093B000BDE8F08394F83C00012803D1022001B0FD
:1093C000BDE8F083012084F83C00002020642120C7
:1093D000994684F83D001546FBF718FAA584E58404
:1093E000A1688046B1F5805F03D12069002800F0B4
:1093F000EE8037460026002084F83C00E18C20688F
:10940000002900F0848009F1010509E087B117F80F
:10941000011B4160E18C0139E184E18C002976D0A7
:1094200001680906F2D44DB1B9F1000F17D11FE060
:1094300036F8021B00276FF35F21EAE7016809068F
:10944000E4D465B901680906E0D445B901680906A4
:10945000DCD425B901680906D8D4002DEED0FBF77D
:10946000D5F9A0EB0800484502D82068E6E700BF20
:10947000206850E8030F216820F4D07041E803020F
:10948000D2B3206850E8030F216820F4D07041E87F
:1094900003028AB3206850E8030F216820F4D070DB
:1094A00041E8030242B3206850E8030F216820F42A
:1094B000D07041E80302002ADAD11DE0206850E8AC
:1094C000050F216820F0010041E80502002A72D052
:1094D000206850E8050F216820F0010041E80502EE
:1094E000002A68D0206850E8050F216820F00100AC
:1094F00041E80502002A5ED0206850E8050F216887
:1095000020F0010041E80502002AD7D153E00168AC
:10951000490679D419F101055CD0B9F1000F6AD17F
:10952000206850E8030F216820F4D07041E803025E
:10953000BAB3206850E8030F216820F4D07041E8E6
:10954000030272B3206850E8030F216820F4D07042
:1095500041E803022AB3206850E8030F216820F491
:10956000D07041E80302002ADAD11AE0206850E8FE
:10957000050F216820F0010041E80502DAB12068FA
:1095800050E8050F216820F0010041E8050292B182
:10959000206850E8050F216820F0010041E805022D
:1095A0004AB1206850E8050F216820F0010041E829
:1095B0000502002ADAD1202084F83D0084F83E001C
:1095C000002084F83C00032001B0BDE8F0830027B0
:1095D00011E700BF0168490616D465B9016849065C
:1095E00012D445B9016849060ED425B90168490667
:1095F0000AD4002DEED0FBF709F9A0EB080048458E
:109600003FF68EAF2068E5E7202084F83D0000207B
:1096100001B0BDE8F083000090F83D30202B0BD165
:1096200000294FF0010318BF002A01D118467047E6
:1096300090F83C30012B02D102231846704701629A
:10964000002321218284C284036480F83D100168D4
:1096500080F83C30C86840F08000C8601846704709
:109660004CF65851C2F20001884208BF01F046BAD8
:109670004CF6D041C2F20001884218BF704710B5C5
:1096800040F21C54C2F20004012084F8B402D4F861
:10969000B00288B394F8B40201282DD1D4F8A802FE
:1096A00000EB001004EB40010A8C4CF6D040C2F2F3
:1096B0000000FFF7B1FF4FF0000C84F8B4C2D4F8FB
:1096C000B002C8B1D4F8A8224CF6CD41531CCCF658
:1096D000CC41A3FB011E02EB021104EB4101A1F8F6
:1096E00020C04FEA1E1101EB8101A3EB810101387B
:1096F000C4F8A812C4F8B002BDE8104070470000DA
:10970000FEE700004CF26840C2F20000FBF788B8A8
:109710004CF26840C2F20000FBF724B910B581B0EA
:1097200000210091806B40F24811C2F2000190F8D4
:109730003DC009684BF28952C908C1F2F842A1FB49
:109740000212110A2322514300910099F9B10099A4
:10975000013900910268116889051CD50099B1B1E1
:109760000099013900911168890514D5009971B1EA
:10977000009901390091116889050CD5009931B122
:1097800000990139009111688905DED403E0016C6C
:1097900041F020010164446B4FF0000E002C1CBF0F
:1097A0000021E163816B00291CBF0022CA630268AB
:1097B000002C136823F480631360A0F82AE018BF1C
:1097C000C4F850E000291CBF00230B65116821F08C
:1097D0000101116090F83D1060290BD1202180F823
:1097E0003D10002180F83E10016401B0BDE810403A
:1097F000FBF712B80CF0280128290DD1116841F0AF
:1098000001011160116841F4806111600021016360
:10981000282180F83D1005E0202180F83D1000212E
:1098200080F83E1001B0BDE81040FBF777BB0000A8
:1098300010B5044690F83D1090F83E00B0F11002CB
:1098400018BF0122403818BF0120024208BF222958
:109850000AD001F0280028280CD1002020632820FD
:1098600084F83D00206813E02068026822F400625A
:10987000026000E020684268120507D4602905D024
:10988000202184F83D10002184F83E10002121633E
:10989000416809051AD494F83D1060293CD1202173
:1098A00084F83D10002121644169490606D500690C
:1098B000616A0870616A206801316162016821F0A3
:1098C000010101602046FAF7A7FF45E0416821F455
:1098D00000614160606B90F83510012929D1A06BBF
:1098E00049F21D71C0F600010165FAF70BFC98B34F
:1098F00020684169490606D50069616A0870616A95
:10990000206801316162016821F0010101602020BD
:1099100084F83D00A06B1DE04169490605D500694A
:10992000616A0870606A013060622046FBF7F6FAEF
:1099300012E049F21D71C0F600010165FAF7E2FB81
:1099400050B12168606B0A6822F001020A60202190
:1099500084F83D10016D8847206C000704D0206812
:10996000416821F4E061416094F83D00216C4907B1
:1099700058BF10BD28280FD10020CFF6FF70E0623D
:1099800000212020216384F83D00204684F83E1009
:10999000BDE81040FBF774BB10BD0000C16A428DEA
:1099A000042A07D10168426A4B6823F480634B6044
:1099B000096911E0428D032A16D102680229536811
:1099C00023F48063536005D0042903D0116821F487
:1099D000806111601169426A1170416A013141620E
:1099E000418D013941857047428D022A11D10139DB
:1099F0000F2916D8DFE801F00810151015151515F8
:109A0000151515151515150801680A6822F48062E8
:109A10000BE00168426ACBE701680A6842F48062A1
:109A200003E001680A6842F400720A600969426A48
:109A30001170416A02684B1C4362438D013B4385B0
:109A400012694A70416A026801314162418D0139EF
:109A50004185516821F440715160202180F83D100A
:109A600090F83E200021402A80F83E1002D1016388
:109A7000FBF7C8BE12210163FBF704BB81B090F86D
:109A80003D1022290FD1418D04290ED30168426A6D
:109A900009691170416A01314162418D0139418585
:109AA000418D032959D001B07047C26A012954D8A9
:109AB000022A52D00021009140F24811C2F2000166
:109AC00009684BF28952C908C1F2F842A1FB02129F
:109AD000110A01EB8101009100990139009100996F
:109AE000002941D001680A68920517D5009A013A09
:109AF0000092009AC2B30A6892050FD5009A013A03
:109B00000092009A82B30A68920507D5009A013A3A
:109B10000092009A42B30A689205DDD40A6822F4E2
:109B200080620A604A6822F4E0624A600969426A17
:109B30001170416A01314162418D01394185202115
:109B400080F83D1090F83E200021402A80F83E1019
:109B500025D1016301B0FBF755BE0068416821F4CF
:109B60008061416001B07047016C41F020010164E7
:109B70000168426A4B6823F4E0634B600969117025
:109B8000416A01314162418D01394185202180F8CE
:109B90003D10002180F83E1001B0FBF7BFB9122143
:109BA000016301B0FBF76EBAC16A90F83D20212A2B
:109BB00018BF7047428D4AB1416A026811F8013BF3
:109BC00013614162418D01394185704711F5803F34
:109BD00018BF082917D101684A6822F4E0624A6078
:109BE0000A6842F400720A6000212022016380F8B2
:109BF0003D2090F83E2080F83E10402A08BFFBF739
:109C000003BEFBF741BA2029E5D001684A6822F477
:109C1000E0624A6011210163002180F83E1020219A
:109C200080F83D10FBF730BA90F83D1090F83EC038
:109C3000C26A038D002B08BF212919D0212905D024
:109C4000BCF1400F08BF222900D07047418D61B39D
:109C500090F83E10402908BF00F03EB8416A026803
:109C600011F8013B13614162418D01394185704713
:109C700012F5803F18BF082A1DD101684A6822F4F6
:109C8000E0624A600A6842F400720A600021202201
:109C9000016380F83D2090F83E2080F83E10402A75
:109CA00008BFFBF7B1BDFBF7EFB90068416821F4CD
:109CB000806141607047202ADFD001684A6822F441
:109CC000E0624A6011210163002180F83E102021EA
:109CD00080F83D10FBF7D8B990F83D10026D3AB10D
:109CE000026D012A0FD10168826CD2B20A611AE0BA
:109CF000C26C816C012A12D10268C9B21161016D76
:109D0000023101657047026D022A18BF704722298F
:109D10000DD101680A6842F480720A6003E00268AB
:109D2000C1F307211161016D013101657047428D59
:109D30005AB1212909D1416A026811F8013B136126
:109D40004162418D013941857047428D002A08BF2B
:109D5000212900D0704701684A6822F4E0624A6015
:109D60000A6842F400720A6000212022016380F830
:109D70003D2080F83E10FBF747BD00002DE9F0477D
:109D800082B0044600680B9D0A9E0768994647F416
:109D9000806707600768904647F4807303604369F3
:109DA0008A46DA0712D1771C03E000BF4169C90770
:109DB0000CD1002FFAD0FAF729FD002E00F0B68062
:109DC000401BB04200F2B2802068EFE70AF0FE0AC2
:109DD000C0F810A0014651F8142F920719D4771C2F
:109DE00006E000BF2068014651F8142F920710D4F6
:109DF0004269520500F1B280002FF4D0FAF706FD57
:109E0000002E4FF0200100F0B180401BB042E9D994
:109E1000ACE000210191014651F8142F01924A68EB
:109E20000192019A0A68120617D4771C06E000BF57
:109E30002068014651F8142F12060ED442695205CB
:109E40005BD4002FF5D0FAF7E1FC002E4FF0200193
:109E500057D0401BB042EBD953E0B9F1010F1DD0F0
:109E60004FEA18210161014651F8142F120615D44A
:109E7000771C04E0014651F8142F12060ED44269F3
:109E800052053AD4002FF5D0FAF7C0FC4FF020016C
:109E9000BEB3401BB04234D82068EBE75FFA88F1CC
:109EA0000161014651F8142F120615D4771C05E004
:109EB0002068014651F8142F12060DD4426952054C
:109EC0001BD4002FF5D0FAF7A1FC4FF02001C6B14A
:109ED000401BB042ECD914E00168002241F48071CB
:109EE000016020464FF001113346009500F072F9F1
:109EF00000284BD02068006827E06FF4806008607D
:109F0000042100202022206384F83D2084F83E00B4
:109F1000226C1143216484F83C00206C042831D168
:109F20002068016841F4007101602BE000202021CD
:109F3000206384F83D1084F83E00216C41F020013C
:109F40002164216884F83C000868C00544BF4FF4D0
:109F500000702064032002B0BDE8F087026842F47C
:109F6000007202606FF480600860042100202022EB
:109F7000206384F83D2084F83E00226C1143216464
:109F800084F83C00012002B0BDE8F08727684AF061
:109F9000010C0221C0F20101204632462B46C7F8CF
:109FA00010C002B0BDE8F04700F05AB92DE9F04703
:109FB00082B00446006890460268DDF82CA042F4A6
:109FC0008072026042690A9E9946D2070F4610D1FC
:109FD000751C02E04169C9070BD1002DFAD0FAF7D0
:109FE00015FC002E74D0A0EB0A00B04270D8206897
:109FF000F0E707F0FE010161014651F8142F9207C6
:10A0000018D4771C06E000BF2068014651F8142FD1
:10A0100092070FD44269520572D4002FF5D0FAF797
:10A02000F5FB002E4FF0200172D0A0EB0A00B042E9
:10A03000EAD96DE000210191014651F8142F0192F7
:10A040004A680192019A0A68120617D4771C05E043
:10A050002068014651F8142F12060FD442695205A8
:10A0600063D4002FF5D0FAF7D1FB002E4FF020017A
:10A070005FD0A0EB0A00B042EAD95AE0B9F1010F73
:10A080001FD04FEA18210161014651F8142F120622
:10A0900017D4771C05E000BF014651F8142F1206B3
:10A0A0000FD44269520540D4002FF5D0FAF7AEFB29
:10A0B0004FF02001EEB3A0EB0A00B04239D820687F
:10A0C000EAE75FFA88F10161002002B0BDE8F0879D
:10A0D00000202021206384F83D1084F83E00216C8C
:10A0E00041F020012164216884F83C000868C00523
:10A0F00044BF4FF400702064032002B0BDE8F08735
:10A10000026842F4007202606FF48060086004210B
:10A1100000202022206384F83D2084F83E00226C39
:10A120001143216484F83C0017E06FF480600860FC
:10A13000042100202022206384F83D2084F83E0082
:10A14000226C1143216484F83C00206C042804D163
:10A150002068016841F400710160012002B0BDE88F
:10A16000F0870000F0B581B004460068154603464C
:10A1700053F8147F7A0717D40E464F1C05E000BF32
:10A18000034653F8141F49070ED4416949050ED4FC
:10A19000002FF5D0FAF73AFB4FF020015EB1401BDB
:10A1A000B04208D82068EBE7002001B0F0BD6FF4A2
:10A1B00080600421186000202022206384F83D2064
:10A1C00084F83E00226C1143216484F83C00012095
:10A1D00001B0F0BD2DE9F04782469046DAF8002044
:10A1E00001F47F001827B0F5803F08BF1427D0592D
:10A1F0008DB22840401BB0FA80F0400980452BD139
:10A20000DDF820901E465C1C0AE000BFDAF8000072
:10A21000C0592840401BB0FA80F0400980451BD14E
:10A22000002CF3D0FAF7F2FA1EB1A0EB0900B0420D
:10A23000ECD900202021CAF830008AF83D108AF8B5
:10A240003E00DAF8401041F02001CAF840108AF8C8
:10A250003C000120BDE8F0870020BDE8F087000049
:10A260002DE9F041044600689846034653F8146F00
:10A270008FB206EA0701B94202D10020BDE8F081A1
:10A280001646551C06E000BF034653F8141F39401C
:10A29000B942F2D0416949050CD4002DF4D0FAF747
:10A2A000B5FA4FF020016EB1A0EB0800B04209D81A
:10A2B0002068E9E7016841F4007101606FF4806093
:10A2C0000421186000202022206384F83D2084F8B7
:10A2D0003E00226C1143216484F83C000120BDE85B
:10A2E000F0810000F0B581B04CF26846C2F2000681
:10A2F0000546B0420C460CD04CF2BC40C2F2000005
:10A30000854206D04DF2F040C0F60200132100F065
:10A31000E1F948F61C4048F63047C2F20000C2F2AC
:10A320000007B54208BF07460020387400F0FAFC69
:10A33000C7E9010401B0F0BDB0B54CF26845C2F206
:10A3400000050446A8420CD04CF2BC40C2F200000A
:10A35000844206D04DF2F040C0F60200132100F016
:10A36000B9F948F6304148F61C40C2F20001C2F289
:10A3700000000C31AC4208BF00F10C010868B0BD10
:10A380002DE9F04784B0DDE90CA80F46044650469D
:10A39000414699461646F6F72CFB204607F010FB7F
:10A3A00070B30E9D2046394632464B46022D28BFDB
:10A3B0000225CDE900A80295FBF728FA20B34CF25C
:10A3C0006841C2F200018C4222D04CF2BC42C2F27F
:10A3D000000294421CD04DF2F044C0F6020406463E
:10A3E0002046132100F076F948F63045C2F2000508
:10A3F000012028742046132100F06CF9304615E046
:10A40000032004B0BDE8F087002004B0BDE8F08769
:10A4100048F6304548F61C42C2F200058C424FF027
:10A420000101C2F2000208BF15462974E968013132
:10A43000E96004B0BDE8F0872DE9F04184B09846AA
:10A4400016460F46044607F0BBFA80B30C9DDDE9C3
:10A450000A10022D28BF0225CDE9001020463946FA
:10A46000324643460295FBF749FB20B34CF2684164
:10A47000C2F200018C4222D04CF2BC42C2F2000275
:10A4800094421CD04DF2F044C0F602040646204629
:10A49000132100F01FF948F63045C2F200050120F3
:10A4A00028742046132100F015F9304615E00320EA
:10A4B00004B0BDE8F081002004B0BDE8F08148F6AA
:10A4C000304548F61C42C2F200058C424FF00101B3
:10A4D000C2F2000208BF15462974E9680131E9603B
:10A4E00004B0BDE8F0810000B0B54CF26845C2F29E
:10A4F00000050446A8420CD04CF2BC40C2F2000059
:10A50000844206D04DF2F040C0F60200132100F064
:10A51000E1F848F6304148F61C40C2F20001C2F2B0
:10A5200000001031AC4208BF00F11001087880F043
:10A530000100B0BD2DE9F04182B0884604461046C6
:10A5400019461D461646F6F754FA204607F038FA23
:10A5500060B3089F2046414632462B46022F28BF53
:10A5600002270097FAF792FD20B34CF26841C2F23D
:10A5700000018C4222D04CF2BC42C2F20002944252
:10A580001CD04DF2F044C0F60204064620461321CA
:10A5900000F0A0F848F63045C2F20005012028740A
:10A5A0002046132100F096F8304615E0032002B053
:10A5B000BDE8F081002002B0BDE8F08148F63045EA
:10A5C00048F61C42C2F200058C424FF00101C2F273
:10A5D000000208BF15462974E9680131E96002B03C
:10A5E000BDE8F08170B54CF26846C2F20006044640
:10A5F000B0420D460CD04CF2BC40C2F20000844286
:10A6000006D04DF2F040C0F60200132100F062F8CF
:10A6100048F6304148F61C40C2F20001C2F2000088
:10A62000B44208BF01460D6070BD00002DE9F04145
:10A6300082B0984616460F46044607F0C1F960B34B
:10A64000089D2046394632464346022D28BF022542
:10A650000095FAF75BFF20B34CF26841C2F20001AB
:10A660008C4222D04CF2BC42C2F2000294421CD076
:10A670004DF2F044C0F6020406462046132100F0D5
:10A6800029F848F63045C2F200050120287420461A
:10A69000132100F01FF8304615E0032002B0BDE89A
:10A6A000F081002002B0BDE8F08148F6304548F660
:10A6B0001C42C2F200058C424FF00101C2F20002BE
:10A6C00008BF15462974E9680131E96002B0BDE8A8
:10A6D000F0810000054604200C4619F02FFEEFF330
:10A6E000108072B64BF63C60C2F200008567C4670A
:10A6F000FEE700004AF2C800C2F20000006800282D
:10A7000008BF704710B582B000F00CFB044618F08B
:10A7100067FF4BF2D070C2F20000006848F2A061FF
:10A72000201AC0F20101884203D30220012118F04F
:10A730001DFF4BF69410C2F2000001680131016068
:10A7400000F0F0FA4BF2C851C2F2000108604BF67B
:10A750003C60C2F20000426A013242620020019075
:10A760000968032011F0A4FB4BF2EC10C2F20000C8
:10A77000006801A91EF028F9019850B14EF6045066
:10A78000CEF200004FF080510160BFF34F8FBFF356
:10A790006F8F02B0BDE81040704700004AF2C80059
:10A7A000C2F200000068002808BF704780B582B080
:10A7B0004AF2C400C2F2000000210068019101A920
:10A7C0001EF030FD019850B14EF60450CEF200005C
:10A7D0004FF080510160BFF34F8FBFF36F8F02B016
:10A7E000BDE88040704700004AF2C800C2F2000095
:10A7F0000068002818BF01207047000040F218517F
:10A80000C2F20001096800291CBF0120704740F214
:10A810001051C2F200010968401A18BF01207047A8
:10A820004AF2C800C2F200000068002808BF704762
:10A83000B0B582B04BF63C60C2F20000C16B4CF682
:10A8400058540131C16343F23420C2F200000025A4
:10A850000121C2F20004456680F86C102046FEF724
:10A8600087F84AF2CC01C2F2000120466422FEF7CA
:10A870000DF84BF21060C2F200000068019501ADC6
:10A8800002210122002300951EF0C8FF019850B15B
:10A890004EF60450CEF200004FF080510160BFF33D
:10A8A0004F8FBFF36F8F02B0BDE8B040704700001C
:10A8B0004AF2C801C2F200010968002908BF7047C6
:10A8C0002DE9F04F9FB004460020642C1E900FD954
:10A8D00043F23421C2F200014866012081F86C0085
:10A8E0004BF63C60C2F20000816B01318163E1E014
:10A8F000002C00F0DF800DF1080808F10A004AF290
:10A90000CC0943F23425019008F104004FF0000A0D
:10A91000C2F20009C2F200054FF0000B009006E001
:10A9200085F86CA00BF1010BA34500F0C38019F86A
:10A930000B6000F0F7F9696E81B1AA6E4DF29003D9
:10A94000821AC0F203039A4204D3002101226966ED
:10A9500085F86C200D2E04D105E000BF00210D2EDE
:10A9600001D00A2E22D195F86C000128D8D00029F8
:10A97000D8D004396A18D07820282FD1C81C68662E
:10A9800012D09378202B2BD1881C68660CD052787B
:10A99000202A25D1481C686606D06A5C202A1FD16F
:10A9A00069660439081DE5D1002019E095F86C208E
:10A9B000002AB7D1A6F17F0212F15F0F08D36329F5
:10A9C00006D2002908BFA866481C68666E54A9E72D
:10A9D0000120C5F864A085F86C00A3E7081D00BF3E
:10A9E00005F800A02F78C5F864A0002F9AD028465B
:10A9F000F5F716FF0646032808BF4F2F30D16878B9
:10AA000046282DD1A87846282AD14746EFF310884A
:10AA1000EFF3108072B640F21850C2F2000001212C
:10AA200001604BF2F410C2F2000040F21051C0F885
:10AA300000A0C2F200010868013008604BF2CC703F
:10AA4000C2F20000006828B94BF63C60C2F2000078
:10AA50000921C160002000F083F888F31088B8460F
:10AA600000986C21F5F7E7FF40F21050C2F20000A9
:10AA70000068029000F056F903900198294632468A
:10AA8000ADF81060F5F736FF4BF2FC10C2F2000093
:10AA9000D0F8C80341461EAA00231EF02FFB012850
:10AAA0003FF440AF4BF63C61C2F20001886B0130CD
:10AAB000886337E74CF658504AF2CC01C2F20000E6
:10AAC000C2F200016422FDF7E1FE30B14BF63C60BA
:10AAD000C2F20000C16B0131C1631E9850B14EF645
:10AAE0000450CEF200004FF080510160BFF34F8F51
:10AAF000BFF36F8F1FB0BDE8F04F70474AF2C80038
:10AB0000C2F200000068002808BF704780B582B01C
:10AB10004BF21060C2F200000021006801910DF1BB
:10AB2000040C012101220023CDF800C01EF076FEA6
:10AB3000019850B14EF60450CEF200004FF0805113
:10AB40000160BFF34F8FBFF36F8F02B0BDE880404D
:10AB5000704700004CF21050C2F20000FBF762B9DF
:10AB60007047000080B542F20800CEF20400016890
:10AB7000022221F4805101604CF2105043F2000196
:10AB8000C2F20000C4F2000140F2E73380E80E0098
:10AB9000FBF71AF9002808BF80BDBDE88040F8F730
:10ABA00083BE000043F67401C4F2020108680A681B
:10ABB000C0F3407042F080720A60704770B5B2B066
:10ABC0004AF2C802C2F2000212680C460546A2B35D
:10ABD000EFF3058018B120A02D21FFF77BFD01AE1A
:10ABE0003046C221F5F727FF601E80B2BF2816D875
:10ABF000B01C29462246ADF80440F5F77BFE4AF228
:10AC00008050C2F20000D0F8680C314600220023C8
:10AC10001EF044F9012802D1012032B070BD1DF0B0
:10AC2000E1FD4BF63C60C2F20000016C01310164B1
:10AC30001DF0FAFD002032B070BD4CF65850C2F243
:10AC40000000294622466423FEF7A2FBB0FA80F0FA
:10AC5000400932B070BD00BF2E2E2F2E2E2F7573DF
:10AC60006572436F64652F7461736B732F537263E6
:10AC70002F556172745472616E736D69745461738F
:10AC80006B2E637070000000F0B587B04CF6A057D3
:10AC9000C2F20007397824250446C4F2000571BBCE
:10ACA00002A801A9FCF7EAF9FCF70EFA05990022BF
:10ACB00043F64003002918BF01210092C4F20203A9
:10ACC0001E68884046F00101196019684DF68363DB
:10ACD000C4F21B33A0FB030301F0010000900098B5
:10ACE0004FF0FF314FF0804001EB934302606B6007
:10ACF000A960012145F8101C2A600160397028689C
:10AD00002968091AA1420BD22968091AA14207D25F
:10AD10002968091AA14203D22968091AA142EFD36E
:10AD200007B0F0BD4CF6A050C2F200000078012838
:10AD300004D12420C4F200000068704780B5F9F700
:10AD400065FD4FF47A71484380BD0000B0B588B00E
:10AD50004CF6A055C2F20005287880BB03A802A9D2
:10AD6000FCF78CF9FCF7B0F90699002243F6400392
:10AD7000002918BF01210192C4F202031C68884017
:10AD800044F00101196019684DF68363C4F21B3366
:10AD9000A0FB030301F00100019001984FF0FF3187
:10ADA00014244FF0804001EB9343C4F2000402608E
:10ADB0006361A1610121216022610160297008B0F5
:10ADC000B0BD0000B0B584B04CF2A81042F2000152
:10ADD00001230024C2F20000C4F201010125C0F6E3
:10ADE000007303944FF48032057680F82040C0E968
:10ADF0000A34C56180F8304080E81600C0E9034499
:10AE00004561F8F7F3FD002818BFF8F74DFD112054
:10AE1000CDE900054CF2A810C2F200006946029488
:10AE2000F8F74AFD002818BFF8F73EFD04B0B0BDA2
:10AE3000B0B584B04CF2F01042F20021012300249E
:10AE4000C2F20000C4F201010125C0F600730394B0
:10AE50004FF48032057680F82040C0E90A34C5619D
:10AE600080F8304080E81600C0E903444561F8F7F7
:10AE7000BDFD002818BFF8F717FD0820CDE9000533
:10AE80004CF2F010C2F2000069460294F8F714FD8B
:10AE9000002818BFF8F708FD04B0B0BD80B54CF22B
:10AEA000382046F20041C2F20000C4F20001032241
:10AEB000002380E80E0000F10C014FF4102C4FF439
:10AEC000001E81E8085083618383F8F7ADFF0028F6
:10AED00008BF80BDBDE88040F8F7E6BC80B54CF205
:10AEE000602046F60001C2F20000C4F20001032215
:10AEF000002380E80E0000F10C014FF4102C4FF4F9
:10AF0000001E81E8085083618383F8F78DFF0028D5
:10AF100008BF80BDBDE88040F8F7C6BC80B582B0F0
:10AF2000002043F630010190C4F202010A6842F4A5
:10AF300000120A600A6802F400120192019A00905D
:10AF40000868002240F4800008600868002100F4CE
:10AF50008000009000980C20FBF716F80C20FBF7FF
:10AF600001F80F2000210022FBF70EF80F20FAF75E
:10AF7000F9FF382005210022FBF706F83820FAF700
:10AF8000F1FF392000210022FAF7FEFF3920FAF7FD
:10AF9000E9FF3B2005210022FAF7F6FF3B2002B033
:10AFA000BDE88040FAF7DEBF2DE9F04F87B00025FD
:10AFB00043F630000695CDE90455CDE902550195DB
:10AFC000C4F20200016840F2000941F00201016090
:10AFD0000168C4F2020901F0020101910199019591
:10AFE000016809F5C05741F0400101600168012284
:10AFF00001F040010191019901950168402641F05D
:10B00000010101600168012401F001010191019930
:10B010000195016841F008010160016801F0080133
:10B02000019101990195016841F0040101600168F5
:10B0300001F00401019101990195016841F48071C9
:10B040000160016801F48071019101990195016825
:10B0500041F020010160016801F020010191019996
:10B060000195016841F080010160016801F08001F3
:10B07000019101990195016841F01001016000689A
:10B08000402100F01000019001983846F9F7B8FB14
:10B090004846102101224FF0100BF9F7B1FB09F5DA
:10B0A0008068404645F201010122F9F7A9FBCDE98C
:10B0B000026402AE38463146CDE90444F9F7D0FACD
:10B0C000082002904FF4041A38463146CDE903A413
:10B0D000F9F7C6FA4FF44410CDE903054846314666
:10B0E0000294F9F7BDFA022548463146CDE902B48B
:10B0F00004940595F9F7B4FA3020CDE9020A09F570
:10B10000006031460494F9F7ABFA45F20100CDE94D
:10B11000020440463146CDE90445F9F7A1FA06207C
:10B120000A210022FAF730FF0620FAF71BFF092058
:10B1300005210022FAF728FF0920FAF713FF0A2059
:10B1400005210022FAF720FF0A20FAF70BFF17204B
:10B1500005210022FAF718FF1720FAF703FF07B0BE
:10B16000BDE8F08F80B54CF2684045F60001C2F2B0
:10B170000000C4F2000141F6802200234FF4804C0D
:10B18000C0F2060280E80E00C0E9033CC0E90533C6
:10B19000C0E90733F9F7C4FE002808BF80BDBDE849
:10B1A0008040F8F781BB000080B54CF2BC4045F60A
:10B1B0000041C2F20000C4F2000141F680220023E7
:10B1C0004FF4804CC0F2060280E80E00C0E9033C58
:10B1D000C0E90533C0E90733F9F7A2FE002808BF2C
:10B1E00080BDBDE88040F8F75FBB0000B0B54CF60D
:10B1F000282043F20001C2F20000C4F201014FF422
:10B200008272002380E80E0000F10C014FF0020C66
:10B210004FF0010E4FF40074382581E808500A21E0
:10B22000C0E90645C0E90833C0E90A31FCF7F0F986
:10B23000002808BFB0BDBDE8B040F8F735BB00003E
:10B2400080B54CF6802043F60001C2F20000C4F243
:10B2500000014FF4827200234FF4007C80E80E005E
:10B260000A21C0E90333C0E9053CC361C0E90833E2
:10B27000C0E90A31FCF7CCF9002808BF80BDBDE861
:10B280008040F8F711BB000080B588B04CF6203044
:10B2900044F200420021C2F20000C4F2010241F275
:10B2A0008733CDE90611CDE90411C0E90021C0E9D9
:10B2B000021301618161FCF7BFFC002818BFF8F799
:10B2C000F3FA4CF62030C2F20000FDF7C1F9002875
:10B2D00018BFF8F7E9FA602001900020CDE90200DC
:10B2E00005904CF62030C2F2000001A90022FDF7C3
:10B2F000A5F8002818BFF8F7D7FA4CF62030C2F2AC
:10B300000000FCF7BBFF08B080BD000010B596B090
:10B310004CF6D82000220021C2F20000C4F2010243
:10B3200040F25F4340F2E7341591CDE913111191DA
:10B33000CDE90F11CDE90D11CDE90B11CDE90911C1
:10B34000CDE90711CDE90511CDE90311CDE90111D1
:10B35000C0E90023C0E90214C0E904118161FCF7CF
:10B360006BFC002818BFF8F79FFA4FF4805012903A
:10B370004CF6D820C2F2000012A9FCF7F9FD002813
:10B3800018BFF8F791FA4CF6D820C2F20000FDF78A
:10B390005FF9002818BFF8F787FA4CF6D820002488
:10B3A000C2F2000010A9CDE91044FCF7E9FB002827
:10B3B00018BFF8F779FA602009904FF4FA60CDE9E8
:10B3C0000A044CF6D820C2F2000009A90022CDE9F7
:10B3D0000C44CDE90E44FDF731F8002818BFF8F70A
:10B3E00063FA00200A904CF6D820C2F2000009A9A6
:10B3F0000422FDF723F8002818BFF8F755FA4FF498
:10B40000FA600A904CF6D820C2F2000009A908227E
:10B41000FDF714F8002818BFF8F746FA4CF6D820C4
:10B42000C2F2000009A90C22FDF708F8002818BF95
:10B43000F8F73AFA00200590CDE90300CDE90100C4
:10B440004FF4005108904CF6D8200691C2F200004B
:10B4500001A9FCF76FFB002818BFF8F725FA4CF696
:10B46000D820C2F20000FCF709FF16B010BD0000A2
:10B4700010B58EB04CF6683040F600020021C2F2E2
:10B480000000C4F2000245F207230D91CDE90B1133
:10B490000991CDE90711CDE90511CDE90311CDE9F8
:10B4A0000111C0E90021C0E9021301618161FCF7CB
:10B4B000C3FB002818BFF8F7F7F94FF480500A9043
:10B4C0004CF66830C2F200000AA9FCF751FD0028D2
:10B4D00018BFF8F7E9F94CF66830C2F20000FDF742
:10B4E000B7F8002818BFF8F7DFF94CF668300024E9
:10B4F000C2F2000008A9CDE90844FCF741FB00288E
:10B5000018BFF8F7D1F96020CDE901044CF6683096
:10B51000C2F2000001A9082203940594FCF78EFFF3
:10B52000002818BFF8F7C0F94CF66830C2F20000E6
:10B53000FCF7A4FE0EB010BD10B58EB04CF6B030C6
:10B5400040F600420021C2F20000C4F200024FF6B1
:10B55000FF730D91CDE90B110991CDE90711CDE9EB
:10B560000511CDE90311CDE90111C0E90021C0E9C0
:10B57000021301618161FCF75FFB002818BFF8F737
:10B5800093F94FF480500A904CF6B030C2F20000AC
:10B590000AA9FCF7EDFC002818BFF8F785F94CF66E
:10B5A000B030C2F20000FDF753F8002818BFF8F7DA
:10B5B0007BF94CF6B0300024C2F2000008A9CDE9B6
:10B5C0000844FCF7DDFA002818BFF8F76DF9602091
:10B5D000CDE901044CF6B030C2F2000001A900220E
:10B5E00003940594FCF72AFF002818BFF8F75CF9CC
:10B5F0004CF6B030C2F2000001A90422FCF71EFF95
:10B60000002818BFF8F750F942F2107002904CF67B
:10B61000B030C2F2000001A90822FCF70FFF002899
:10B6200018BFF8F741F94CF6B030C2F20000FCF751
:10B6300025FE0EB010BD000080B582B04CF6F8308B
:10B6400041F200020021C2F20000C4F20002D12344
:10B6500040F2E73CCDE90011C0E90023C0E9021C3B
:10B660008161FCF7E9FA002818BFF8F71DF94CF6DC
:10B67000F830C2F200006946FCF782FA002818BFD1
:10B68000F8F712F902B080BD10B596B04CF68840BC
:10B6900040F200420021C2F20000C4F20102A723DE
:10B6A00044F61F641591CDE913111191CDE90F11E5
:10B6B000CDE90D11CDE90B11CDE90911CDE9071146
:10B6C000CDE90511CDE90311CDE90111C0E9002350
:10B6D000C0E90214C0E904118161FCF7ADFA002849
:10B6E00018BFF8F7E1F84FF4805012904CF68840FC
:10B6F000C2F2000012A9FCF73BFC002818BFF8F7C3
:10B70000D3F84CF68840C2F20000FCF7A1FF0028F5
:10B7100018BFF8F7C9F84CF688400024C2F20000C0
:10B7200010A9CDE91044FCF72BFA002818BFF8F750
:10B73000BBF8602009904FF4FA60CDE90A044CF69A
:10B740008840C2F2000009A90022CDE90C44CDE9ED
:10B750000E44FCF773FE002818BFF8F7A5F84CF666
:10B760008840C2F2000009A90422FCF767FE002805
:10B7700018BFF8F799F84CF68840C2F2000009A902
:10B780000822FCF75BFE002818BFF8F78DF80020B0
:10B790000590CDE90300CDE901004FF40051089078
:10B7A0004CF688400691C2F2000001A9FCF7C2F9EC
:10B7B000002818BFF8F778F84CF68840C2F200006D
:10B7C000FCF75CFD16B010BD80B54CF6D04041F2E0
:10B7D0000001C2F20000C4F201014FF4165200232E
:10B7E00080E80E0000F10C014FF4806C4FF00C0E5D
:10B7F00081E80850C0E90633FDF78AFC002808BF3D
:10B8000080BDBDE88040F8F74FB8000080B54CF629
:10B81000145044F60001C2F20000C4F2000148F2E4
:10B82000A06200234FF00C0CC0F2010280E80E0071
:10B83000C0E90333C0E905C3C361FDF769FC002813
:10B8400008BF80BDBDE88040F8F72EB810B54CF6B3
:10B85000585041F2004CC2F20000C4F2010C4FF407
:10B86000E1324FF4805300214FF4806E0C24C0E984
:10B8700000C2C0E90231C0E904E4C0E90611FDF7E5
:10B8800047FC002808BF10BDBDE81040F8F70CB811
:10B8900080B54BF6CC6040F24001C2F20000C2F22B
:10B8A0000001002200F0A2FF002818BFF7F7FCFFFC
:10B8B0004BF6CC6040F24C11C2F20000C2F2000123
:10B8C00001F0F6F9002818BFF7F7EEFF4BF6CC6051
:10B8D00040F2E811C2F20000C2F2000100F0CEFC1A
:10B8E000002818BFF7F7E0FF4BF6CC60C2F200006B
:10B8F00001F008FA002808BF80BDBDE88040F7F7D6
:10B90000D3BF0000FEE70000704700004CF21C505F
:10B91000C2F20000FAF71CBD0000000000000000A9
:10B92000EFF30980BFF36F8F154B1A681EF0100FED
:10B9300008BF20ED108A20E9F04F10602DE90900C2
:10B940004FF0500080F31188BFF34F8FBFF36F8F1C
:10B950001DF00AF94FF0000080F31188BDE80900DE
:10B9600019680868B0E8F04F1EF0100F08BFB0EC7F
:10B97000108A80F30988BFF36F8F704700BF00BF44
:10B98000A4CD00204CF68020C2F20000FBF7B4BD2D
:10B99000806B0021C187C186FBF7ACBD2DE9F04368
:10B9A00081B01E4690460D468146F8F72FFF301AAB
:10B9B00000EB0807F8F72AFF40F24811C2F2000135
:10B9C0000968C1F3CB3179430091D9F800108A6836
:10B9D0002A40AA421AD1064608F1010404E000BF39
:10B9E00088682840A84211D1002CF9D0F8F70EFF42
:10B9F000801BB8420ED2009800990028A1F10101E5
:10BA00000091D9F8001008BF0746E9E7002001B00F
:10BA1000BDE8F083D9E900014268B1F5827F22F0E8
:10BA2000E00242600BD1D9F80810B1F5004F02D006
:10BA3000B1F5806F03D1016821F040010160D9F8B0
:10BA40002810B1F5005F07D1016821F400510160B1
:10BA5000016841F400510160012089F85100002083
:10BA600089F85000032001B0BDE8F0830000000019
:10BA7000074B19680868B0E8F04F80F30988BFF3F6
:10BA80006F8F4FF0000080F31188704700BF00BF38
:10BA9000A4CD002080B51DF065FF012808BF80BD42
:10BAA000BDE880401DF080B970B592B006AC20466C
:10BAB0003021F4F7C0FF002543F640000595CDE99D
:10BAC0000355CDE901550095C4F202000168022634
:10BAD00041F080510160006800F0805000900098B3
:10BAE00047F200000095C4F20000016841F4804173
:10BAF0000160006800F480400090009809200690E2
:10BB00004FF48030079001200B904FF480000D908F
:10BB100006200E90A820CDE90F06072011902046A0
:10BB20000C96FBF72FFB30B14DF2B420C0F60200AB
:10BB30000021FEF7CFFD0F20CDE901064FF4A05004
:10BB400004904FF48050059001A805210395FBF760
:10BB5000E5F930B14DF2B420C0F602000021FEF745
:10BB6000B9FD12B070BD00004EF68850CEF2000054
:10BB700001684FF0000C41F47001016043F60001D0
:10BB8000C4F202010A6842F001020A60C1F808C06A
:10BB90000B684FF6FF72CFF6F6621A400A6043F266
:10BBA0001002C2F200424A600A6822F480220A604F
:10BBB000C1F80CC04FF0006140F8801C70470000D5
:10BBC0004CF6D820C2F20000FCF7A2BA80B54CF6C1
:10BBD000D820C2F20000FCF79BFA4CF62030C2F2EB
:10BBE0000000BDE88040FCF793BA00004CF6F83046
:10BBF000C2F20000FCF78CBA4CF64040C2F20000E2
:10BC0000FCF786BA10B540F6FF3E0368C4F2000E9A
:10BC100040F2004C7045C4F2010C0FDCB0F1804FD3
:10BC200019D040F20042C4F20002904213D040F614
:10BC30000002C4F2000290420DD010E040F6004233
:10BC4000C4F20002904206D0604504D00022C4F243
:10BC50000102904203D14A6823F07003134341F676
:10BC6000FF72C4F2000290420FDC704521DCB0F19B
:10BC7000804F41D040F20042C4F2000290423BD0DB
:10BC800040F60002C4F2000234E043F6FF72C4F250
:10BC9000010290421EDC42F20002C4F20002904215
:10BCA0002AD00022C4F20102904225D0604523D060
:10BCB00026E040F60042C4F2000290421CD041F659
:10BCC0000002C4F20002904216D041F60042C4F2D3
:10BCD00000020FE044F20002C4F2010290420BD0D5
:10BCE00044F60002C4F20102904205D044F2004240
:10BCF000C4F20102904203D1CA6823F44073134393
:10BD000023F080024B69D1F800E08C681A4302608E
:10BD1000C46240F48062C0F828E0624504BF09694B
:10BD200001630121416110BD806B0021C185C18487
:10BD3000FCF73CBF81B090F83E10222920D18368E7
:10BD40000246B3F5805F08D152F8281F52F8183C1C
:10BD5000002B61D003685B6809E052F8281F13B913
:10BD60000369002BF6D003685B6803F07F030B7058
:10BD7000116801311160C18D01390A04C18501D0FA
:10BD800001B070470168CA6822F02002CA60CA6820
:10BD900022F48072CA604A6922F001024A612021BD
:10BDA00080F83E10016B01293ED10021016300BFE4
:10BDB000016851E8031F026821F0100142E80313F3
:10BDC000DBB1016851E8031F026821F0100142E86D
:10BDD000031393B1016851E8031F026821F01001B9
:10BDE00042E803134BB1016851E8031F026821F0D8
:10BDF000100142E80313002BDAD101680A68D20669
:10BE000006D5002200920A680092496800910099C4
:10BE1000818D01B0FCF7A2BD026852686FF35F220A
:10BE200021F8022B8162A6E701B0FDF7AFBA00004E
:10BE3000B0B50446006804F108030ECB0569194348
:10BE400025F440552A4302616269E3691143C268DF
:10BE5000194349F20C639A431143C1604169A269D5
:10BE600021F4407141F20043114340F48062C4F276
:10BE700001039A42416102D1FBF73AF901E0FBF775
:10BE800023F9E1694FF69C7563681922C0F6FF75C6
:10BE9000B1F5004FA0FB02011CD15A00DB0FF4F7F3
:10BEA00080FA48F21F51C5F2EB11A0FB01235A0999
:10BEB00005F1805302FB0300322303EBC000A0FB1B
:10BEC00001014FF4F87000EA111000EB0210C1F309
:10BED000421118E09A009B0FF4F763FA48F21F51E1
:10BEE000C5F2EB11A0FB01235A0902FB0500322326
:10BEF00003EB0010A0FB0101F02000EA511000EB61
:10BF00000210C1F34311084421688860B0BD0000ED
:10BF10004CF6D040C2F20000FCF752BE4CF658502E
:10BF2000C2F20000FCF74CBED0F8D42200EB820C29
:10BF3000DCF8C032002B04BF03207047B0B501F01D
:10BF40000F0404EB840200EB820E5EF8182F5AB146
:10BF5000D0F8C85204EBC40405EB8404A46CB2FB13
:10BF6000F4F505FB142292B10020C3F81402DCF8AA
:10BF7000C422D2F810C0BCF1000F08BFB0BDD3F886
:10BF800008020A4603F50471E0470020B0BD002214
:10BF90000023CEF8002000F06DFE0020B0BD0000B0
:10BFA000B0B5D0F8D42200EB8202D2F8C05295B1DD
:10BFB000044600F0FBFCD4F8D412C5F80C0204EBE4
:10BFC0008101D1F8C412D5F80402CA6805F50371DD
:10BFD00090470020B0BD0320B0BD000070B58121A6
:10BFE000044600F02BFC002520460121258700F0A7
:10BFF00025FC20468221A4F8785100F01FFCD4F8DB
:10C00000D402E56404F5307656F8201089B104EBCB
:10C010008000D0F8C40240688047D4F8D40256F8B3
:10C02000200001F0E1F8D4F8D40246F82050C4F81A
:10C03000BC52002070BD000010B5D0F8D41200EB47
:10C040008100D0F8C04284B1D0F8C41259B194F83C
:10C050000002FF2807D08B6894F8012221469847F8
:10C06000FF2084F80002002010BD032010BD000056
:10C07000014640F2C8100A22C2F200000A8070474E
:10C08000F0B581B040F28417C2F20007044638468A
:10C09000822100F0FFFA06463846012100F0FAFA44
:10C0A00005463846812100F0F5FA002E1CBF10210C
:10C0B000B171002D1CBF4021A98000281CBF402168
:10C0C0008180432140F28410C2F20000218001B03F
:10C0D000F0BD0000F0B581B040F28417C2F2000755
:10C0E00004463846822100F0D5FA0646384601213A
:10C0F00000F0D0FA05463846812100F0CBFA002E38
:10C100001CBF1021B171002D1CBF4FF40071A9801C
:10C1100000281CBF4FF400718180432140F284103D
:10C12000C2F20000218001B0F0BD0000F0B581B086
:10C1300040F28417C2F2000704463846822100F01C
:10C14000A9FA06463846012100F0A4FA0546384609
:10C15000812100F09FFA002E1CBF1021B171002D2B
:10C160001CBF4021A98000281CBF402181804321A1
:10C1700040F28410C2F20000218001B0F0BD000046
:10C180002DE9F04104464FF4077001F02FF8002824
:10C1900050D04FF407710546F4F74DFCD4F8D402A3
:10C1A000402704EB8000C0F8C052207CC4F8BC5289
:10C1B000002808BF4FF400772046812102223B4629
:10C1C000022600F073FC4FF00108204601210222F4
:10C1D0003B46A4F8388000F069FC1020A4F84E001B
:10C1E0002046822103220823A4F8788100F05EFC17
:10C1F000D4F8D4020027C5F8047204EB8000D0F80C
:10C20000C402A4F84C8000688047C5F81472C5F8D1
:10C210001872D5F8042252B1207C01210028204652
:10C2200014BF40234FF4007300F054FC0026304646
:10C23000BDE8F081D4F8D402002104EB8000C0F8FE
:10C24000C0120220BDE8F081D0F8D41200EB8101C9
:10C25000D1F8C012002904BF0320704780B590F8C0
:10C2600010C0D1F8042240230121BCF1000F08BF07
:10C270004FF4007300F02EFC002080BD00290FBF9A
:10C280000320D0F8D42200EB8200C0F8C41218BFFB
:10C2900000207047D0F8D42200EB8200D0F8C00212
:10C2A00000280EBF0320C0F80412002070470000D1
:10C2B000D0F8D43200EB8300D0F8C00200280FBFC2
:10C2C0000320C0F80812C0F81022002070470000B8
:10C2D000F0B581B0D0F8D42200EB8203D3F8C0428D
:10C2E0000022002C8DF80320ADF8002054D00D78EA
:10C2F00015F0600214D0202A4CD1CA881AB36DB24E
:10C30000B5F1FF3F27DD4978402A84F80012214625
:10C3100028BF402284F8012200F06CF800243CE0A1
:10C320004A780B2A36D80024DFE802F00637343486
:10C33000343434343434253090F89C22032A29D103
:10C34000694602221EE0D3F8C402002283684878BE
:10C350000024984721E0D3F8C43206469D684B7804
:10C360000F4618462146A847FA883046072A28BFB4
:10C370000722214606E090F89C22032A0AD10DF1FB
:10C380000301012200F050F8002406E090F89C22FE
:10C39000032A02D000F022F80324204601B0F0BDA9
:10C3A00080B5D0F8B82252689047002818BF032003
:10C3B00080BD0000002070470020704780B5134604
:10C3C0000A46002100F086FB002080BD80B51346A0
:10C3D0000A46002100F04EFC002080BD10B58021EF
:10C3E000044600F019FC20460021BDE8104000F092
:10C3F00013BC000080B513460A460321C0F894120E
:10C400000021C0E9563300F065FB002080BD00002C
:10C4100080B50521C0F8941200210022002300F00D
:10C4200059FB002080BD000080B513460A4602215A
:10C43000C0F894120021C0E9063300F01BFC002074
:10C4400080BD000080B50421C0F8941200210022B4
:10C45000002300F00FFC002080BD000010B540F666
:10C46000AC74C2F200040A4602A0214600F054F95E
:10C47000204610BD43444320436F6E666967000049
:10C4800040F2D4101222C2F200000A80704700006D
:10C4900010B540F6AC74C2F200040A4602A0214670
:10C4A00000F03AF9204610BD43444320496E7465BC
:10C4B000726661636500000040F2FC100422C2F263
:10C4C00000000A807047000010B540F6AC74C2F25C
:10C4D00000040A4602A0214600F01EF9204610BDC5
:10C4E00053544D6963726F656C656374726F6E69E6
:10C4F0006373000010B540F6AC74C2F200040A4643
:10C5000002A0214600F008F9204610BD53544D33D7
:10C5100032205669727475616C20436F6D506F7272
:10C520007400000047F61020C1F6FF7002688368AF
:10C530004FF01A0C9B18A1F800C000F0A680B0B50F
:10C540004FF0370C1A0F0CEB13714068B3F1204F0A
:10C5500038BF02F1300140F20022C2F200029170B5
:10C5600019014FF0000E0CEB117582F803E0C3F3D4
:10C570000364B1F1204F38BF04F130051902157181
:10C580000CEB117582F805E0C3F30354B1F1204FB1
:10C5900038BF04F13005190395710CEB117582F861
:10C5A00007E0C3F30344B1F1204F38BF04F1300575
:10C5B000190415720CEB117582F809E0C3F303340A
:10C5C000B1F1204F38BF04F13005190595720CEB1D
:10C5D000117582F80BE0C3F30324B1F1204F38BF8B
:10C5E00004F1300519061573C3F303140CEB117530
:10C5F000B1F1204F4FEA037103F00F0382F80DE011
:10C6000038BF04F1300503F13704957382F80FE069
:10C61000B1F1204F38BF03F13004010F0CEB107360
:10C62000147482F811E0B0F1204F38BF01F13003EB
:10C6300001010CEB1174937482F813E0C0F30363EF
:10C64000B1F1204F38BF03F1300401021475C0F37B
:10C6500003530CEB1174B1F1204F4FEA003182F813
:10C6600015E038BF03F130040CEB1173947582F8B8
:10C6700017E0C0F30340B1F1204F38BF00F13003A1
:10C68000137682F819E0BDE8B04040F20020C2F213
:10C6900000007047B0F802C003789C459CBF0020A2
:10C6A000704780B508E000BF82788A4208BF80BD2D
:10C6B00073449AB262452DD290F800E070444278FB
:10C6C000052A02D182788A4225D073449AB2624503
:10C6D00020D290F800E070444278052A02D1827896
:10C6E0008A4218D073449AB2624513D290F800E09F
:10C6F00070444278052A02D182788A420BD0734472
:10C700009AB2624506D290F800E070444278052A59
:10C71000CAD0CDE7002080BD002808BF704710B503
:10C720000378ABB100F1020E4FF0000C1EF8013C93
:10C730008BB19EF800308BB19EF801308BB19EF822
:10C7400002300CF1040C002B0EF1040EEED10AE0C5
:10C750004FF0000C07E04CF0010C04E04CF0020C30
:10C7600001E04CF0030C5FFA8CFC022303EB4C035A
:10C77000138003220B704A7003789BB302300222AD
:10C780004FF0000C5FFA82FE51FA82F401F80E308D
:10C7900084F801C010F8013C23B3941C5FFA84FEB6
:10C7A00051FA84F401F80E3084F801C00378CBB15B
:10C7B000141D5FFA84FE51FA84F401F80E3084F8F7
:10C7C00001C0437873B1941D5FFA84FE51FA84F47A
:10C7D00001F80E3084F801C083780832002B00F194
:10C7E0000400CFD1BDE8104070470000002804BF0E
:10C7F000032070470023C0F8B832C0F8C4320029C3
:10C80000C0F8D03218BFC0F8B412012180F89C12D1
:10C81000027000F0CFB8000080B5D0F8C802F9F778
:10C82000A5FC40F20032C100C0F2013222FA01F14F
:10C83000032888BF0321C8B280BD000080B5D0F8AE
:10C84000C802F9F76BFC40F20032C100C0F20132BD
:10C8500022FA01F1032888BF0321C8B280BD00007D
:10C86000B0B581B190F89C22032A50D1D0F8B822FB
:10C870005269002A4BD00023C0F8D43290470028D8
:10C8800008BF0020B0BDD0F89412022938D1D0E9F9
:10C89000071399420DD9CB1A11461A46C3610446B3
:10C8A000FFF794FD204600210022002300F012F93A
:10C8B00025E00FD182698A420CD3D0F898128A42BF
:10C8C00008D20021002204460025FFF77FFDC4F8AE
:10C8D0009852E7E790F89C12032909D1D0F8B812D2
:10C8E000C96829B10022C0F8D422044688472046EE
:10C8F0008021044600F090F92046FFF789FD20468C
:10C9000090F8A01200291CBF002180F8A01200207E
:10C91000B0BD000010B579B190F89C22032A1DD15A
:10C92000D0F8B8229269CAB10023C0F8D432904737
:10C93000002808BF002010BDD0F8941203290DD1A3
:10C94000D0E9571399420BD9C91AC0F85C11994222
:10C9500038BF0B4611461A46FFF730FD002010BDC8
:10C9600090F89C12032909D1D0F8B812096929B1AD
:10C970000022C0F8D422044688472046FFF762FD13
:10C98000002010BD00207047012180F89C12D0F8D3
:10C99000B812002904BF0020704780B54A680179A9
:10C9A0009047002818BF032080BD0000D0F8C802BF
:10C9B000F9F70CBC017809B10020704710B54CF2B2
:10C9C0001C51C2F20001C1F80805C0F8C8124FF0AE
:10C9D000A0400422C1E9000202200022C1E90302B2
:10C9E000C1E906020846C1E90822C1E90B22FAF7AB
:10C9F00001F9002818BFF6F757FF4CF21C54C2F299
:10CA0000000420468021F9F7FDFA2046002140224B
:10CA1000F9F7FCFA204601218022F9F7F7FABDE880
:10CA20001040002070470000D0F8C80201F07F03DA
:10CA30004AB203EBC30301EBC10100EB830300EB3C
:10CA4000810000F27E20002A48BF03F13E000078FA
:10CA500070470000D0F8D42200EB8202D2F8B8224E
:10CA6000002A04BF0320704790F89C32032B05D1A5
:10CA7000126A1AB180B59047002080BD002070472F
:10CA8000D0F8D42200EB8202D2F8B822002A04BFE8
:10CA90000320704790F89C32032B05D1526A1AB1DB
:10CAA00080B59047002080BD0020704780B5944637
:10CAB000D0F8C8021A466346F9F792FB40F20032FA
:10CAC000C100C0F2013222FA01F1032888BF03211C
:10CAD000C8B280BD80B5D0F8C802F9F7B9FB40F202
:10CAE0000032C100C0F2013222FA01F1032888BFEE
:10CAF0000321C8B280BD0000F0B581B00126002539
:10CB000080F89C62C0F8945204464560D0F8B802A0
:10CB1000C4F8A45284F8A05240B1426832B1204611
:10CB2000002190470546002818BF03252046002114
:10CB3000002240234027FFF7B9FF20468021002232
:10CB40004023A4F86461C4F86071FFF7AFFFA684C6
:10CB50002846276201B0F0BD90F89C12042904BF5A
:10CB600090F89D1280F89C120020704790F89C125B
:10CB7000032908D1D0F8B81229B1C96919B180B513
:10CB80008847BDE880400020704700000246002032
:10CB90001174704780B5D0F8C802FAF767F940F20F
:10CBA0000032C100C0F2013222FA01F1032888BF2D
:10CBB0000321C8B280BD0000B0B500F2AA2405462A
:10CBC000204600F069F80121C5F8941295F8AA12E0
:10CBD000B5F8B03201F01F02022AC5F898320ED023
:10CBE000012A06D08AB928462146BDE8B04000F0A7
:10CBF0008BB828462146BDE8B04000F0BDBA2846B3
:10CC00002146BDE8B04000F015BA01F08001284689
:10CC1000BDE8B040AFF3008080B5D0F8C802F9F7A6
:10CC20003DFB40F20032C100C0F2013222FA01F1B4
:10CC3000032888BF0321C8B280BD000080B5D0F8AA
:10CC4000C802FAF731F940F20032C100C0F20132F5
:10CC500022FA01F1032888BF0321C8B280BD000079
:10CC6000014690F89C02042281F89D02002081F880
:10CC70009C22704780B5D0F8C802F9F747FB40F214
:10CC80000032C100C0F2013222FA01F1032888BF4C
:10CC90000321C8B280BD00000A7802704A78427051
:10CCA0004A8842808A888280C988C1807047000093
:10CCB00010B582B004460020ADF80600B1B1D4F83A
:10CCC000D42204F52E70C4F8B81250F82200C16ABC
:10CCD00021B10DF106008847C4F8D002D4F8D8027B
:10CCE0000130C4F8D802002002B010BD032002B009
:10CCF00010BD0000D0F8B822002A04BF0020704701
:10CD000012681047FFF79ABF0A78C2F34112531E08
:10CD1000022B07D2D0F8D42200EB8202D2F8B8223C
:10CD20009268104770B582B0002A40F0BA804A7805
:10CD3000092A00F2B680DFE802F0052CB44FB4589F
:10CD400077B41A3C90F89C22013A022A00F2A9809A
:10CD5000C988022940F0A580D0F8A4120322002936
:10CD600008BF0122014641F80C2F02224AE1C9887E
:10CD7000012940F0968090F89C124A1E022A80F009
:10CD80008B800024014641F8084F0122FFF74CFB3D
:10CD900090E090F89C22013A022A00F282804988B1
:10CDA0000024012940F08680C0F8A442FFF74AFB26
:10CDB00080E0498840F6A875C2F2000511F0FE0F28
:10CDC000297047D080210446FFF726FF2046002126
:10CDD000FFF722FF03246DE04A88022A58D0012A77
:10CDE0005FD10121C0F8A41213E18A88002A58D12A
:10CDF000CA88002A55D14D887F2D52D890F89C12B0
:10CE000003294ED0E9B280F89E520446FFF7C2FED5
:10CE100020462646FFF716FB002D14BF02200120F6
:10CE200086F89C02002445E04A884FF0FF3303EB6C
:10CE300012230026062BADF8066000F2E780DFE83B
:10CE400003F004493CE5E55865000D46D0F8B412FE
:10CE50000A68C6E090F89C22032A66D0022A40F0B5
:10CE600088800A0600F0D58001F00102C9B2426054
:10CE70000546FFF73FFF002800F09680044628464D
:10CE80008021FFF7C9FE28460021FFF7C5FE6CE0B0
:10CE9000497980F8A012BCE0032902D1011D0122CA
:10CEA000B0E080210446FFF7B7FE204600210024B1
:10CEB000FFF7B2FE204602B070BDD2B2052A00F2E2
:10CEC000A580DFE802F003857D817989D0F8B4225E
:10CED000526884E00D46017C0446D0F8B80200296F
:10CEE0000CBF816AC16A0DF1060088470146022025
:10CEF00019E0027C002A40F089800446D0F8B8028C
:10CF00000D46416B0DF1060088476FE0027C002A58
:10CF10007CD10446D0F8B8020D46016B0DF1060035
:10CF2000884701460720487061E00A062FD0426812
:10CF300001F001018A426CD0D1B20446FFF730FA09
:10CF40002978204661602546FFF7D4FE00286ED080
:10CF5000044628468021FFF75FFE28460021FFF7A0
:10CF60005BFE29792846FFF71BFA022085F89C0210
:10CF7000A0E780210446FFF74FFE20460021FFF77F
:10CF80004BFE29782046FFF70BFA032492E7022193
:10CF900080F89C120024002144600546FFF700FA47
:10CFA0002846FFF74FFA85E72846FFF74BFA03209C
:10CFB00085F89C0200247DE7D0F8B42252690EE087
:10CFC000D0F8B422D2680AE0D0F8B422126906E0A0
:10CFD000D0F8B422926802E0D0F8B4229269AAB1E3
:10CFE0000D460446007C0DF1060190470146EA8893
:10CFF00072B1BDF8063083B1934238BF1A46ADF81E
:10D0000006202046FFF710FA002453E7044605E007
:10D010002046FFF717FA00244CE720468021FFF74F
:10D02000FBFD20460021FFF7F7FD002442E72846DC
:10D03000EFE7000070B50A780D46C2F34112097996
:10D04000531E022B044605D22046FFF7B3F9D8B190
:10D05000002070BDE2BB687888B3012821D0032886
:10D0600036D194F89C0203281FD1688838B911F092
:10D070007F0004D0E88810B92046FFF7CDFD204698
:10D08000FFF7E0F9002070BDD4F8B80282680020F4
:10D09000002AC4F8D402DBD020462946BDE87040FF
:10D0A000104794F89C0203281CD0022810D148068F
:10D0B0000ED02046FFF7B0FD204680210EE094F808
:10D0C0009C0203281ED0022808BF5FEA41603FD0BF
:10D0D00020468021FFF7A0FD20460021FFF79CFDA0
:10D0E000002070BD68880028B2D10E46480603D0E3
:10D0F00020463146FFF790FB2046FFF7A3F9204674
:10D100003146A2E701F00F0000EB8000802904EB1C
:10D1100080002CBF808CB0F864010028D8D001F0CA
:10D120007F0000EB800004EB800000F1140501EBB0
:10D13000810004EB8000802938BF00F5AA754806FD
:10D1400011D02046FFF770FC002818BF01200BE02B
:10D1500008064FF0140058BF4FF4AA70002221189F
:10D160002250204603E00020286020462946022263
:10D17000FFF75AF9002070BDB0B50A7802F06002DE
:10D18000602A08D090F89C22013A022A03D88A88A3
:10D1900012F0FE0F0AD080210446FFF73DFD204625
:10D1A00000210024FFF738FD2046B0BD0C46D1B267
:10D1B0000546FFF701F908B10320B0BDD5F8B81254
:10D1C0008A68002AF8D000212846C5F8D4122146E2
:10D1D0009047E1880446002908BF002CE4D1284686
:10D1E000FFF730F90020B0BD7047000041F2AC10ED
:10D1F000C2F200007047000010B50A784B78D0F8F2
:10D200001CE802F00F04012B4FEA421C17D1012346
:10D21000A34043EA0E03C0F81C386044D0F800393C
:10D220001B0427D4CB6800F51060097904686FF3FC
:10D23000DF2343EA814144EA8252114315E04FF46F
:10D240008032A24042EA0E02C0F81C286044D0F8A6
:10D25000002B12040ED4CA6800F5306009796FF310
:10D26000DF22036842EA8141194341F0805141F4D1
:10D2700000410160002010BD0146D0F8000940F2D5
:10D28000FF729043C1F80009D1F8040840F480729D
:10D290000020C1F80428704782B00499DDF808C066
:10D2A000012940F64051C0F203016FD1826B4FF665
:10D2B000BF7322F480328263C268CFF6BD731A4016
:10D2C000C260C2680B9B22F44012012BC26003D1E2
:10D2D000C26842F48012C26000220092009A0132B9
:10D2E0000092009A8A4200F2A9800269002A1ED4A4
:10D2F000009A01320092009A8A4200F29F800269ED
:10D30000002A14D4009A01320092009A8A4200F254
:10D3100095800269002A0AD4009A01320092009A8C
:10D320008A4200F28B800269B2F1FF3FD6DC002214
:10D330000092026942F001020261009A01320092F9
:10D34000009A8A427AD80269D2071AD0009A01322A
:10D350000092009A8A4271D80269D20711D0009ACD
:10D3600001320092009A8A4268D80269D20708D036
:10D37000009A01320092009A8A425FD80269D2076D
:10D38000DBD10021BCF1010F71D168E0C268089BBC
:10D3900042F04002C26000220192019A01320192E1
:10D3A000019A8A424FD80269002A1BD4019A01329D
:10D3B0000192019A8A4246D80269002A12D4019A3F
:10D3C00001320192019A8A423DD80269002A09D4A9
:10D3D000019A01320192019A8A4234D80269B2F16B
:10D3E000FF3FDADC00220192026942F00102026191
:10D3F000019A01320192019A8A4224D80269D20725
:10D400001AD0019A01320192019A8A421BD802690C
:10D41000D20711D0019A01320192019A8A4212D8A0
:10D420000269D20708D0019A01320192019A8A4218
:10D4300009D80269D207DBD1002105E00321BCF144
:10D44000010F14D10BE00321826B002B14BF22F4D7
:10D45000803242F480328263BCF1010F07D18268CE
:10D4600042F006028260826842F020028260084632
:10D4700002B0704710B54A7891F800E047F6000C0A
:10D48000CEF6334C012A4FEA4E1226D10244D2F88E
:10D49000001902F51063B1F1FF3F4FF0010407DC02
:10D4A000196841F000611960196841F08041196004
:10D4B0000EF00F01D0F83C2804FA01F18A43C0F8BD
:10D4C0003C28D0F81C2822EA0101C0F81C18186872
:10D4D00000EA0C010020196010BD811801F53063CD
:10D4E000D1F8001B0CF1707CB1F1FF3F4FF4803498
:10D4F000DEDCD5E70146D0F8000E20F00300C1F8CD
:10D50000000ED1F8040820F002020020C1F804281F
:10D51000704700000146D0F8000E20F00300C1F86B
:10D52000000ED1F8040840F002020020C1F80428DF
:10D53000704700002DE9F04F83B0DDF84C800E9F5E
:10D540000022B8F1000F00F5006BC0F80421C0F80C
:10D550000821C0F80C21C0F81021C0F81421C0F82F
:10D560001821C0F81C21C0F82021C0F82421C0F8DF
:10D570002821C0F82C21C0F83021C0F83421C0F88F
:10D580003821C0F83C2107D0866B26F4001686634C
:10D59000866B46F4002610E0D0F8046846F00206D8
:10D5A000C0F80468866B46F400168663866B26F422
:10D5B00000268663866B26F4802686630026C0F8E4
:10D5C000006ED0F80068012FC0F8006806D1DBF8C3
:10D5D0000070002B18BF47F0010703E0DBF80030B4
:10D5E00043F00307DDF83CE0DDF8309040F64055AD
:10D5F000C0F203050023C0F800780193019B0133BA
:10D600000193019BAB4249D80369002B1BD4019BBA
:10D6100001330193019BAB4240D80369002B12D424
:10D62000019B01330193019BAB4237D80369002B67
:10D6300009D4019B01330193019BAB422ED80369AE
:10D64000B3F1FF3FDADC002301934FF484630361FD
:10D65000019B01330193019BAB421FD803699B06D9
:10D660001AD5019B01330193019BAB4216D8036984
:10D670009B0611D5019B01330193019BAB420DD851
:10D6800003699B0608D5019B01330193019BAB42C3
:10D6900004D803699B06DBD4002400E001240023A6
:10D6A0000293029B01330293029BAB4247D803696A
:10D6B000002B1BD4029B01330293029BAB423ED84A
:10D6C0000369002B12D4029B01330293029BAB42ED
:10D6D00035D80369002B09D4029B01330293029BC6
:10D6E000AB422CD80369B3F1FF3FDADC002302938D
:10D6F00010230361029B01330293029BAB421ED8AD
:10D700000369DB061CD5029B01330293029BAB42EB
:10D7100015D80369DB0613D5029B01330293029BE4
:10D72000AB420CD80369DB060AD5029B0133029396
:10D73000029BAB4203D80369DB06DBD400E0012483
:10D740004FF0000A0029CBF810A0CBF814A0CBF8BA
:10D750001CA000F003810094D0F800394FF0006263
:10D7600002EA13134FF67F354E1EC0F80039C0F899
:10D7700010A9C0F8085975D08B1E032B06F00309B9
:10D7800004D22024B9F1000F41D16BE026F0030749
:10D7900000244FF0904E4FF67F384FF0000C00BF42
:10D7A00000EB0C03D3F82059043F0EEAE575C3F8EB
:10D7B0002059C3F83049C3F82889D3F840590CF1EF
:10D7C000800C0EEAE575C3F84059C3F85049C3F818
:10D7D0004889D3F860590EEAE575C3F86059C3F873
:10D7E0007049C3F86889D3F880590EEAE575C3F823
:10D7F0008059C3F89049C3F88889D1D1DDF84C80AD
:10D800000CF120044FF67F35B9F1000F2AD000F556
:10D8100010631D594FF0904C0CEAE5751F191D510E
:10D820004FF67F3500244FF67F3EB9F1010F3C6182
:10D83000C7F808E016D03B6AB9F1020F0CEAE373AF
:10D840003B623C63C7F828E00CD03B6C4FF090453E
:10D8500005EAE3733B6400234FF67F353B654FF6E3
:10D860007F33BB64D0F8003BDDF83CE002EA1313E1
:10D87000C0F8003B0023C0F8103BC0F8085BDDF89F
:10D880003090009C002E69D00239032906F0030C69
:10D8900004D22023BCF1000F3BD15FE026F003034C
:10D8A00000244FF090474FF67F3600214518D5F8F9
:10D8B000202B043B07EAE272C5F8202BC5F8304B59
:10D8C000C5F8286BD5F8402B01F1800107EAE27218
:10D8D000C5F8402BC5F8504BC5F8486BD5F8602B00
:10D8E00007EAE272C5F8602BC5F8704BC5F8686BA3
:10D8F000D5F8802B07EAE272C5F8802BC5F8904B6B
:10D90000C5F8886BD2D1009C01F12003BCF1000F57
:10D9100024D000F53062D6584FF0904707EAE676FB
:10D92000D118D65000264FF67F33BCF1010F0E619F
:10D930008B6013D00A6ABCF1020F07EAE2720A6236
:10D940000E638B620AD00A6C4FF0904303EAE272D6
:10D950000A6400220A654FF67F328A64DBF81010F1
:10D96000B9F1000F21F48071CBF810106FF08041F5
:10D97000C0F818A0416103D1816941F010018161B3
:10D98000816943F60002C8F23C021143BEF1000F68
:10D99000816103D0816941F008018161B8F1010F13
:10D9A00005D1816941F0804141F004018161204647
:10D9B00003B0BDE8F08F00000146806820F001024E
:10D9C00000208A6070470000F0B54B78002691F87F
:10D9D00000E04FF6FF7CCFF6F876012BCEF2070C75
:10D9E00030D18D6900EB4E14D4F81079002D04F578
:10D9F00010634CD03E401E611E690CF1005706EAD0
:10DA00000C061E61CE68B54284BF8E6135461E6924
:10DA10002F4046F400261E611E69012A47EA0607C8
:10DA20001F6141D0D4F80019002D41F00441C4F821
:10DA3000001942D00EF00F01012202FA01F100F6A6
:10DA4000340337E000EB4E13D3F8100B3040C3F82B
:10DA5000100BD3F8100B00EA0C00C3F8100B8F6901
:10DA6000C868002F03F5306318BF8861C8611F695B
:10DA7000012A47F400271F610CF100571E6900EAD4
:10DA8000070040EA0600186112D108690DE007EAB4
:10DA90000C0018611869012A40F400201861186907
:10DAA00000EA0600186103D14869002818BF5861D0
:10DAB0004FF004411868084318600020F0BD0000D2
:10DAC000D0F840C043F20B03C4F654739C4503D313
:10DAD000D0F8003B002B1ED40023C0F8103BD0F838
:10DAE000103B012943F40023C0F8103BD0F8103B51
:10DAF00043F01803C0F8103BD0F8103B43F0C0438C
:10DB0000C0F8103B07D1C0F8142BD0F8001B41F02F
:10DB10008021C0F8001B0020704700004A780B7875
:10DB2000012A4FEA431210440DD1D0F8002922F403
:10DB30000012C0F80029097901F0FE01022913D171
:10DB400000F510600CE0D0F8002B22F40012C0F8B1
:10DB5000002B097901F0FE01022905D100F53060A2
:10DB6000016841F080510160002070470A784B78CD
:10DB70005101012B084406D1D0F80019002900F505
:10DB8000106106D50AE0D0F8001B002900F53061CD
:10DB900004D41AB1086820F080400860086840F496
:10DBA000001200200A607047F0B54B78002591F80C
:10DBB00000C04FF6FF76CFF6F875012BCEF20706C0
:10DBC0002ED1D1F818E000EB4C14D4F81079BEF146
:10DBD000000F04F510634BD03D401D611D693540B9
:10DBE0001D61CD681F690EEB0506013EB6FBF5F51C
:10DBF0000026C1F6F87606EAC5453D431D61754627
:10DC00001E696FF3DF4535431D610D79012D38D154
:10DC10001D6925F0C0451D611D6945F000552FE0C7
:10DC200000EB4C13D3F8107B4FF6FF7C2F40C3F86A
:10DC3000107BD3F8107BC0F2070C3740C3F8107B81
:10DC40008F69CE68002F03F5306348D03744013F19
:10DC5000B7FBF6F7BCB26643CE610024C1F6F87498
:10DC60001D6904EAC7472F4306EA0C061F613DE021
:10DC70003E401E611E6946F400261E611E69354045
:10DC80001D61012A12D14A69002A18BFC4F814295B
:10DC90000979012942D1D0F80818D4F80009C9053A
:10DCA0004CBF40F0805040F0005036E000F510636B
:10DCB0004FEA4C141D5945F004451D510D79012DB5
:10DCC00033D1D0F80858E658ED054FF0805558BFCD
:10DCD0004FF000553543E55092B30020F0BD1F6969
:10DCE00006EA0C0637431F614FF400261F69012A1C
:10DCF00047EA06071F6103D10A69002A18BF5A6163
:10DD0000097901290AD1D0F808081968C0054FF02F
:10DD1000805058BF4FF00050084318604FF0044146
:10DD20001868084318600020F0BDBEF1000FD4D081
:10DD30000CF00F01012202FA01F100F63403EFE7C3
:10DD40001FFA8EF2002AC8D0D61C4FF0FF330969A3
:10DD500003EB960300F580504FEA0C32032BC6F319
:10DD600081030FD3B70827F0030600BF0F68043EF6
:10DD700017504F6817508F681750CF6801F1100186
:10DD80001750F3D1002BA8D00F68012B8750A4D0D7
:10DD90004F68022B8750A0D0896881500020F0BDC9
:10DDA00081B0002200924A780978012A4FEA411195
:10DDB0003AD100F510625058B0F1FF3F3ADC885874
:10DDC00042F2107340F000608850885840F0804064
:10DDD00088500098013000900098984262D85058BE
:10DDE000B0F1FF3F26DC0098013000900098984287
:10DDF00058D85058B0F1FF3F1CDC0098013000901B
:10DE0000009898424ED85058B0F1FF3F12DC00986D
:10DE1000013000900098984244D85058B0F1FF3F2C
:10DE20004FF00000D5DD3BE000F530625058B0F116
:10DE3000FF3F02DD002001B07047885842F21073A6
:10DE400040F000608850885840F08040885000982A
:10DE5000013000900098984224D85058B0F1FF3F0C
:10DE6000E8DC009801300090009898421AD8505889
:10DE7000B0F1FF3FDEDC009801300090009898423E
:10DE800010D85058B0F1FF3FD4DC0098013000901A
:10DE90000098984206D8505800284FF00000D6D479
:10DEA00001B07047012001B0704700000146806852
:10DEB00040F0010200208A607047000081B040F607
:10DEC0004052C0F2030200230093009B01330093F1
:10DED000009B93424AD80369002B1BD4009B01335B
:10DEE0000093009B934241D80369002B12D4009BFE
:10DEF00001330093009B934238D80369002B09D467
:10DF0000009B01330093009B93422FD80369B3F128
:10DF1000FF3FDADC89010023203100930161009981
:10DF2000013100910099914220D8016989061AD5E2
:10DF30000099013100910099914217D80169890631
:10DF400011D5009901310091009991420ED80169D3
:10DF5000890608D50099013100910099914205D8B0
:10DF600001698906DBD4002001B07047032001B0AD
:10DF700070470000D0F8080800F0060180074FF055
:10DF8000020058BF0F20002908BF08467047000054
:10DF9000406900F001007047D0F81818D0F81C084C
:10DFA000084080B270470000D0F81818D0F81C085C
:10DFB0000840000C70470000D0F810C8D0F8343882
:10DFC00001F00F0223FA02F2D20100EB4110D2B2AB
:10DFD000D0F8080942EA0C010840704700EB4111F3
:10DFE000D1F8081BD0F814080840704741698069CF
:10DFF0000840704710B5930802F0030E2BD05A1E4C
:10E00000032A03F0030C0FD323F003034FF48052D1
:10E010008458043B0C6084584C6084588C6084584D
:10E02000CC6001F11001F3D1BCF1000F13D04FF41B
:10E03000805284580B46BCF1010F43F8044B04D1C5
:10E040001946BEF1000F09D11DE08258BCF1020F44
:10E050004A601AD10831BEF1000F14D04FF480523B
:10E0600080580A46BEF1010F02F8010B04BF1046AA
:10E0700010BD020ABEF1020F4A7004BF881C10BD19
:10E08000000C88700331084610BD4FF4805282584E
:10E090008A600C31BEF1000FE0D1F4E7B0B5044660
:10E0A000C06820F0C040E06091B1012926D1E0684D
:10E0B000002540F00050E0600120F6F7BDF96069EE
:10E0C000C00705F1010014D1312D0546F4D310E04D
:10E0D000E068002540F08040E06000BF0120F6F7D6
:10E0E000ABF96069C00705F1010002D0312D05468A
:10E0F000F4D33238B0FA80F04009B0BD0120B0BD91
:10E100000246D0F8000801F07F0120F4FE60C2F85A
:10E110000008D2F8000840EA01110020C2F80018F7
:10E1200070470000022A02465CD145F24030CFF62B
:10E13000277043F200530844C0F20C03984202D205
:10E140004FF4705050E041F64060CFF61B7044F23F
:10E1500040230844C0F20F03984202D24FF46050AB
:10E1600042E0A1F5740044F68073A0F51050C0F2AF
:10E170001203984202D24FF4505035E0A1F183705F
:10E180004DF22063A0F5E740C0F21303984202D29B
:10E190004FF4405028E04BF26060CFF6E5604EF25D
:10E1A00060330844C0F21603984202D24FF4305054
:10E1B0001AE04DF20030CFF6CE6047F240730844CB
:10E1C000C0F21B03984202D24FF420500CE045F6F7
:10E1D000C030CFF6B36049F2C0130844C0F2210347
:10E1E00098420AD24FF41050D16821F47051D16096
:10E1F000D16801430020D1607047A1F1B77047F2A8
:10E200002053A0F55850C0F23803984202D24FF480
:10E210000050E9E745F2E040CFF6596049F6E043A7
:10E220000144C0F241034FF4C050994238BF4FF44B
:10E23000E050D9E710B5DDF808C0BCF1000F2CD1D3
:10E240005BB303F1030E4FF0FF3303EB9E0300F5C6
:10E2500080541203032BCEF3810C0FD34FEA9E039D
:10E2600023F003030868043B105148681051886884
:10E270001051C86801F110011051F3D1BCF1000F29
:10E280000BD00868BCF1010FA05006D04868BCF163
:10E29000020FA0501CBF8868A050002010BD0000D5
:10E2A000FEE7000080B513F0D3FB014648F660504E
:10E2B000C2F200000160BDE8804010F0F5BB000034
:10E2C0002DE9F043A5B04DF21C209FED8F0BC0F659
:10E2D00002004BF6C41740F200080830C2F20007F3
:10E2E00054EC105BC4F2303838604FF000404146C7
:10E2F0002A4623461DF032FF1CF090FEB8604FF016
:10E30000004041462A4623461DF028FF1CF086FEA9
:10E310004FF00009C7E903094FF0004041462A4683
:10E320002346C7E90599C7F81C901DF017FF1CF09C
:10E3300075FE38624FF0004041462A4623461DF0E4
:10E340000DFF1CF06BFE78624FF0004041462A46FC
:10E3500023461DF003FF1CF061FEB8624FF0004041
:10E3600041462A4623461DF0F9FE1CF057FEF8628E
:10E370004FF0004041462A4623461DF0EFFE1CF0B8
:10E380004DFE38634FF0004041462A4623461DF0BB
:10E39000E5FE1CF043FE78634FF0004041462A46FC
:10E3A00023461DF0DBFE1CF039FEB8634FF0004041
:10E3B00041462A4623461DF0D1FE1CF02FFEF8638D
:10E3C0004FF0004041462A4623461DF0C7FE1CF090
:10E3D00025FE38644FF0004041462A4623461DF092
:10E3E000BDFE1CF01BFE78644FF0004041462A46FB
:10E3F00023461DF0B3FE1CF011FEB8644FF0004040
:10E4000041462A4623461DF0A9FE1CF007FEF8648B
:10E41000822087F870004FF0FF307867C7F87100EE
:10E420009221C7E921006FF05D0087F88310C7F8DB
:10E4300092004FF0004041462A46234687F850900C
:10E44000C7E9189987F85A90C7F85690C7F85290BC
:10E45000A7F88C901DF082FE1CF0E0FDC7E9510981
:10E460004FF0004041462A462346C7F84C911DF024
:10E4700075FE1CF0D3FDC7E954094FF0004041463A
:10E480002A462346C7F858911DF068FE1CF0C6FDC9
:10E49000C7E957094FF0004041462A462346C7F8CE
:10E4A00064911DF05BFE1CF0B9FDC7E95A094DF2FD
:10E4B0008C20C0F6020090E82E0000F1100C9CE8C1
:10E4C0005010C06907F5D47E07F5FC788EE82E0061
:10E4D0004FF0240E88E82E0007F50271C7F87091FE
:10E4E000C7E96899C7E96E46C7E970C0C7F8C8E1CF
:10E4F000C7E97C9981E85010C7E9850E25B0BDE8D1
:10E50000F08300BF00BF00BF000000800000304368
:10E5100080B512F017FD014648F62860C2F20000EF
:10E52000BDE8804010F0C4B92DE9F04FADF5657D30
:10E5300040F2AC02C2F2000240F2B00040F24015DC
:10E540005178C2F20000C2F200050068D278695624
:10E5500040F6BC176FF0630340F2B406C2F2000746
:10E5600011FB0301AA56C2F200066FF0590379604D
:10E57000317812FB0302FA606A5640F2D971C2F296
:10E58000000173780978EB5601FB12079FEDFC0B35
:10E590000B9703FB11070A97B778F678EF57AE573A
:10E5A00007FB1105099506FB1105089511FB0205EE
:10E5B000079513FB0105069517FB010516FB0101E5
:10E5C000049140F2D871C2F2000105950C7840F236
:10E5D000DA75C2F20005297804FB120514FB020B60
:10E5E000019514FB030504FB130804FB170914FB36
:10E5F000060A029514FB070504FB160401FB130C25
:10E60000009401FB120411FB030E039411FB02049E
:10E6100011FB070301FB170711FB060201FB16069E
:10E6200040F6BC11C2F200010860886040F69871A3
:10E63000C2F20001C1E90000C1E9020040F6CC10BD
:10E640000B99C2F2000001600A994160099981604A
:10E650000899C16040F654100799C2F200000160A9
:10E6600006994160059981600499C16040F6E01007
:10E67000C2F20000C0E900B8C0E9029A40F64C605E
:10E680000199C2F2000001600299C0E901150099E8
:10E69000C16040F664100399C2F20000C0E9001C9A
:10E6A000C0E9023240F64410C2F20000C0E902762E
:10E6B0000027C0E9004E55EC106B0A20C4F2303739
:10E6C000C8F20000394632462B461DF047FD1CF0CB
:10E6D000A5FC9FEDAD0B804651EC100BCDE90A0176
:10E6E0001CF09CFC83466420C8F200003946324688
:10E6F0002B461DF033FD1CF091FC09903220C8F22E
:10E700000000394632462B461DF028FD1CF086FCE1
:10E710000446C820C8F20000394632462B461DF098
:10E720001DFD1CF07BFC08904FF00040394632463E
:10E730002B461DF013FD1CF071FC40F67419C2F25B
:10E740000009C9F800004FF00040394632462B4618
:10E750001DF004FD1CF062FC4FF0000AC9E9010A3B
:10E760004FF00040394632462B46C9E903AAC9F8A2
:10E7700014A01DF0F3FC1CF051FC09F1180181E814
:10E7800001094FF00040394632462B46C9F8248033
:10E790001DF0E4FC1CF042FCC9F828004FF00040DA
:10E7A000394632462B461DF0D9FC1CF037FCC9F81F
:10E7B0002C004FF00040394632462B461DF0CEFC6F
:10E7C0001CF02CFCC9F8300009983946C9E90D0441
:10E7D0004FF0004032462B46C9F83C401DF0BEFCCD
:10E7E0001CF01CFC08993246C9E910010A20C8F245
:10E7F000000039462B461DF0B1FC1CF00FFC0890C0
:10E80000DDE90A011CF00AFC80463220C8F2000053
:10E81000394632462B461DF0A1FC1CF0FFFB044696
:10E820001920C8F20000394632462B461DF096FCEE
:10E830001CF0F4FB81466420C8F2000039463246E1
:10E840002B461DF08BFC1CF0E9FB09904FF00040BB
:10E85000394632462B461DF081FC1CF0DFFB40F6AA
:10E86000046BC2F2000BCBF800004FF000403946B9
:10E8700032462B461DF072FC1CF0D0FBCBE9010A9E
:10E880004FF00040394632462B46CBE903AACBF87D
:10E8900014A01DF063FC1CF0C1FBCBF81800089815
:10E8A0003946CBE907084FF0004032462B46CBF8FB
:10E8B00024401DF053FC1CF0B1FBCBF828004FF0B6
:10E8C0000040394632462B461DF048FC1CF0A6FBA2
:10E8D000CBF82C004FF00040394632462B461DF055
:10E8E0003DFC1CF09BFB0BF1300181E811024FF065
:10E8F0000040394632462B46CBF83C901DF02EFCAA
:10E900001CF08CFB09999FED220BCBE9100151EC17
:10E91000100B1CF083FB8246DDE90A011CF07EFB34
:10E9200083466420C8F20000394632462B461DF06B
:10E9300015FC1CF073FB81463220C8F200003946FA
:10E9400032462B461DF00AFC1CF068FB0B90192088
:10E95000C8F20000394632462B461DF0FFFB1CF082
:10E960005DFB04464FF00040394632462B461DF011
:10E97000F5FB1CF053FB40F6EC6800F015B800BF47
:10E9800000000080000030437B14AE47E17A943FE2
:10E99000CDCCCCCCCCCCFC3FB81E85EB51B8AE3F37
:10E9A0007B14AE47E17A843FC2F20008C8F8000049
:10E9B0004FF00040394632462B461DF0CFFB1CF08D
:10E9C0002DFBC8F804000020C8E90200C8E90400D3
:10E9D0004FF00040394632462B461DF0BFFB1CF07D
:10E9E0001DFB08F1180181E8010C4FF00040394689
:10E9F00032462B46C8F824901DF0B0FB1CF00EFBED
:10EA0000C8F828004FF00040394632462B461DF02A
:10EA1000A5FB1CF003FBC8F82C004FF00040394662
:10EA200032462B461DF09AFB1CF0F8FAC8F830006D
:10EA30000B983946C8E90D044FF0004032462B468A
:10EA4000C8F83C401DF08AFB1CF0E8FAC8E9100940
:10EA50000C20C8F20000394632462B461DF07EFBE2
:10EA60001CF0DCFA1FED340B0A9051EC100B1CF07B
:10EA7000D5FA834640F22C10C8F2000039463246DF
:10EA80002B461DF06BFB1CF0C9FA04460A20C8F2A5
:10EA90000000394632462B461DF060FB1CF0BEFAE2
:10EAA0000B906420C8F20000394632462B461DF018
:10EAB00055FB1CF0B3FA82463220C8F200003946FA
:10EAC00032462B461DF04AFB1CF0A8FA80464FF058
:10EAD0000040394632462B461DF040FB1CF09EFAA2
:10EAE00042F25C49C2F20009C9F800004FF0004050
:10EAF000394632462B461DF031FB1CF08FFAC9F81F
:10EB000004000020C9E90200C9E904004FF00040F8
:10EB1000394632462B461DF021FB1CF07FFAC9F81E
:10EB200018000A983946C9E9070B4FF000403246F1
:10EB30002B46C9F824401DF011FB1CF06FFAC9F8F0
:10EB400028004FF00040394632462B461DF006FBA8
:10EB50001CF064FAC9F82C004FF0004039463246E8
:10EB60002B461DF0FBFA1CF059FAC9F830000B983F
:10EB70003946C9E90D0A4FF0004032462B46C9F824
:10EB80003C801DF0EBFA1CF049FAC9E9100405209D
:10EB9000C8F20000394632462B461DF0DFFA1CF061
:10EBA0003DFA82464FF00040394632462B461DF072
:10EBB000D5FA1CF033FA0446C820C8F200003946E2
:10EBC00032462B461DF0CAFA1CF028FA0B9064203E
:10EBD000C8F20000394632462B461DF0BFFA1CF041
:10EBE0001DFA834640F29010C8F2000039463246C2
:10EBF0002B461DF0B3FA1CF011FA42F2CC388146D4
:10EC0000C2F200084FF00040394632462B46C8F8A1
:10EC100000401DF0A3FA1CF001FAC8F8040000201F
:10EC2000C8E90200C8E904004FF000403946324606
:10EC30002B461DF093FA1CF0F1F9C8E9060A4FF0D3
:10EC40000040394632462B46C8E908441DF086FA92
:10EC50001CF0E4F9C8F828004FF00040394632466D
:10EC60002B461DF07BFA1CF0D9F9C8F82C004FF0A8
:10EC70000040394632462B461DF070FA1CF0CEF9A2
:10EC8000C8F830000B983946C8E90D0B4FF000402A
:10EC900032462B46C8F83CB01DF060FA1CF0BEF9B5
:10ECA000C8E910090220C8F20000394632462B4656
:10ECB0001DF054FA1CF0B2F91FEDC70B044651ECDD
:10ECC000100B1CF0ABF983460A20C8F2000039464D
:10ECD00032462B461DF042FA1CF0A0F90B9005209D
:10ECE000C8F20000394632462B461DF037FA1CF0B8
:10ECF00095F982461420C8F20000394632462B4668
:10ED00001DF02CFA1CF08AF981464FF0004039467C
:10ED100032462B461DF022FA1CF080F942F21448CC
:10ED2000C2F20008C8F800004FF0004039463246F1
:10ED30002B461DF013FA1CF071F9C8F804000020EE
:10ED4000C8E90200C8E904004FF0004039463246E5
:10ED50002B461DF003FA1CF061F908F1180181E857
:10ED600011084FF00040394632462B46C8F824407F
:10ED70001DF0F4F91CF052F9C8F828004FF00040DB
:10ED8000394632462B461DF0E9F91CF047F9C8F820
:10ED90002C004FF00040394632462B461DF0DEF97C
:10EDA0001CF03CF9C8F830000B983946C8E90D0A48
:10EDB0004FF0004032462B46C8F83CA01DF0CEF97B
:10EDC0001CF02CF9C8E910090820C8F200003946E7
:10EDD00032462B461DF0C2F91CF020F982464FF056
:10EDE0000040394632462B461DF0B8F91CF016F9A2
:10EDF00004466420C8F20000394632462B461DF016
:10EE0000ADF91CF00BF90B903220C8F20000394626
:10EE100032462B461DF0A2F91CF000F98346C820AB
:10EE2000C8F20000394632462B461DF097F91CF017
:10EE3000F5F840F65C688146C2F200084FF00040E9
:10EE4000394632462B46C8F800401DF087F91CF0C1
:10EE5000E5F8C8F804000020C8E90200C8E9040089
:10EE60004FF00040394632462B461DF077F91CF032
:10EE7000D5F8C8E9060A4FF00040394632462B461D
:10EE8000C8E908441DF06AF91CF0C8F8C8F8280061
:10EE90004FF00040394632462B461DF05FF91CF01A
:10EEA000BDF8C8F82C004FF00040394632462B46DA
:10EEB0001DF054F91CF0B2F8C8F830000B98394630
:10EEC000C8E90D0B4FF0004032462B46C8F83CB065
:10EED0001DF044F91CF0A2F89FEDFB0BC8E91009E6
:10EEE00051EC100B1CF09AF89FEDF90B804651EC99
:10EEF000100B1CF093F883460120C8F2000039463D
:10EF000032462B461DF02AF91CF088F8824605206F
:10EF1000C8F20000394632462B461DF01FF91CF09E
:10EF20007DF89FEDED0B099051EC100BCDE90A0136
:10EF30001CF074F881460A20C8F2000039463246B7
:10EF40002B461DF00BF91CF069F808904FF00040BB
:10EF5000394632462B461DF001F91CF05FF840F6A9
:10EF6000A464C2F2000420604FF0004039463246EB
:10EF70002B461DF0F3F81CF051F860600020C4E946
:10EF80000200C4E904004FF00040394632462B46E7
:10EF90001DF0E4F81CF042F804F1180181E80109C1
:10EFA0004FF00040394632462B46C4F824A01DF0ED
:10EFB000D5F81CF033F8A0624FF0004039463246D5
:10EFC0002B461DF0CBF81CF029F8E0624FF0004012
:10EFD000394632462B461DF0C1F81CF01FF820635D
:10EFE00009983946C4E90D094FF0004032462B46D6
:10EFF000C4F83C901DF0B2F81CF010F808993246A5
:10F00000C4E910010820C8F2000039462B461DF063
:10F01000A5F81CF003F882464FF00040394632460E
:10F020002B461DF09BF81BF0F9FF04466420C8F244
:10F030000000394632462B461DF090F81BF0EEFFDB
:10F0400009903220C8F20000394632462B461DF0A6
:10F0500085F81BF0E3FF8146C820C8F2000039465E
:10F0600032462B461DF07AF81BF0D8FF40F6745854
:10F070008346C2F200084FF00040394632462B4624
:10F08000C8F800401DF06AF81BF0C8FFC8F804007B
:10F090000020C8E90200C8E904004FF000403946EA
:10F0A00032462B461DF05AF81BF0B8FFC8E9060A95
:10F0B0004FF00040394632462B46C8E908441DF05F
:10F0C0004DF81BF0ABFFC8F828004FF00040394660
:10F0D00032462B461DF042F81BF0A0FFC8F82C006A
:10F0E0004FF00040394632462B461DF037F81BF0F2
:10F0F00095FFC8F8300009983946C8E90D094FF066
:10F10000004032462B46C8F83C901DF027F81BF013
:10F1100085FFC8E9100B0120C8F2000039463246CD
:10F120002B461DF01BF81BF079FF9FEDBF0B8246AD
:10F1300051EC100B1BF072FF81460520C8F2000055
:10F14000394632462B461DF009F81BF067FF09903F
:10F15000DDE90A011BF062FF04460A20C8F2000044
:10F16000394632462B461CF0F9FF1BF057FF0B9037
:10F170004FF00040394632462B461CF0EFFF1BF0A3
:10F180004DFF40F6BC5BC2F2000BCBF800004FF025
:10F190000040394632462B461CF0E0FF1BF03EFF94
:10F1A000CBF804000020CBE90200CBE904004FF0CB
:10F1B0000040394632462B461CF0D0FF1BF02EFF94
:10F1C000CBE9060A4FF00040394632462B46CBE9E0
:10F1D000089A1CF0C3FF1BF021FFCBF828004FF06A
:10F1E0000040394632462B461CF0B8FF1BF016FF94
:10F1F000CBF82C004FF00040394632462B461CF02D
:10F20000ADFF1BF00BFFCBF8300009983946CBE976
:10F210000D044FF0004032462B46CBF83C401CF02A
:10F220009DFF1BF0FBFE0B9940F6F014CBE910019B
:10F2300040F24010C2F20000D0E90001C2F2000426
:10F24000C4E9000140F2AC00C2F20000006840F2E4
:10F25000B40140F2B002C2F20001C2F20002096839
:10F260001268A06040F22000C2F20000E160016874
:10F270002261426861618168A261C268E1610169DD
:10F2800022624269C4E90912D0E9061040F6BC12B4
:10F29000C2F20002E162116820635068C4E90D10F7
:10F2A000D2E9020140F6CC12C2F20002E06310681B
:10F2B00021645168C4E91101D2E9020140F65412F7
:10F2C000C2F2000200F00CB8000000000000E03FB5
:10F2D000FCA9F1D24D62603F000000000000044034
:10F2E000E064106821655168C4E91501D2E90201A2
:10F2F00040F6E012C2F20002E06510682166516833
:10F30000C4E91901D2E9020140F64C62C2F20002DE
:10F31000E066106821675168C4E91D01D2E9020165
:10F3200040F66412C2F20002E0671068C4F8801070
:10F330005168C4E92101D2E9020140F64412C2F247
:10F340000002C4F88C001068C4F890105168C4E939
:10F350002501D2E9020140F69872C2F20002C4F817
:10F360009C001068C4F8A0105168C4E92901D2E9D2
:10F3700002014822C4E92B0140F6741104F1B400E3
:10F38000C2F20001F1F7FBFA40F6046104F1FC005F
:10F39000C2F200014822F1F7F2FA40F6EC6104F5FE
:10F3A000A270C2F200014822F1F7E9FA42F25C4190
:10F3B00004F5C670C2F200014822F1F7E0FA42F209
:10F3C000CC3104F5EA70C2F200014822F1F7D7FA15
:10F3D00042F2144104F50770C2F200014822F1F72D
:10F3E000CEFA40F65C6104F51970C2F200014822C1
:10F3F000F1F7C5FA40F6A46104F52B70C2F20001E2
:10F400004822F1F7BCFA04F53D7041464822F1F775
:10F41000B6FA04F54F7059464822F1F7B0FA0DF5E7
:10F42000657DBDE8F08F00BF7B14AE47E17A743F85
:10F4300010B54DF25820C0F6020042F60C6142F2BF
:10F44000AC440830C2F20001C2F200040860204659
:10F4500003F0B2FE44F2115040F20002C0F6010087
:10F46000C0F600022146F1F7A4F94DF23020C0F6B3
:10F47000020042F6F4510830C2F2000108604DF279
:10F480004420C0F6020042F6FC510830C2F20001EE
:10F49000086010BD0F2828D842EA010C0023B3EB06
:10F4A0001C3F18BF704780B584B0062303EB800073
:10F4B0008DF80B00080A8DF80D00100A8DF80F006A
:10F4C0004CF268408DF80C108DF80E204FF0020CB5
:10F4D000C2F200000DF10B0280210523CDF800C01F
:10F4E000FBF7A4F804B0BDE88040704710B501F008
:10F4F00033F800F099FB01F017FF08B1802402E017
:10F5000001F062F9044601F0C7FC00281CBF44F07A
:10F51000400010BD01F032F8204310BD0000000093
:10F520002DE9F04F85B042F6F150C2F200000027FD
:10F53000077010EE100A1DF015F99FED810B53ECCA
:10F54000102B1CF05DFB1BF069FD1DF00BF99FED0E
:10F550007E0B02460B4651EC100B1CF051FB9FED4D
:10F560007C0B02460B4651EC100B1BF0F9FF9FED94
:10F570007A0B04460D460120002153EC102BC8F2F3
:10F580000000C4F230311CF0E9FD02460B46204673
:10F5900029461CF0E3FD04464FF07C500D461DF05B
:10F5A000E1F802460B46204629461BF099FE41EC45
:10F5B000100B1AF055FF51EC100B1CF0CDF94CF26A
:10F5C0006845C2F20005834642F210760DF1110241
:10F5D0002846802101238DF813708DF81170009654
:10F5E0004FF00109FBF722F80DF1130228468021A4
:10F5F00001230096FAF79EFF9DF813400DF11102CA
:10F6000004F06F0010308DF812002846802102238C
:10F610008DF811700096FBF709F84FF0FE0A0DF116
:10F6200011022846802102238DF811A08DF812B016
:10F630000096FAF7FBFF0DF1110228468021022304
:10F640008DF811708DF812400096FAF7EFFF022046
:10F65000F4F7F2FE44F0A1008DF812000DF1110252
:10F660002846802102238DF811700096FAF7DEFFFC
:10F6700040F20140ADF811000DF111022846802141
:10F6800002230096FAF7D2FF0DF1110228468021DD
:10F6900001238DF813708DF811700096FAF7C6FFEC
:10F6A0000DF113022846802101230096FAF742FF4C
:10F6B0009DF813800DF111022846802101238DF859
:10F6C00013708DF811900096FAF7B0FF0DF1130248
:10F6D0002846802101230096FAF72CFF9DF813405D
:10F6E0000DF111022846802101238DF813708DF849
:10F6F00011A00096FAF79AFF0DF113022846802117
:10F7000001230096FAF716FF9DF813602846FAF7D2
:10F71000EBFE68B108F0300080F0200084F00401B6
:10F72000084386EA0B01C9B20843B0FA80F04709E2
:10F7300042F6F150C2F20000077005B0BDE8F08F4C
:10F74000A8C64B378941F03F000000000000B040E0
:10F750000000000084D777410000008000003043A3
:10F76000B0B501F0CFF801F013F800F0E9F932205C
:10F7700001F010F800F0DCF9322001F00BF8002065
:10F7800002F006F810281CBF4020B0BD012001F097
:10F7900001F80B20082102F047F8012000F0FAFFE1
:10F7A0000B2001F0F5FF0446012000F0F3FF4DF2BD
:10F7B0004005082CC0F6020532D14120092102F093
:10F7C00033F8012000F0E6FF412001F0E1FF04469C
:10F7D000012000F0DFFF092C24D14220C02102F0DB
:10F7E00023F8012000F0D6FF422001F0D1FF0446AB
:10F7F000012000F0CFFFC02C17D10A200B2102F00E
:10F8000013F8012000F0C6FF0A2001F0C1FF0446F2
:10F81000012000F0BFFF0B2C04BF0020B0BD093554
:10F82000A878B0BD0335A878B0BD0635A878B0BDBE
:10F83000F0B54CF62823C2F200031B685E6846F060
:10F8400002065E605E6846F001065E601E6846F075
:10F8500040061E604CF28826C2F2000633681D681E
:10F8600025F001051D601D68ED0716D01D6825F007
:10F8700001051D601D68ED071FBF1D6825F001050E
:10F880001D601D6818BF5FEAC57506D01D6825F0AC
:10F8900001051D601D68ED07E1D146F20C43C4F27D
:10F8A0000203366846F2080C03F14C0446F2704E2F
:10F8B000C4F2020CA642C4F2020E0BD9764543D024
:10F8C00046F28845C4F20205AE4240D14FF40065CD
:10F8D0001D6075E00CF1B005AE4218D946F2104536
:10F8E000C4F20205AE4258D046F22845C4F20205E1
:10F8F000AE424DD046F24045C4F20205AE420CBFC6
:10F900004FF400154FF00065CCF8005458E00CF1AE
:10F910005005AE4225D946F27005C4F20205AE424A
:10F9200047D046F28805C4F20205AE4239D046F20D
:10F93000A005C4F20205AE420CBF4FF400154FF013
:10F940000065CCF804503BE020251D6038E003F151
:10F9500094074FF00065BE4208BF4FF400151D60CC
:10F960002EE046F21005C4F20205AE4225D046F262
:10F970002805C4F20205AE4218D046F24005C4F292
:10F980000205AE420CBF4FF400154FF0006515E0C4
:10F990004FF40065CCF8005412E02025CCF8005458
:10F9A0000EE04FF40065CCF8045009E04FF4006518
:10F9B00004E02025CCF8045002E02025CCF80050CB
:10F9C00043F20C05C4F20105B560F1607260316864
:10F9D00041F0100131604CF2E821C2F200010E68E2
:10F9E000376827F0010737603768FF0716D0376898
:10F9F00027F0010737603768FF071FBF376827F018
:10FA000001073760376818BF5FEAC77706D03768E5
:10FA100027F0010737603768FF07E1D10968A14285
:10FA20000BD9714543D046F28847C4F20207B94268
:10FA300040D14FF400661E6075E00CF1B0039942AE
:10FA400018D946F21043C4F20203994258D046F244
:10FA50002843C4F2020399424DD046F24043C4F217
:10FA6000020399420CBF4FF400134FF00063CCF82F
:10FA7000003458E00CF15003994225D946F2700346
:10FA8000C4F20203994247D046F28803C4F202034B
:10FA9000994239D046F2A003C4F2020399420CBF46
:10FAA0004FF400134FF00063CCF804303BE0202605
:10FAB0001E6038E003F194074FF00066B94208BFBA
:10FAC0004FF400161E602EE046F21003C4F202034B
:10FAD000994225D046F22803C4F20203994218D075
:10FAE00046F24003C4F2020399420CBF4FF40013E4
:10FAF0004FF0006315E04FF40063CCF8003412E0DF
:10FB00002023CCF800340EE04FF40063CCF804302E
:10FB100009E04FF4006304E02023CCF8043002E055
:10FB20002023CCF800308D60C8604A60F0BD000032
:10FB300041F60000C4F2020040210122F4F760BE49
:10FB400041F60000C4F2020040210022F4F758BE42
:10FB5000F0B593B00446501E0F284FF0000009D8AE
:10FB600000291FBF42F6F153C2F200031B785FEA7F
:10FB7000C37301D113B0F0BD1019102802D90020B1
:10FB800013B0F0BD0DF10B05681C0E464021174661
:10FB9000F0F72FFF062000EB8400324639468DF83F
:10FBA0000B000020002300BF32F81340B0EB143FDD
:10FBB000E0D105EB83070133260A9942FC703E71C0
:10FBC000F2D188000130C3B24CF268400227C2F281
:10FBD00000000DF10B0280210097FAF727FDB0FA23
:10FBE00080F0400913B0F0BD80B582B0012101FA68
:10FBF00000F08DF807004CF268404FF6FF7CC2F22F
:10FC000000000DF10702E1210123CDF800C0FAF751
:10FC10000DFD02B080BD000000281EBF0021C0E91C
:10FC20000011C0E90211704770470000F4F704BCEE
:10FC3000FBF72AB82DE9F04F81B04CF28823C2F2CD
:10FC40000003D3F800C08946DCF8003023F001033C
:10FC5000CCF800304CF2E823C2F200031B681F68A6
:10FC600027F001071F60DCF8007007E0DCF8007087
:10FC700027F00107CCF80070DCF80070FF071FBF09
:10FC8000DCF8007027F00107CCF80070DCF8007099
:10FC900018BF5FEAC77715D0DCF8007027F00107BE
:10FCA000CCF80070DCF80070FF071FBFDCF80070B4
:10FCB00027F00107CCF80070DCF8007018BF5FEA8D
:10FCC000C777D3D11F68FF071FBF1F6827F0010741
:10FCD0001F601F6818BF5FEAC77714D01F6827F03E
:10FCE00001071F601F68FF071FBF1F6827F001077C
:10FCF0001F601F6818BF5FEAC77704D01F6827F02E
:10FD000001071F60DEE74CF6282BC2F2000BDBF880
:10FD10004C5046F20C44C4F202042E6846F2080E1F
:10FD200004F14C0846F28841C4F2020E4645C4F282
:10FD3000020112D98E4252D046F27045C4F2020539
:10FD4000AE425BD120252560102525600825256061
:10FD50000425256001252560DAE10EF1B005AE42EB
:10FD6000009017D946F2104A4F46C4F2020A46F2F2
:10FD700028495645C4F202097BD04E4576D046F25A
:10FD80004045C4F20205AE420CBF4FF400154FF0DF
:10FD900000656FE00EF1500A46F2100746F270005F
:10FDA0005645C4F20207C4F202004BD90546084684
:10FDB0003946AE4200F0C08046F28805C4F2020522
:10FDC0004F46AE4200F0B28046F2A005C4F20205F2
:10FDD000AE420CBF4FF400194FF00069AFE04FF492
:10FDE000006525604FF4806525604FF4007525603F
:10FDF0004FF4807525604025256089E104F1940564
:10FE00004FF00067AE4208BF4FF4001727604FF075
:10FE1000806708BF4FF4801727604FF00077AE422D
:10FE200008BF4FF4002727604FF0807708BF4FF4DA
:10FE3000802727604FF48007AE4208BF4FF4803719
:10FE4000276065E1BE4200F09B8046F22805C4F2BF
:10FE50000205AE426DD046F24005C4F20205AE4244
:10FE60000CBF4FF400154FF000658AE04FF40065B9
:10FE700000E020255645CEF800540FD04E450AD05C
:10FE800046F24045C4F20205AE420CBF4FF4801565
:10FE90004FF0806503E04FF4806500E01025564583
:10FEA000CEF800540FD04E450AD046F24045C4F279
:10FEB0000205AE420CBF4FF400254FF0007503E081
:10FEC0004FF4007500E008255645CEF800540FD0D9
:10FED0004E450AD046F24045C4F20205AE420CBF80
:10FEE0004FF480254FF0807503E04FF4807500E0FB
:10FEF00004255645CEF8005412D000984E450DD03A
:10FF000046F24045C4F20205AE42B9460CBF4FF47A
:10FF100080354FF48005CEF80054F9E0402501E02B
:10FF200001250098B946CEF80054F1E04FF400697D
:10FF300005E04FF4006524E04F464FF02009CEF86D
:10FF40000490B9460F46014646F27000C4F2020022
:10FF500056451AD8BE422ED046F22805C4F20205F4
:10FF6000AE420AD046F24005C4F20205AE420CBFD2
:10FF70004FF480154FF080651EE04FF480651BE064
:10FF80002025CEF800505645E4D986422ED046F2C0
:10FF90008805C4F20205AE420AD046F2A005C4F2BA
:10FFA0000205AE420CBF4FF480154FF080651EE095
:10FFB0004FF480651BE01025CEF8005056451AD945
:10FFC00086422ED046F28805C4F20205AE420AD01F
:10FFD00046F2A005C4F20205AE420CBF4FF4002564
:10FFE0004FF000751EE04FF400751BE01025CEF8B1
:10FFF00004505645E4D8BE422ED046F22805C4F23D
:020000040801F1
:100000000205AE420AD046F24005C4F20205AE42F5
:100010000CBF4FF400254FF000751EE04FF4007543
:100020001BE00825CEF8045056451AD8BE422ED003
:1000300046F22805C4F20205AE420AD046F2400557
:10004000C4F20205AE420CBF4FF480254FF080751C
:100050001EE04FF480751BE00825CEF80050564591
:10006000E4D9864232D046F28805C4F20205AE4297
:100070000AD046F2A005C4F20205AE420CBF4FF40E
:1000800080254FF0807522E04FF480751FE0042535
:10009000CEF8005056451ED98642009831D046F21F
:1000A0008805C4F20205AE420CD046F2A005C4F2A7
:1000B0000205AE420CBF4FF480354FF48005CEF8F8
:1000C000045025E04025CEF8045021E00425CEF868
:1000D00004505645E0D80098BE4216D046F2280596
:1000E000C4F20205AE420AD046F24005C4F202054F
:1000F000AE420CBF4FF480354FF4800506E040253A
:1001000004E00125CEF8045002E00125CEF80050AD
:10011000DBF848502D68454512D98D4248D046F24B
:100120007041C4F202018D4251D120212160102181
:100130002160082121600421216001212160F7E173
:100140000EF1B0018D4216D946F21044C4F20204F9
:10015000A5427BD046F22841C4F202018D4272D002
:1001600046F24041C4F202018D420CBF4FF400162A
:100170004FF000666BE00EF15004A5424BD946F2F9
:100180007001C4F202018D4200F0D18046F2880174
:10019000C4F202018D4200F0C48046F2A001C4F214
:1001A00002018D420CBF4FF400164FF00066BFE015
:1001B0004FF4006121604FF4806121604FF40071C1
:1001C00021604FF48071216040212160B0E104F191
:1001D00094014FF000678D4208BF4FF4001727606D
:1001E0004FF0806708BF4FF4801727604FF000770B
:1001F0008D4208BF4FF4002727604FF0807708BF7B
:100200004FF4802727604FF480078D4208BF4FF4DA
:10021000803727608CE146F21001C4F202018D4262
:1002200000F0A48046F22801C4F202018D427BD086
:1002300046F24001C4F202018D420CBF4FF4001699
:100240004FF0006693E04FF4006600E02026A542E0
:10025000CEF8006413D046F22841C4F202018D4268
:100260000AD046F24041C4F202018D420CBF4FF465
:1002700080164FF0806603E04FF4806600E01026A1
:10028000A542CEF8006413D046F22841C4F2020120
:100290008D420AD046F24041C4F202018D420CBFA9
:1002A0004FF400264FF0007603E04FF4007600E0B4
:1002B0000826A542CEF8006413D046F22841C4F2C5
:1002C00002018D420AD046F24041C4F202018D4241
:1002D0000CBF4FF480264FF0807603E04FF4807619
:1002E00000E00426A542CEF8006416D046F228416C
:1002F000C4F202018D420CD046F24041C4F2020128
:100300008D420CBF4FF480344FF48004CEF800448B
:100310000EE14024CEF800440AE10124CEF8004466
:1003200006E14FF4006603E04FF400661FE020266C
:10033000CEF80460A5421ED846F21001C4F20201B4
:100340008D4232D046F22801C4F202018D420AD019
:1003500046F24001C4F202018D420CBF4FF48016F8
:100360004FF0806622E04FF480661FE02026CEF832
:100370000060A542E0D946F27001C4F202018D424C
:1003800032D046F28801C4F202018D420AD046F210
:10039000A001C4F202018D420CBF4FF480164FF051
:1003A000806622E04FF480661FE01026CEF80060E1
:1003B000A5421ED946F27001C4F202018D4232D02C
:1003C00046F28801C4F202018D420AD046F2A00131
:1003D000C4F202018D420CBF4FF400264FF00076AC
:1003E00022E04FF400761FE01026CEF80460A5420C
:1003F000E0D846F21001C4F202018D4232D046F23A
:100400002801C4F202018D420AD046F24001C4F232
:1004100002018D420CBF4FF400264FF0007622E01F
:100420004FF400761FE00826CEF80460A5421ED8DF
:1004300046F21001C4F202018D4232D046F2280188
:10044000C4F202018D420AD046F24001C4F2020118
:100450008D420CBF4FF480264FF0807622E04FF49F
:1004600080761FE00826CEF80060A542E0D946F26B
:100470007001C4F202018D4235D046F28801C4F207
:1004800002018D420AD046F2A001C4F202018D425F
:100490000CBF4FF480264FF0807625E04FF4807635
:1004A00022E00426CEF80060A54221D946F2700170
:1004B000C4F202018D4234D046F28801C4F2020136
:1004C0008D420CD046F2A001C4F202018D420CBF55
:1004D0004FF480344FF48004CEF8044028E04024E8
:1004E000CEF8044024E00426CEF80460A542DDD80E
:1004F00046F21001C4F202018D4216D046F22801E4
:10050000C4F202018D420AD046F24001C4F2020157
:100510008D420CBF4FF480344FF4800406E0402439
:1005200004E00124CEF8044002E00124CEF80040AB
:10053000CCF80C90D860CCF804205A60DCF80000AD
:1005400040F00100CCF80000186840F0010018608D
:1005500001B0BDE8F08F00007047000040F200409D
:10056000C4F2020001210122F4F74AB940F200402E
:10057000C4F2020001210022F4F742B9B0B5FFF73E
:10058000F5FF802000F0AEFE552000F0ABFEFFF737
:10059000E5FF9620FFF74CFBFFF7E8FF802000F017
:1005A000A1FE552000F09EFEFFF7D8FF9620FFF732
:1005B0003FFBFFF7DBFF142000F094FEB62000F0B5
:1005C00091FEFFF7CBFF5020FFF730FBFFF7CEFF88
:1005D000802000F087FE552000F084FEFFF7BEFF6C
:1005E0009620FFF725FBFFF7C1FF802000F07AFE81
:1005F000552000F077FE0446FFF7B0FF9620FFF786
:1006000017FB0F2C1CBFFF20B0BDFFF7AFFF0F2063
:1006100000F068FE002000F065FEFFF79FFF9620C7
:10062000FFF706FBFFF7A2FF8F2000F05BFE5520CF
:1006300000F058FE0446FFF791FF9620FFF7F8FA06
:100640004DF24C05C0F602050CB1A878B0BDFFF71D
:100650008DFF102000F046FE822000F043FEFFF7E1
:100660007DFF9620FFF7E4FAFFF780FF902000F06F
:1006700039FE552000F036FE0446FFF76FFF962046
:10068000FFF7D6FA822C1ED1FFF770FF112000F081
:1006900029FE002000F026FEFFF760FF9620FFF7FE
:1006A000C7FAFFF763FF912000F01CFE552000F011
:1006B00019FE0446FFF752FF9620FFF7B9FA2CB156
:1006C0000635A878B0BD0335A878B0BDFFF74EFF5A
:1006D000152000F007FE802000F004FEFFF73EFF2B
:1006E0009620FFF7A5FAFFF741FF952000F0FAFDED
:1006F000552000F0F7FD0446FFF730FF9620FFF786
:1007000097FA802C1ED1FFF731FF162000F0EAFD8A
:10071000002000F0E7FDFFF721FF9620FFF788FAA1
:10072000FFF724FF962000F0DDFD552000F0DAFDF4
:100730000446FFF713FF9620FFF77AFA2CB10C3529
:10074000A878B0BD0935A878B0BDFFF70FFF182015
:1007500000F0C8FD012000F0C5FDFFF7FFFE962068
:10076000FFF766FAFFF702FF982000F0BBFD552067
:1007700000F0B8FD0446FFF7F1FE9620FFF758FAA7
:10078000012C04BF0020B0BD0F35A878B0BD00001B
:1007900070470000F3F750BE0020C4F202001021A1
:1007A0000122F4F72DB800000020C4F2020010214D
:1007B0000022F4F725B8000042F6F050C2F2000023
:1007C000007880F0010070472DE9F04182B00020F0
:1007D0008DF80700FFF7E8FF802000F083FD55202B
:1007E00000F080FD552000F07DFD8DF80700FFF73B
:1007F000D3FF9620FFF71CFAFFF7D6FF802000F00A
:1008000071FD552000F06EFD552000F06BFD8DF858
:100810000700FFF7C1FF9620FFF70AFAFFF7C4FFB2
:100820007E2000F05FFDB62000F05CFDFFF7B4FF16
:100830005020FFF7FBF9FFF7B7FF802000F052FDD3
:10084000552000F04FFD552000F04CFD8DF80700BD
:10085000FFF7A2FF9620FFF7EBF9FFF7A5FF802037
:1008600000F040FD552000F03DFD552000F03AFD20
:100870008DF80700FFF790FF9620FFF7D9F99DF854
:1008800007001E2836D14DF25E080026C0F6020889
:10089000FFF78AFF06EB460018F8005008EB000748
:1008A0007C78284600F01EFD204600F01BFDFFF777
:1008B00073FF9620FFF7BCF9FFF776FF45F0800045
:1008C00000F010FD552000F00DFD552000F00AFD50
:1008D0008DF80700FFF760FF9620FFF7A9F99DF854
:1008E0000700A0420AD10136062ED1D1002002B065
:1008F000BDE8F081FF2002B0BDE8F081B87802B019
:10090000BDE8F0817047000003780A78DB0702BF7A
:1009100002F0FB00087070472DE9F0412DED028BCD
:1009200086B042F004020A70B0F901209FED220B5C
:1009300040F2000854EC105B82F00042C4F2303800
:10094000064610460F4641462A4623461BF006FC43
:100950001AF064FB9FED1A8A00EE100A28EE000AD6
:1009600087ED010AB6F90300414680F000402A46AF
:1009700023461BF0F3FB1AF051FB00EE100A28EEA1
:10098000000A87ED020AB6F90500414680F00040F2
:100990002A4623461BF0E2FB1AF040FB00EE100A49
:1009A00028EE000A87ED030A06B0BDEC028BBDE815
:1009B000F08100BF00BF00BF000000800000304396
:1009C0009A99993E42F6F150C2F2000000787047C1
:1009D00084B048F65455C2F2000528604AF2C000BF
:1009E000C2F2000001604BF6C010C2F200000260CB
:1009F0004BF6BC10C2F20000049E036048F6505053
:100A0000C2F200000660FAF7A1F94BF21464C2F2D8
:100A10000004002504F1480201207C2123460095B2
:100A200018F0DAF90028C4F8C40000F01E814BF277
:100A3000D474C2F2000404F1480201205421234678
:100A4000009518F0C9F90028C4F89C0000F01F8137
:100A50004BF23074C2F20004002504F14802012078
:100A600050212346009518F0B7F90028C4F89800E3
:100A700000F01F814BF2FC14C2F2000404F14802A2
:100A8000082070212346009518F0A6F90028C4F824
:100A9000C80300F020814AF28054C2F2000400250D
:100AA00004F148021020C2212346009518F094F961
:100AB0000028C4F8680C00F020814AF23014C2F219
:100AC000000404F14802202020212346009518F05C
:100AD00083F90028C4F8480400F021814BF678041B
:100AE000C2F20004002604F1480204203421234607
:100AF000009618F071F90028C4F8180100F021815F
:100B000043F2FD30C0F6020010F03CFA48F6D43350
:100B10000325C2F20003012000210022009518F0F5
:100B20005BF94AF2C401C2F200010028086000F03B
:100B30001A8143F2D430C2F20000042143F2A42609
:100B4000CDE9001042F6A150C2F20006C0F6020044
:100B500097A14FF4C0620023029618F00FFD4BF2EC
:100B6000EC17C2F20007386044F6D430C2F200003D
:100B7000052143F2F024CDE9001042F2D150C2F237
:100B80000004C0F602008EA14FF40062002302941C
:100B900018F0F4FC4BF2F014C2F20004206046F6A8
:100BA000D430C2F2000043F23C36CDE9005043F2AB
:100BB0004D30C2F20006C0F6020084A14FF4C062BC
:100BC0000023029618F0DAFC4BF2F815C2F2000589
:100BD000286048F2D430C2F20000022143F2883685
:100BE000CDE9001043F2E540C2F20006C0F6020073
:100BF0007AA14FF400720023029618F0BFFC396806
:100C00004BF21062C2F200020029106000F0BD80B9
:100C10002168002900F0B9802968002900F0B5801A
:100C2000002800F0B2804CF26840C2F20000F9F7F0
:100C3000D9FC21684CF2BC40C2F20000F9F7D2FCAA
:100C400017F04AFF042013F079FBEFF3108072B61F
:100C50004BF63C604DF2F621C2F20000C0F60201F4
:100C600081673A21C16700BFFEE7042013F066FBED
:100C7000EFF3108072B64BF63C604DF2C721C2F222
:100C80000000C0F6020181671921C167FEE7042058
:100C900013F054FBEFF3108072B64BF63C604DF24C
:100CA000C721C2F20000C0F6020181671921C167A5
:100CB000FEE7042013F042FBEFF3108072B64BF610
:100CC0003C604DF2C721C2F20000C0F6020181670C
:100CD0001921C167FEE7042013F030FBEFF3108009
:100CE00072B64BF63C604DF2C721C2F20000C0F66E
:100CF000020181671921C167FEE7042013F01EFB82
:100D0000EFF3108072B64BF63C604DF2C721C2F291
:100D10000000C0F6020181671921C167FEE70420C7
:100D200013F00CFBEFF3108072B64BF63C604DF203
:100D3000C721C2F20000C0F6020181671921C16714
:100D4000FEE7042013F0FAFAEFF3108072B64BF6C8
:100D50003C604DF2C721C2F20000C0F6020181677B
:100D60001921C167FEE7042013F0E8FAEFF31080C1
:100D700072B64BF63C604DF2F621C2F20000C0F6AE
:100D8000020181672821C167FEE7042013F0D6FA2B
:100D9000EFF3108072B64BF63C604DF2F621C2F2D2
:100DA0000000C0F6020181673621C167FEE700BF7F
:100DB000636F6E74726F6C5F6C6F6F700000000019
:100DC000696D755F667573696F6E0000707265732B
:100DD000737572655F70776D0000000075617274E5
:100DE0005F747800000000002DE9F04381B02DED24
:100DF000028B86B09FED260B0646B0F9000040F24C
:100E0000000855EC107BC4F230380C4680F00040EE
:100E100041463A462B461BF0A1F91AF0FFF840F282
:100E20001C09C2F2000999ED000A01EE100A21EE38
:100E3000000A84ED000AB6F90200414680F0004045
:100E40003A462B461BF08AF91AF0E8F899ED008A29
:100E500000EE100A20EE080A84ED010AB6F904003B
:100E6000414680F000403A462B461BF077F91AF0D5
:100E7000D5F800EE100A20EE080A84ED020A06B04A
:100E8000BDEC028B01B0BDE8F08300BF00BF00BF26
:100E9000000000800000304310B5FFF767FB8020A2
:100EA00000F020FA552000F01DFAFFF757FB9620BE
:100EB000FEF7BEFEFFF75AFB802000F013FA552024
:100EC00000F010FAFFF74AFB9620FEF7B1FEFFF79D
:100ED0004DFB142000F006FAB62000F003FAFFF7ED
:100EE0003DFB5020FEF7A2FEFFF740FB802000F004
:100EF000F9F9552000F0F6F9FFF730FB9620FEF7E0
:100F000097FEFFF733FB802000F0ECF9552000F04E
:100F1000E9F9FFF723FB9620FEF78AFEFFF726FB91
:100F20003C2000F0DFF9012000F0DCF9FFF716FBB0
:100F30005020FEF77BFEFFF719FBBC2000F0D2F932
:100F4000552000F0CFF90446FFF708FB9620FEF786
:100F50006FFEA00700F19180FFF708FBBC2000F0B6
:100F6000C1F9552000F0BEF90446FFF7F7FA9620C4
:100F7000FEF75EFEA00700F18080FFF7F7FABC20C5
:100F800000F0B0F9552000F0ADF90446FFF7E6FA9D
:100F90009620FEF74DFEA0076FD4FFF7E7FABC20BE
:100FA00000F0A0F9552000F09DF90446FFF7D6FAAD
:100FB0009620FEF73DFEA0075FD4FFF7D7FABC20CE
:100FC00000F090F9552000F08DF90446FFF7C6FABD
:100FD0009620FEF72DFEA0074FD4FFF7C7FABC20DE
:100FE00000F080F9552000F07DF90446FFF7B6FACD
:100FF0009620FEF71DFEA0073FD4FFF7B7FABC20EE
:1010000000F070F9552000F06DF90446FFF7A6FADC
:101010009620FEF70DFEA0072FD4FFF7A7FABC20FD
:1010200000F060F9552000F05DF90446FFF796FAEC
:101030009620FEF7FDFDA0071FD4FFF797FABC200E
:1010400000F050F9552000F04DF90446FFF786FAFC
:101050009620FEF7EDFDA0070FD4FFF787FABC201E
:1010600000F040F9552000F03DF90446FFF776FA0C
:101070009620FEF7DDFD012100E00021402000EA7E
:101080000410002918BF402010BD0000000000001F
:101090002DE9F04F81B02DED068B8CB09FED7A0BD2
:1010A000CDE90110B0F90010002554EC106BC4F22A
:1010B00030350392B0F90270B0F9048081F000403D
:1010C0002946324623461BF049F819F0A7FF40F2A3
:1010D0001801C2F2000191ED008A00EE100A87F0BB
:1010E000004029463246234620EE089A1BF036F887
:1010F00019F094FF00EE100A88F0004029463246AD
:10110000234620EE08AA1BF029F819F087FF19EEF4
:10111000109A00EE100A484620EE088A1BF022FBC7
:101120001AEE10AA054650460F461BF01BFB9FED1A
:10113000580B53EC102B1AF063FD9FED570B044630
:101140000E4653EC102B284639461AF059FD22461C
:1011500033461AF0C5F818EE10BA054658468846C8
:101160001BF000FB9FED4E0B53EC102B1AF048FDCB
:101170002A4643461AF0B4F819F050FFDDF804800F
:10118000C8F8000048461BF0EDFA044650460D46EC
:101190001BF0E8FA9FED440B53EC102B1AF030FDD6
:1011A0009FED430B06460F4653EC102B2046294675
:1011B0001AF026FD32463B461AF092F8044658468D
:1011C0000D461BF0CFFA9FED3C0B53EC102B1AF0A1
:1011D00017FD22462B461AF083F819F01FFFC8F8B6
:1011E000040048461BF0BEFA044650460D461BF06C
:1011F000B9FA9FED330B53EC102B1AF001FD9FED64
:10120000320B06460F4653EC102B204629461AF0A7
:10121000F7FC32463B461AF063F8044658460D4642
:101220001BF0A0FA9FED2A0B53EC102B1AF0E8FCF0
:1012300022462B461AF054F819F0F0FE029AC8F82C
:101240000800D1799079127A090241EA02419FEDB2
:10125000220B0844002153EC102BC4F230311AF059
:101260007DFF19F0DBFE9FED1E0A01EE100A0398C8
:1012700021EE000A80ED000A0CB0BDEC068B01B037
:10128000BDE8F08F00BF00BF0000008000003043C9
:10129000CC96EA6969D377BF50826C09CF22F03FC0
:1012A0004129BFEE0A56833F6AC1A2921615F03F4C
:1012B000E81FFCC7B794973FE00162108CB09D3FD8
:1012C0000F1F6C38255338BFB6F7DAFCDF9690BF96
:1012D000FD9B1711A510F03F0000000000003043F7
:1012E00000401C42B0B582B042F6F054C2F2000495
:1012F0008DF80700207800218DF8061080B90220B3
:1013000000904CF62820C2F200000DF107010DF10B
:10131000060201230125F6F7DFFA002818BF257021
:101320009DF8060002B0B0BD2DE9F04F87B0002057
:101330008DF81B00FFF738FA8020FFF7D3FF552008
:10134000FFF7D0FF5520FFF7CDFF8DF81B00FFF70B
:1013500023FA9620FEF76CFCFFF726FA8020FFF7B1
:10136000C1FF5520FFF7BEFF5520FFF7BBFF8DF8EB
:101370001B00FFF711FA9620FEF75AFCFFF714FA4C
:101380007E20FFF7AFFFB620FFF7ACFFFFF704FAB0
:101390005020FEF74BFCFFF707FA8020FFF7A2FF73
:1013A0005520FFF79FFF5520FFF79CFF8DF81B008E
:1013B000FFF7F2F99620FEF73BFCFFF7F5F98020E6
:1013C000FFF790FF5520FFF78DFF5520FFF78AFFAD
:1013D0008DF81B00FFF7E0F99620FEF729FC9DF839
:1013E0001B001E2840F09A80FFF7DEF94020FFF72F
:1013F00079FFAC20FFF776FFFFF7CEF99620FEF7D6
:1014000017FCFFF7D1F9C020FFF76CFF5520FFF75D
:1014100069FF5520FFF766FF8DF81B00FFF7BCF949
:101420009620FEF705FC9DF81B004DF26C24AC28BD
:10143000C0F6020479D15020FEF7F8FBFFF7B4F9AB
:101440007D20FFF74FFF0420FFF74CFFFFF7A4F9C3
:101450009620FEF7EDFBFFF7A7F9FD20FFF742FF0F
:101460005520FFF73FFF5520FFF73CFF8DF81B008D
:10147000FFF792F99620FEF7DBFB9DF81B0004288E
:1014800050D15020FEF7D2FBFFF78EF94120FFF735
:1014900029FF0320FFF726FFFFF77EF99620FEF7CE
:1014A000C7FBFFF781F9C120FFF71CFF5520FFF7AD
:1014B00019FF5520FFF716FF8DF81B00FFF76CF999
:1014C0009620FEF7B5FB9DF81B0003282CD1502079
:1014D000FEF7ACFBFFF768F97C20FFF703FF002065
:1014E000FFF700FFFFF758F99620FEF7A1FBFFF783
:1014F0005BF9FC20FFF7F6FE5520FFF7F3FE5520C1
:10150000FFF7F0FE8DF81B00FFF746F99620FEF777
:101510008FFB9DF81B0060B1093406E0FF2007B087
:10152000BDE8F08F033400E00634A07807B0BDE8D2
:10153000F08F5020FEF77AFBFFF736F96D20FFF7AA
:10154000D1FE0D20FFF7CEFEFFF726F99620FEF71D
:101550006FFBFFF729F9ED20FFF7C4FE5520FFF7D9
:10156000C1FE5520FFF7BEFE8DF81B00FFF714F9F2
:101570009620FEF75DFB9DF81B000D2840F097803C
:101580005020FEF753FBFFF70FF99220FFF7AAFE5A
:101590009220FFF7A7FE5520FFF7A4FE83465520B3
:1015A000FFF7A0FE81465520FFF79CFE80465520A0
:1015B000FFF798FE05465520FFF794FE0646552096
:1015C000FFF790FE0746FFF7E7F8FFF7EDF86D200D
:1015D000FFF788FE0920FFF785FEFFF7DDF896206C
:1015E000FEF726FBFFF7E0F8ED20FFF77BFE552026
:1015F000FFF778FE5520FFF775FE8DF81B00FFF70B
:10160000CBF89620FEF714FB9DF81B00092851D15A
:101610005020CDE90458CDE90276FEF707FBFFF72D
:10162000C3F89220FFF75EFE9220FFF75BFE552085
:10163000FFF758FE80465520FFF754FE824655209E
:10164000FFF750FE04465520FFF74CFE0746552095
:10165000FFF748FE05465520FFF744FE0646FFF714
:101660009BF8FFF7A1F86D20FFF73CFE0020FFF785
:1016700039FEFFF791F89620FEF7DAFAFFF794F8B3
:10168000ED20FFF72FFE5520FFF72CFE5520FFF72A
:1016900029FE8DF81B00FFF77FF89620FEF7C8FAA9
:1016A0009DF81B0060B1042007B0BDE8F08F04F185
:1016B0000C0001E004F10F00807807B0BDE8F08F66
:1016C000CDE9006526464BEA092448EA0A25FFF7DA
:1016D0006BF87E20FFF706FEB620FFF703FEFFF74C
:1016E0005BF85020FEF7A2FA20B229B2411A40F26C
:1016F0005550814218DBDDE9042141EA022146EA26
:10170000072209B212B2891A81420DDBDDE902100B
:1017100040EA0120DDE9002100B241EA022109B2DC
:10172000401AB0F52A7F03DA802007B0BDE8F08FB9
:10173000FFF73AF88020FFF7D5FD5520FFF7D2FDDF
:101740005520FFF7CFFD8DF81B00FFF725F89620F9
:10175000FEF76EFAFFF728F88020FFF7C3FD55204B
:10176000FFF7C0FD5520FFF7BDFD8DF81B00FFF70B
:1017700013F89620FEF75CFA002007B0BDE8F08F62
:1017800042F6F050C2F200000021017070470000E4
:1017900080B584B0024600208DF80F0001200DF1C5
:1017A0000F01CDE900104CF2BC404FF0640CC2F2C6
:1017B00000001C210123CDF808C0F8F7E1FD9DF8D9
:1017C0000F0004B080BD000010B582B090F9002079
:1017D0000C46D1B24078C90041EA50104FF60001E2
:1017E000CFF6FF719FED0E0B002A48BF0843002182
:1017F00080F0004053EC102BC4F230311AF0AEFCF4
:1018000019F00CFC00EE100AB4EE001A20EE010AEA
:10181000B3EE071A30EE010A84ED000A02B010BDE3
:10182000000000800000304380B584B002468DF88F
:101830000F1001200DF10F01CDE900104CF2BC405A
:101840004FF0640CC2F200001C210123CDF808C047
:10185000F8F7F2FD04B080BD80B582B08DF80600C7
:101860004CF268408DF8071042F2107CC2F2000082
:101870000DF1060280210223CDF800C0F8F7D6FE54
:1018800002B080BD10B50446012898BF012400BFF6
:101890002046EFF75FF9002818BF10BD16F022FBB5
:1018A00008B18047F4E7002010BD0000F0B581B01A
:1018B0000C460546012898BF0125042998BF042439
:1018C0000027684621462A460097EFF799F90098C5
:1018D00078B96E4616F006FB50B180473046214677
:1018E0002A460097EFF78CF900980028F2D000E024
:1018F000002001B0F0BD00002DE9F0472DED068B72
:1019000082B090ED001B90ED042B044690ED02ABED
:1019100090ED069BB0EE408A51EC120B53EC112B6C
:10192000F0EE608A19F0DCFC53EC1A2B80468946F5
:1019300019F0D6FC02460B464046494619F010FE07
:1019400055EC196B07468A4651EC180B32462B466C
:101950001AF004FC02460B46384651461AF050F97C
:1019600032462B4619F0BCFC9FED130B41EC180BD3
:101970000120002153EC102BC8F20000C4F23031DA
:1019800084ED068B1AF0EAFB3A4653461AF0E6FB62
:1019900042464B461AF034F941EC110BB0EE480ABE
:1019A000F0EE680A84ED041B02B0BDEC068BBDE8C6
:1019B000F08700BF00BF00BF000000800000304380
:1019C0002DE9F0414CF26845C2F200050446A842F8
:1019D0000CD04CF2BC40C2F20000844206D04DF262
:1019E000F040C0F602001321F8F774FEF8F7FCFE91
:1019F00048F61C4848F63047C2F20008C2F2000719
:101A000088B93E46AC4208BF4646B06858B9F9F7B7
:101A100089F93946AC4208BF414648604CF2C06083
:101A2000C0F22D00B060EFF3058030B14DF2F04010
:101A3000C0F602001E21F8F74DFEF8F7D5FE78B18A
:101A400017F08AFF3946AC4208BF41460968884210
:101A500006D04DF2F040C0F602002021F8F73AFE21
:101A60003E46AC4208BF4646307C00BB20688069D9
:101A7000800714D4F9F756F9391DAC4208BF08F1B4
:101A8000040107F108020968AC4208BF08F1080226
:101A90001268401A90423CBF0120BDE8F081AC4280
:101AA00008BF4746F96801203074481CF8600020E0
:101AB000BDE8F08170B590ED0A0AD1ED000A044648
:101AC00000F2445678300D4614F0FAFB287F86ED7C
:101AD000000A012813D194ED0B0AD5ED010A04F593
:101AE000767014F0EDFB84ED0C0A94ED0D0AD5ED43
:101AF000020A04F58D6014F0E3FB84ED0E0A94ED08
:101B00000C0AD5ED040A04F5647014F0D9FB86EDD7
:101B1000010A94ED0E0AD5ED050A04F5846014F06F
:101B2000CFFB86ED020A70BDB0B582B00025044639
:101B3000C5634563C562783014F042FB04F56470F8
:101B400014F03EFB04F5767014F03AFB04F5846063
:101B500014F036FB04F58D6014F032FB04F5407090
:101B600014F02EFB04F5527014F02AFB9FED100BBD
:101B70001E20002153EC102BC8F20000C4F23031BB
:101B8000A4F8685084F86D501AF0E8FA19F046FA93
:101B9000A06240F20E60C4E90200C4E90400C4E996
:101BA0000600C4E9080002B0B0BD00BF00BF00BF1E
:101BB0000000008000003043F0B581B008680C469A
:101BC0004FF4FA61B0F5FA6FB8BF014642F21075F2
:101BD00048F6AD3605EB0131C6F6DB06A1FB061271
:101BE000520BB0F57A7F4FF000004FF000014FF438
:101BF000FA67B8BFCD22FDF74DFC60684FF4FA617B
:101C0000B0F5FA6FB8BF014605EB0131A1FB061232
:101C1000520BB0F57A7F4FF001004FF00001B8BFD2
:101C2000CD22FDF737FCA0684FF4FA61B0F5FA6FEA
:101C3000B8BF014605EB0131A1FB0612520BB0F50E
:101C40007A7F4FF002004FF00001B8BFCD22FDF7C0
:101C500021FCE0684FF4FA61B0F5FA6FB8BF0146B5
:101C600005EB0131A1FB0612520BB0F57A7F4FF064
:101C700003004FF00001B8BFCD22FDF70BFC206937
:101C80004FF4FA61B0F5FA6FB8BF014605EB0131C8
:101C9000A1FB0612520BB0F57A7F4FF004004FF013
:101CA0000001B8BFCD22FDF7F5FB60694FF4FA6182
:101CB000B0F5FA6FB8BF014605EB0131A1FB061282
:101CC000520BB0F57A7F4FF005004FF00001B8BF1E
:101CD000CD22FDF7DFFBA0694FF4FA61B0F5FA6F92
:101CE000B8BF014605EB0131A1FB0612520BB0F55E
:101CF0007A7F4FF006004FF00001B8BFCD22FDF70C
:101D0000C9FBE069B0F5FA6FB8BF074605EB0731CC
:101D1000A1FB0612520BB0F57A7FB8BFCD22072087
:101D2000002101B0BDE8F040FDF7B4BB10B504469A
:101D300090F8680000286ED194F8690000286AD1F4
:101D400040F63470C2F200004DF2BC510430C0F6CF
:101D50000201EEF733FD00285DD0EEF7E5FC4DF211
:101D6000BC51A060C0F602010020EEF727FD00285C
:101D700051D0EEF7D9FC4DF2BC51E060C0F6020143
:101D80000020EEF71BFD002845D0EEF7CDFC4DF20C
:101D9000BC512061C0F602010020EEF70FFDD0B368
:101DA000EEF7C2FC4DF2BC516061C0F602010020AA
:101DB000EEF704FD78B3EEF7B7FC4DF2BC51A0612D
:101DC000C0F602010020EEF7F9FC20B3EEF7ACFC00
:101DD0004DF2BC51E061C0F602010020EEF7EEFCCE
:101DE000002808BF10BDEEF79FFC4DF2BC512062E9
:101DF000C0F602010020EEF7E1FC60B1EEF794FCC2
:101E000002464DF2BC51C0F6020100206262BDE8FC
:101E10001040EEF7D3BC10BD70B52DED0A8B8EB01F
:101E20000D4604460DA9284618F030FF0D98A8422B
:101E300000F0358110EE101A21F00041B1F1FF4F92
:101E400080F22D8101782C2940F02981451C0DA9B3
:101E50002846B0EE40BA18F019FF0D98A84200F0DD
:101E60001E8110EE101A21F00041B1F1FF4F80F2F7
:101E7000168101782C2940F01281451C0DA92846B5
:101E8000B0EE408A18F002FF0D98A84200F00781DA
:101E900010EE101A21F00041B1F1FF4F80F2FF80E7
:101EA00001782C2940F0FB80451C0DA92846B0EE96
:101EB000409A18F0EBFE0D98A84200F0F08010EE6A
:101EC000101A21F00041B1F1FF4F80F2E880017853
:101ED000202900F2E480DFE811F07800E200E2005F
:101EE000E200E200E200E200E200E200E2002100A3
:101EF000E200E2002100E200E200E200E200E20093
:101F0000E200E200E200E200E200E200E200E200C1
:101F1000E200E200E200E200E20021004178202934
:101F200000F2BD80DFE811F05100BB00BB00BB0038
:101F3000BB00BB00BB00BB00BB00BB002100BB0063
:101F4000BB002100BB00BB00BB00BB00BB00BB0053
:101F5000BB00BB00BB00BB00BB00BB00BB00BB00A9
:101F6000BB00BB00BB00BB0021008178202900F230
:101F70009680DFE801F02A94949494949494949435
:101F80001194941194949494949494949494949417
:101F90009494949494941100C178202900F27F8045
:101FA000DFE801F0137D7D7D7D7D7D7D7D7D117D73
:101FB0007D117D7D7D7D7D7D7D7D7D7D7D7D7D7DBD
:101FC0007D7D7D7D1100043081E7B0EE40AA9FED5C
:101FD0004C0B002155EC106BC4F230314FF0004037
:101FE00032462B461AF0BAF819F018F801EE100A2A
:101FF000B4EEC1BAF1EE10FA51D464200021C8F257
:102000000000C4F2303132462B461AF0A7F819F01E
:1020100005F801EE100AB4EEC1BAF1EE10FA3EDC9A
:102020001E200021C8F20000C4F2303132462B4697
:10203000B0EEC8CA1AF092F818F0F0FF00EE100ADD
:10204000B4EEC0CAF1EE10FA29DC1E200021C8F25D
:102050000000C4F2303132462B46B0EEC9CA1AF045
:102060007DF818F0DBFF00EE100AB4EEC0CAF1EE06
:1020700010FA14DCB4200021C8F20000C4F23031A0
:1020800032462B46B0EECACA1AF068F818F0C6FFFE
:1020900000EE100AB4EEC0CAF1EE10FA04DD002022
:1020A0000EB0BDEC0A8B70BD64200021C8F20000A8
:1020B000C4F2303132462B461AF050F818F0AEFF19
:1020C00000EE100A2BEE000A84ED0A0A2046B0EE5C
:1020D000480A01F041F884ED0B0A2046B0EE490AA7
:1020E00001F03AF884ED0D0A2046B0EE4A0A01F0FC
:1020F00033F8012084ED0F0AD2E700BF00BF00BF14
:10210000000000800000304390F86910012940D1A0
:1021100090F86810012918BF70472DE9F04385B089
:1021200040F63471C2F20001043181460846EEF7F0
:10213000FBFA9FED190B40F2000854EC105BC4F25F
:10214000303880F0004041462A4623461AF006F80F
:1021500018F064FF1AF006FB9FED110B53EC102BE7
:1021600019F04EFD0746B4200E46C8F20000414665
:102170002A46234619F0F2FF02460B4638463146FE
:1021800019F0EEF918F04AFFC9F83C0005B0BDE8B7
:10219000F043704700BF00BF0000008000003043E4
:1021A000182D4454FB21094090F86820012A18BFDB
:1021B00070472DE9F04F81B02DED0C8BA6B000F2E9
:1021C00044540746FFF776FC97F8746597F8752531
:1021D00007F26C509FEDBA0B049007F5B0610392C3
:1021E00097F8762510F90680D7F8A00540F2000B85
:1021F00094ED008A94ED01AA94ED029A0591D7F826
:102200007CA551F8269007F1080154EC105BC4F24C
:10221000303B0692019180F0004059462A46234601
:10222000CDF81CA019F09AFF18F0F8FE0BEE100A7A
:1022300088F0004059462A462346D84619F08EFFBA
:1022400018F0ECFE80F000400CEE100A6FF0004039
:1022500059462A46234619F081FF18F0DFFE00EEAA
:10226000100A2AEE001A28EE002A32EE011A29EE90
:10227000000A30EE010A2CEE000A30EE0B0ABDEE29
:10228000C00A10EE100A00215045B8BFC9F1000184
:10229000C8BF49460844DDF804A0DDE9031BDDF8AA
:1022A00014904AF826001BF90160D7F8A40559F8E4
:1022B000211080F00040029141462A46234619F041
:1022C0004DFF18F0ABFE0BEE100A86F000404146C1
:1022D0002A46234619F042FF18F0A0FE80F0004085
:1022E0000CEE100A6FF0004041462A46234619F0D2
:1022F00035FF18F093FE00EE100A01202AEE001AB6
:1023000028EE000AC8F2000041462A46234630EE75
:1023100001DA19F023FF18F081FE00EE100A29EE11
:10232000000A30EE0D0A2CEE000A30EE0B0ABDEE6C
:10233000C00A079910EE100A88424FF00001029A75
:10234000B8BF5142C8BF1146069A08441BF9026043
:10235000D7F8A81559F82280039A23464AF8220094
:1023600081F000400021C4F230312A4619F0F6FE17
:1023700018F054FE00210BEE100A86F00040C4F263
:1023800030312A4623468B4619F0E8FE18F046FE07
:1023900080F000400CEE100A6FF0004059462A46CB
:1023A000234619F0DBFE18F039FE0DEE100A01206D
:1023B000C8F2000059462A46234619F0CFFE18F00D
:1023C0002DFE00EE100A2AEE000A28EE0D1A31EE5C
:1023D000000A29EE0D1A31EE000A2CEE000A30EE4A
:1023E0000B0ABDEEC00ADDF81C9010EE100A0021A9
:1023F0004845B8BFC8F10001C8BF414697F8778586
:1024000008440499059A11F90860D7F8AC1552F8F8
:102410002870069A23464AF8220081F00040594667
:102420002A4619F09BFE18F0F9FD0BEE100A86F013
:10243000004059462A46234619F090FE18F0EEFD5A
:1024400080F000400CEE100A6FF0004059462A461A
:10245000234619F083FE18F0E1FD0DEE100A01206D
:10246000C8F2000059462A46234619F077FE18F0B4
:10247000D5FD00EE100A2AEE001A28EE0D2A32EEE3
:10248000011A29EE000A30EE010A2CEE000A30EEA5
:102490000B0ABDEEC00A10EE100A00214845B8BF75
:1024A0007942C8BF394608444AF8280026B0BDEC36
:1024B0000C8B01B0BDE8F04F704700BF00BF00BFFC
:1024C00000000080000030432DE9F04F81B02DED79
:1024D000048BA4B0054690F86800012840F0A6815E
:1024E00095F86900012868D1087F002875D091ED22
:1024F000030A95ED0F1A8B4630EE410A10EE100AD2
:102500001AF030F99FEDCE0B58EC109B4A4643462B
:1025100018F0E6FE9FEDC80B40F2000A41EC180BE4
:1025200057EC104B0220C4F2303AC8F2000051467A
:1025300022463B4619F012FE4A46434619F060FB1C
:1025400041EC110BB0EE480AF0EE680A18F094F86E
:1025500051EC100B18F062FD064608EE100A4FF021
:102560000040514622463B4619F0F8FD18F056FD52
:1025700000EE100AB4EEC08AF1EE10FA30D5022057
:102580000021C8F20000C4F2303122463B4619F067
:10259000E5FD044630460F461AF0E4F806468A4642
:1025A000204639464A46434619F02AFB32465346EE
:1025B00018F096FE18F032FD13E09FED9F0B0021FE
:1025C00053EC102BC4F230314FF0004019F0C6FD2F
:1025D00018F024FD08EE100A2CE095ED100A1DE01D
:1025E00030461AF0BFF84A46434619F0B7FD18F0D6
:1025F00015FD9FED950B08EE100A686451EC100B69
:1026000005F5527418F00AFD00EE100A2046F0EEAF
:10261000480A13F055FE594685ED100AD1ED060A19
:1026200005F5407013F04CFE05F5AA60B0EE408A47
:1026300080ED000A95F86D0095F878A505F26C51CB
:1026400005EB00100A9105F5B062D5F87C3511F95B
:102650000A4001469FED780B0B9252F82A800790B2
:10266000D0F8C404D1F8C824D1F8CC1400260893BB
:1026700005F1080357EC10BBC4F2303609930592FC
:10268000069180F0004031465A463B46029719F0C9
:1026900065FD18F0C3FC09EE100A84F000403146D5
:1026A0005A463B4619F05AFD18F0B8FC00EE100AE5
:1026B00020EE080A30EE090ABDEEC00A089C10EEB2
:1026C000100A0021A042B8BFC8F10001C8BF4146AE
:1026D000099E084495F8798546F82A000A9840F240
:1026E000000910F908A00B985F4650F82800CDF8B3
:1026F00004B0039005985A46DDF808B0C4F23039AA
:1027000080F0004049465B46049519F027FD18F01B
:1027100085FC09EE100A8AF0004049463A465B46BD
:1027200019F01CFD18F07AFC00EE100A20EE080AE1
:1027300030EE090ABDEEC00A10EE100A0021A042D8
:10274000039AB8BF5142C8BF11460844A14695F844
:102750007A4546F828000B98DDF8288050F824A028
:1027600006980026019DC4F2303618F9047080F0F6
:10277000004031462A465B4619F0F0FC18F04EFC4A
:1027800009EE100AC7F1004031462A465B4619F0AF
:10279000E5FC18F043FC00EE100A20EE080A30EECB
:1027A000090ABDEEC00A10EE100A00214845B8BF64
:1027B000CAF10001C8BF5146DDF824A008440499BD
:1027C0004AF82400079891F87B75D0F8D0040B994B
:1027D00018F9074051F8278080F0004031462A461A
:1027E0005B4619F0BBFC18F019FC09EE100AC4F1A5
:1027F000004031462A465B4619F0B0FC18F00EFC4A
:1028000000EE100A20EE080A30EE090ABDEEC00AFA
:10281000089910EE100A88424FF00001B8BFC8F1C5
:102820000001C8BF414608444AF8270024B0BDEC67
:10283000048B01B0BDE8F08F000000800000304341
:10284000182D4454FB210940000000000000000046
:1028500090F86810012918BF704740F63471C2F231
:1028600000018A8844F64F639A4208D0898844F26E
:102870004F62914204BF002180F869107047D0F880
:102880002029012180F86910C26370470000000010
:102890002DE9F04F81B02DED028B9CB040F6F01881
:1028A000C2F20008044600F26C5041464FF46172D7
:1028B000EEF765F804F1780008F1B4014822EEF76C
:1028C0005EF808F1FC0604F5847031464822EEF704
:1028D00056F808F5A27704F1C00039464822EEF711
:1028E0004EF808F5C67504F5F07029464822EEF753
:1028F00046F804F51C7031464822EEF740F804F51E
:102900000A7039464822EEF73AF804F52E70294647
:102910004822EEF734F804F5407008F5EA714822D1
:10292000EEF72DF804F5527008F507714822EEF71E
:1029300026F804F5647008F519714822EEF71FF8BF
:1029400004F5767008F52B714822EEF718F804F5B7
:10295000846008F53D714822EEF711F804F58D60AA
:1029600008F54F714822EEF70AF89FEDFD0B0025A0
:1029700059EC10ABC4F230354FF0004029465246B6
:102980004B4619F0EBFB18F049FBE0654FF00040B7
:10299000294652464B4619F0E1FB18F03FFB2066F2
:1029A000002001214DF2F016A4F86800A4F86B0095
:1029B000C4E91C0184F86D0004F5966757200DF1F9
:1029C0006205C0F602068DF862000DF1630B0DF191
:1029D00064081AA839462A4633461995CDE9008B72
:1029E00014F036FE1A980221417253208DF86200CD
:1029F0001AA839462A4633461995CDE9008B14F0BA
:102A000027FE1A980321417241208DF862001AA80E
:102A100039462A4633461995CDE9008B14F018FE45
:102A20001A980421417244208DF862001AA8394690
:102A30002A4633461995CDE9008B14F009FE1A9801
:102A4000052141725A208DF862001AA839462A469B
:102A500033461995CDE9008B14F0FAFD1A9801213F
:102A6000417245208DF862001AA839462A4633463D
:102A70001995CDE9008B14F0EBFD1A9806214172EF
:102A800051208DF862001AA839462A463346199516
:102A9000CDE9008B14F0DCFD1A980721417204F592
:102AA000C2630FCB04F5B667C4F8C404C4F8C814F5
:102AB000C4F8CC24C4F8D0348FCFC4F8F47404F52F
:102AC000BA67C4F8E404C4F8E814C4F8EC24C4F801
:102AD000F0348FCFD4F8C465D4F8C855D4F8CCC539
:102AE000C4F8103504F5C263C4F80405C4F8081529
:102AF000C4F80C250FCBC4F8F864C4F8FC54C4F82F
:102B000000C5D4F8E465D4F8E855D4F8ECC5C4F8A9
:102B1000147504F5BE67C4F8D404C4F8D814C4F816
:102B2000DC24C4F8E0348FCFC4F81865C4F81C5511
:102B3000C4F820C5D4F80466D4F80856D4F80CC6F6
:102B4000C4F824050420C4F82815C4F82C25C4F8BA
:102B50003035C4F83475C4F83865C4F83C55C4F849
:102B600040C5FDF741F80520F1F766FC0020002183
:102B7000FEF772FE00263220C4F23036C8F20000A2
:102B8000314652464B4619F0E9FA18F047FA00EE82
:102B9000100AFCF7C5FCD4F87C0548F6AD35A060FA
:102BA0000003C6F6DB0550FB05F0411301EBD070C6
:102BB00080F00040314652464B4619F0CFFA18F0EB
:102BC0002DFA00EE100AB6EE008A30EE080A17F071
:102BD000D3FCBCEEC00A10EE102A00200021FCF746
:102BE00059FCD4F87C055246E060000350FB05F028
:102BF000411301EBD07080F0004031464B4619F094
:102C0000ADFA18F00BFA00EE100A30EE080A17F0D1
:102C1000B3FCBCEEC00A10EE102A01200021FCF724
:102C200039FCD4F87C0552462061000350FB05F0C6
:102C3000411301EBD07080F0004031464B4619F053
:102C40008DFA18F0EBF900EE100A30EE080A17F0D2
:102C500093FCBCEEC00A10EE102A02200021FCF703
:102C600019FCD4F87C0552466061000350FB05F066
:102C7000411301EBD07080F0004031464B4619F013
:102C80006DFA18F0CBF900EE100A30EE080A17F0D2
:102C900073FCBCEEC00A10EE102A03200021FCF7E2
:102CA000F9FBD4F87C055246A061000350FB05F007
:102CB000411301EBD07080F0004031464B4619F0D3
:102CC0004DFA18F0ABF900EE100A30EE080A17F0D2
:102CD00053FCBCEEC00A10EE102A04200021FCF7C1
:102CE000D9FBD4F87C055246E061000350FB05F0A7
:102CF000411301EBD07080F0004031464B4619F093
:102D00002DFA18F08BF900EE100A30EE080A17F0D1
:102D100033FCBCEEC00A10EE102A05200021FCF79F
:102D2000B9FBD4F87C0552462062000350FB05F045
:102D3000411301EBD07080F0004031464B4619F052
:102D40000DFA18F06BF900EE100A30EE080A17F0D1
:102D500013FCBCEEC00A00F007B800BF00BF00BF04
:102D6000000000800000304310EE102A06200021F1
:102D7000FCF790FBD4F87C0552466062000350FBE0
:102D800005F0411301EBD07080F0004031464B4616
:102D900019F0E4F918F042F900EE100A30EE080AD2
:102DA00017F0EAFBBCEEC00A10EE102A0720002143
:102DB000FCF770FB1CB0BDEC028B01B0BDE8F08FDE
:102DC000B0B588B004460420FCF70EFF0020079041
:102DD000EFF31080EFF3108172B640F26021C2F27F
:102DE000000101F19C0591F8A8102CCD8DF81C1064
:102DF0004BF6C411C2F20001CDE900230295D1F8CF
:102E00002021D1E94B35D1F84011CDE90553CDE969
:102E100003216D4680F3108820462946FFF7C4F948
:102E200020462946FFF750FB04F1080108B0BDE831
:102E3000B040FEF7C1BE0000F0B58BB040F23026C6
:102E4000C2F2000671683278044640F63470C2F26D
:102E50000000EDF704FD40B9D6E90210C20704EB0B
:102E6000600001D00268515888477169327C40F691
:102E70003470C2F20000EDF7F2FC40B9D6E906105A
:102E8000C20704EB600001D002685158884740F641
:102E90003475716A96F82020C2F200052846EDF7D5
:102EA000DEFC40B9D6E90A10C20704EB600001D08D
:102EB00002685158884794F8680001282CD1288866
:102EC00044F6446188422ED0288845F25501884254
:102ED0004AD0D4F8B40400287DD04FF0553101EA2F
:102EE0005001411A4FF0333303EA910321F0CC3102
:102EF000194401EB111121F0F0314FF00133594326
:102F00002A784FEA116EBEF1010F04F5966139D8A7
:102F1000431E03EA02063DE0288844F64F618842DA
:102F200008D00BB0F0BD94ED0A0AB7EE001A30EEEF
:102F3000010A23E0012004F6241184F86800D4F883
:102F40007C05D1ED000A9FED7C0AC4E90200C4E9CA
:102F50000400C4E90600C4E9080017F045FB9FED32
:102F6000771A20EE010A09E094ED0A0AB7EE001A7A
:102F700070EE410A9FED700A17F036FB84ED0A0AE5
:102F80000BB0F0BD9042164604D8C3B2B2FBF3F6C4
:102F900006FB13260B6853F82630E3B11D68D5B144
:102FA000A0F1010C06E000BF2B7A934200F0A48050
:102FB0002D6885B16B689342F6D0BEF1010F02D83F
:102FC00003EA0C0305E0834203D3B3FBF0F707FBEE
:102FD0001033B342ECD040F63475C2F2000558A16C
:102FE00028460322EDF7F0FB28B3286845F252018A
:102FF000C3F6592188424DD0288843F6482188429B
:103000007FF48FAFA81CEDF78FFB9FED470B0021DE
:1030100053EC102B80F00040C4F2303119F09EF8D0
:103020009FED430B53EC102B18F09AFA17F0F6FFB4
:10303000A0620BB0F0BDD4F87C55002044F8085FC6
:103040009FED390BA4F860001E20002153EC102BDB
:10305000C8F20000C4F23031C4E90155C4E9035597
:10306000C4E90555E56119F079F817F0D7FF20623A
:1030700094F8700594F8711594F8732594F87235E6
:1030800044F8225044F8235044F8215044F820508A
:103090000BB0F0BD40F63470C2F2000029A1062248
:1030A000EDF792FB18B340F63470C2F2000027A18E
:1030B0000722EDF789FB00287FF433AF002084F866
:1030C0006900D4F87C0594F8782594F8793594F85B
:1030D0007B7594F87A6504F1080141F8270041F8FE
:1030E000260041F8230041F822000BB0F0BD01207A
:1030F00084F869000BB0F0BD4DF2F0138DF81E207E
:103100000DF11E020DF11F0708AEC0F6020309A85B
:103110000892CDE9006714F09BFA0998407A84F888
:103120006D000BB0F0BD00BF000000800000304318
:103130000000000000002440000000000000C84221
:103140004F4646005250593A4F4E00005250593A9D
:103150004F46460000000000B0B582B010EE100AE5
:1031600019F000FB9FED100B53EC102B18F048FDED
:103170009FED0F0B04460D46B420002153EC102B9D
:10318000C8F20000C4F2303118F0E8FF02460B46E6
:103190002046294618F0E4F917F040FF00EE100A27
:1031A00002B0B0BD00BF00BF182D4454FB21094040
:1031B00000000080000030432DE9F041ADF5D26DF4
:1031C00004464DF2F4109FEDFC0BC0F602000830EF
:1031D00055EC106B20604FF0000830462946C4E9DA
:1031E0000288C4E90488C4E90688C4E9088817F09D
:1031F00015FFE0623046294617F010FF2063304685
:10320000294617F00BFF60633046294617F006FF8A
:10321000A0633046294617F001FFE0633046294697
:1032200017F0FCFE9FEDE60B002755EC106BC4F287
:10323000303720644FF00040394632462B4618F0B4
:103240008DFF17F0EBFEA0674FF000403946324685
:103250002B4618F083FF17F0E1FEC4E91F084FF07A
:103260000040394632462B46C4E92188C4F88C8098
:1032700018F074FF17F0D2FEC4F890004FF0004031
:10328000394632462B4618F069FF17F0C7FEC4F8DE
:1032900094004FF00040394632462B4618F05EFF4E
:1032A00017F0BCFEC4F898004FF000403946324693
:1032B0002B4618F053FF17F0B1FEC4F89C004FF0F6
:1032C0000040394632462B4618F048FF17F0A6FE5C
:1032D000C4F8A0004FF00040394632462B4618F0A3
:1032E0003DFF17F09BFEC4F8A4004FF000403946A4
:1032F00032462B4618F032FF17F090FEC4F8A800B3
:103300004FF00040394632462B4618F027FF17F0A1
:1033100085FEC4F8AC004FF00040394632462B46DB
:1033200018F01CFF17F07AFEC4F8B0004FF0004010
:10333000394632462B4618F011FF17F06FFEC4F8DD
:10334000B4004FF00040394632462B4618F006FFD5
:1033500017F064FEC4F8B8004FF00040394632461A
:103360002B4618F0FBFE17F059FEC4F8BC004FF0D6
:103370000040394632462B4618F0F0FE17F04EFE5C
:10338000C4F8C0004FF00040394632462B4618F0D2
:10339000E5FE17F043FEC4E931084FF0004039461E
:1033A00032462B46C4E93388C4F8D48018F0D6FEE0
:1033B00017F034FEC4F8D8004FF0004039463246CA
:1033C0002B4618F0CBFE17F029FEC4F8DC004FF0B6
:1033D0000040394632462B4618F0C0FE17F01EFE5C
:1033E000C4F8E0004FF00040394632462B4618F052
:1033F000B5FE17F013FEC4F8E4004FF00040394664
:1034000032462B4618F0AAFE17F008FEC4F8E80072
:103410004FF00040394632462B4618F09FFE17F019
:10342000FDFDC4F8EC004FF00040394632462B4613
:1034300018F094FE17F0F2FDC4F8F0004FF00040D1
:10344000394632462B4618F089FE17F0E7FDC4F8DE
:10345000F4004FF00040394632462B4618F07EFE0D
:1034600017F0DCFDC4F8F8004FF000403946324652
:103470002B4618F073FE17F0D1FDC4F8FC004FF096
:103480000040394632462B4618F068FE17F0C6FD5C
:10349000C4F800014FF00040394632462B4618F080
:1034A0005DFE17F0BBFDC4F804014FF00040394643
:1034B00032462B4618F052FE17F0B0FDC4F8080152
:1034C0004FF00040394632462B4618F047FE17F0C1
:1034D000A5FDC4E943084FF00040394632462B466B
:1034E000C4E94588C4F81C8118F038FE17F096FD31
:1034F000C4F820014FF00040394632462B4618F000
:103500002DFE17F08BFDC4F824014FF00040394622
:1035100032462B4618F022FE17F080FDC4F8280131
:103520004FF00040394632462B4618F017FE17F090
:1035300075FDC4F82C014FF00040394632462B4649
:1035400018F00CFE17F06AFDC4F830014FF000408F
:10355000394632462B4618F001FE17F05FFDC4F8DD
:1035600034014FF00040394632462B4618F0F6FD44
:1035700017F054FDC4F838014FF000403946324688
:103580002B4618F0EBFD17F049FDC4F83C014FF055
:103590000040394632462B4618F0E0FD17F03EFD5C
:1035A000C4F840014FF00040394632462B4618F02F
:1035B000D5FD00F009B800BF0000000000000000C9
:1035C000000000800000304317F028FDC4F84401DB
:1035D0004FF00040394632462B4618F0BFFD17F039
:1035E0001DFDC4F848014FF00040394632462B46D5
:1035F00018F0B4FD17F012FDC4F84C014FF0004074
:10360000394632462B4618F0A9FD17F007FDC4F8DD
:1036100050014FF00040394632462B4618F09EFDCF
:1036200017F0FCFCC4E955084FF00040394632461B
:103630002B46C4E95788C4F8648118F08FFD17F051
:10364000EDFCC4F868014FF00040394632462B4685
:1036500018F084FD17F0E2FCC4F86C014FF0004054
:10366000394632462B4618F079FD17F0D7FCC4F8DE
:1036700070014FF00040394632462B4618F06EFD7F
:1036800017F0CCFCC4F874014FF0004039463246C4
:103690002B4618F063FD17F0C1FCC4F878014FF019
:1036A0000040394632462B4618F058FD17F0B6FC5C
:1036B000C4F87C014FF00040394632462B4618F0E2
:1036C0004DFD17F0ABFCC4F880014FF000403946C7
:1036D00032462B4618F042FD17F0A0FCC4F88401D6
:1036E0004FF00040394632462B4618F037FD17F0B0
:1036F00095FCC4F888014FF00040394632462B460D
:1037000018F02CFD17F08AFCC4F88C014FF0004033
:10371000394632462B4618F021FD17F07FFCC4F8DD
:1037200090014FF00040394632462B4618F016FD06
:1037300017F074FCC4F894014FF00040394632464B
:103740002B4618F00BFD17F069FCC4F898014FF0F8
:103750000040394632462B4618F000FD17F05EFC5B
:10376000C4E967084FF00040394632462B46C4E9A9
:103770006988C4F8AC8118F0F1FC17F04FFCC4F86C
:10378000B0014FF00040394632462B4618F0E6FCB7
:1037900017F044FCC4F8B4014FF0004039463246FB
:1037A0002B4618F0DBFC17F039FCC4F8B8014FF0D9
:1037B0000040394632462B4618F0D0FC17F02EFC5C
:1037C000C4F8BC014FF00040394632462B4618F091
:1037D000C5FC17F023FCC4F8C0014FF00040394687
:1037E00032462B4618F0BAFC17F018FCC4F8C40196
:1037F0004FF00040394632462B4618F0AFFC17F028
:103800000DFCC4F8C8014FF00040394632462B4643
:1038100018F0A4FC17F002FCC4F8CC014FF00040F3
:10382000394632462B4618F099FC17F0F7FBC4F8DE
:10383000D0014FF00040394632462B4618F08EFC3E
:1038400017F0ECFBC4F8D4014FF000403946324683
:103850002B4618F083FC17F0E1FBC4F8D8014FF0B9
:103860000040394632462B4618F078FC17F0D6FB5C
:10387000C4F8DC014FF00040394632462B4618F0C0
:103880006DFC17F0CBFBC4F8E0014FF00040394667
:1038900032462B4618F062FC17F0C0FBC4E97908E9
:1038A0004FF00040394632462B46C4E97B88C4F8C5
:1038B000F48118F053FC17F0B1FBC4F8F8014FF095
:1038C0000040394632462B4618F048FC17F0A6FB5C
:1038D000C4F8FC014FF00040394632462B4618F040
:1038E0003DFC17F09BFBC4F800024FF00040394646
:1038F00032462B4618F032FC17F090FBC4F8040255
:103900004FF00040394632462B4618F027FC17F09E
:1039100085FBC4F808024FF00040394632462B467A
:1039200018F01CFC17F07AFBC4F80C024FF00040B2
:10393000394632462B4618F011FC17F06FFBC4F8DD
:1039400010024FF00040394632462B4618F006FC74
:1039500017F064FBC4F814024FF0004039463246B9
:103960002B4618F0FBFB17F059FBC4F818024FF078
:103970000040394632462B4618F0F0FB17F04EFB5C
:10398000C4F81C024FF00040394632462B4618F06E
:10399000E5FB17F043FBC4F820024FF00040394626
:1039A00032462B4618F0DAFB17F038FBC4F8240235
:1039B0004FF00040394632462B4618F0CFFB17F047
:1039C0002DFBC4F828024FF00040394632462B4602
:1039D00018F0C4FB17F022FBC4E98B084FF000403D
:1039E000394632462B46C4E98D88C4F83C8218F02B
:1039F000B5FB17F013FBC4F840024FF00040394606
:103A000032462B4618F0AAFB17F008FBC4F8440214
:103A10004FF00040394632462B4618F09FFB17F016
:103A2000FDFAC4F848024FF00040394632462B46B2
:103A300018F094FB17F0F2FAC4F84C024FF0004073
:103A4000394632462B4618F089FB17F0E7FAC4F8DE
:103A500050024FF00040394632462B4618F07EFBAC
:103A600017F0DCFAC4F854024FF0004039463246F1
:103A70002B4618F073FB17F0D1FAC4F858024FF038
:103A80000040394632462B4618F068FB17F0C6FA5C
:103A9000C4F85C024FF00040394632462B4618F01D
:103AA0005DFB17F0BBFAC4F860024FF000403946E6
:103AB00032462B4618F052FB17F0B0FAC4F86402F5
:103AC0004FF00040394632462B4618F047FB17F0BE
:103AD000A5FAC4F868024FF00040394632462B463A
:103AE00018F03CFB17F09AFAC4F86C024FF0004053
:103AF000394632462B4618F031FB17F08FFAC4F8DE
:103B000070024FF00040394632462B4618F026FB33
:103B100017F084FAC4E99D084FF000403946324658
:103B20002B46C4E99F88C4F8848218F017FB17F06D
:103B300075FAC4F888024FF00040394632462B46E9
:103B400018F00CFB17F06AFAC4F88C024FF0004032
:103B5000394632462B4618F001FB17F05FFAC4F8DD
:103B600090024FF00040394632462B4618F0F6FAE4
:103B700017F054FAC4F894024FF000403946324628
:103B80002B4618F0EBFA17F049FAC4F898024FF0F8
:103B90000040394632462B4618F0E0FA17F03EFA5C
:103BA000C4F89C024FF00040394632462B4618F0CC
:103BB000D5FA17F033FAC4F8A0024FF000403946A6
:103BC00032462B4618F0CAFA17F028FAC4F8A402B5
:103BD0004FF00040394632462B4618F0BFFA17F036
:103BE0001DFAC4F8A8024FF00040394632462B4671
:103BF00018F0B4FA17F012FAC4F8AC024FF0004013
:103C0000394632462B4618F0A9FA17F007FAC4F8DD
:103C1000B0024FF00040394632462B4618F09EFA6B
:103C200017F0FCF9C4F8B4024FF0004039463246B0
:103C30002B4618F093FA17F0F1F9C4F8B8024FF0D8
:103C40000040394632462B4618F088FA17F0E6F95C
:103C5000C4E9AF084FF00040394632462B46C4E96C
:103C6000B188C4F8CC8218F079FA17F0D7F9C4F803
:103C7000D0024FF00040394632462B4618F06EFA1B
:103C800017F0CCF9C4F8D4024FF000403946324660
:103C90002B4618F063FA17F0C1F9C4F8D8024FF0B8
:103CA0000040394632462B4618F058FA17F0B6F95C
:103CB000C4F8DC024FF00040394632462B4618F07B
:103CC0004DFA17F0ABF9C4F8E0024FF00040394666
:103CD00032462B4618F042FA17F0A0F9C4F8E40275
:103CE0004FF00040394632462B4618F037FA17F0AD
:103CF00095F9C4F8E8024FF00040394632462B46A9
:103D000018F02CFA17F08AF9C4F8EC024FF00040D2
:103D1000394632462B4618F021FA17F07FF9C4F8DD
:103D2000F0024FF00040394632462B4618F016FAA2
:103D300017F074F9C4F8F4024FF0004039463246E7
:103D40002B4618F00BFA17F069F9C4F8F8024FF097
:103D50000040394632462B4618F000FA17F05EF95B
:103D6000C4F8FC024FF00040394632462B4618F0AA
:103D7000F5F917F053F9C4F800034FF00040394645
:103D800032462B4618F0EAF917F048F9C4E9C108A1
:103D90004FF00040394632462B46C4E9C388C4F888
:103DA000148318F0DBF917F039F9C4F818034FF051
:103DB0000040394632462B4618F0D0F917F02EF95C
:103DC000C4F81C034FF00040394632462B4618F029
:103DD000C5F917F023F9C4F820034FF00040394625
:103DE00032462B4618F0BAF917F018F9C4F8240334
:103DF0004FF00040394632462B4618F0AFF917F025
:103E00000DF9C4F828034FF00040394632462B46DE
:103E100018F0A4F917F002F9C4F82C034FF0004091
:103E2000394632462B4618F099F917F0F7F8C4F8DE
:103E300030034FF00040394632462B4618F08EF9D9
:103E400017F0ECF8C4F834034FF00040394632461E
:103E50002B4618F083F917F0E1F8C4F838034FF057
:103E60000040394632462B4618F078F917F0D6F85C
:103E7000C4F83C034FF00040394632462B4618F058
:103E80006DF917F0CBF8C4F840034FF00040394605
:103E900032462B4618F062F917F0C0F8C4F8440314
:103EA0004FF00040394632462B4618F057F917F0CC
:103EB000B5F8C4F848034FF00040394632462B4667
:103EC00018F04CF917F0AAF8C4E9D3084FF00040F5
:103ED000394632462B46C4E9D588C4F85C8318F0CD
:103EE0003DF917F09BF8C4F860034FF000403946E5
:103EF00032462B4618F032F917F090F8C4F86403F4
:103F00004FF00040394632462B4618F027F917F09B
:103F100085F8C4F868034FF00040394632462B4616
:103F200018F01CF917F07AF8C4F86C034FF0004051
:103F3000394632462B4618F011F917F06FF8C4F8DD
:103F400070034FF00040394632462B4618F006F910
:103F500017F064F8C4F874034FF000403946324655
:103F60002B4618F0FBF817F059F8C4F878034FF017
:103F70000040394632462B4618F0F0F817F04EF85C
:103F8000C4F87C034FF00040394632462B4618F007
:103F9000E5F817F043F8C4F880034FF000403946C5
:103FA00032462B4618F0DAF817F038F8C4F88403D4
:103FB0004FF00040394632462B4618F0CFF817F044
:103FC0002DF8C4F888034FF00040394632462B469E
:103FD00018F0C4F817F022F8C4F88C034FF0004032
:103FE000394632462B4618F0B9F817F017F8C4F8DE
:103FF00090034FF00040394632462B4618F0AEF899
:1040000017F00CF8C4E9E5084FF000403946324695
:104010002B46C4E9E788C4F8A48318F09FF816F08B
:10402000FDFFC4F8A8034FF00040394632462B4646
:1040300018F094F816F0F2FFC4F8AC034FF000400B
:10404000394632462B4618F089F816F0E7FFC4F8D7
:10405000B0034FF00040394632462B4618F07EF848
:1040600016F0DCFFC4F8B4034FF000403946324686
:104070002B4618F073F816F0D1FFC4F8B8034FF0D0
:104080000040394632462B4618F068F816F0C6FF55
:10409000C4F8BC034FF00040394632462B4618F0B6
:1040A0005DF816F0BBFFC4F8C0034FF0004039467E
:1040B00032462B4618F052F816F0B0FFC4F8C4038D
:1040C0004FF00040394632462B4618F047F816F0BC
:1040D000A5FFC4F8C8034FF00040394632462B46CE
:1040E00018F03CF816F09AFFC4F8CC034FF00040EB
:1040F000394632462B4618F031F816F08FFFC4F8D7
:10410000D0034FF00040394632462B4618F026F8CF
:1041100016F084FFC4F8D4034FF00040394632460D
:104120002B4618F01BF816F079FFC4F8D8034FF0AF
:104130000040394632462B4618F010F816F06EFF54
:10414000C4E9F7084FF00040394632462B46C4E92F
:10415000F988C4F8EC8318F001F816F05FFFC4F892
:10416000F0034FF00040394632462B4617F0F6FF79
:1041700016F054FFC4F8F4034FF0004039463246BD
:104180002B4617F0EBFF16F049FFC4F8F8034FF089
:104190000040394632462B4617F0E0FF16F03EFF4E
:1041A000C4F8FC034FF00040394632462B4617F066
:1041B000D5FF16F033FFC4F800044FF00040394635
:1041C00032462B4617F0CAFF16F028FFC4F8040445
:1041D0004FF00040394632462B4617F0BFFF16F02D
:1041E0001DFFC4F808044FF00040394632462B4604
:1041F00017F0B4FF16F012FFC4F80C044FF00040A3
:10420000394632462B4617F0A9FF16F007FFC4F8CF
:1042100010044FF00040394632462B4617F09EFFFF
:1042200016F0FCFEC4F814044FF000403946324644
:104230002B4617F093FF16F0F1FEC4F818044FF068
:104240000040394632462B4617F088FF16F0E6FE4E
:10425000C4F81C044FF00040394632462B4617F094
:104260007DFF16F0DBFEC4F820044FF00040394615
:1042700032462B4617F072FF16F0D0FEC4F8240425
:104280004FF00040394632462B46C4F82884C4F823
:104290002C84C4F83084C4F8348417F05FFF16F01F
:1042A000BDFEC4F838044FF00040394632462B4674
:1042B00017F054FF16F0B2FEC4F83C044FF0004073
:1042C000394632462B4617F049FF16F0A7FEC4F8D0
:1042D00040044FF00040394632462B4617F03EFF6F
:1042E00016F09CFEC4F844044FF0004039463246B4
:1042F0002B4617F033FF16F091FEC4F848044FF038
:104300000040394632462B4617F028FF16F086FE4D
:10431000C4F84C044FF00040394632462B4617F0A3
:104320001DFF16F07BFEC4F850044FF000403946E4
:1043300032462B4617F012FF16F070FEC4F85404F4
:104340004FF00040394632462B4617F007FF16F073
:1043500065FEC4F858044FF00040394632462B46FB
:1043600017F0FCFE16F05AFEC4F85C044FF0004053
:10437000394632462B4617F0F1FE16F04FFEC4F8D0
:1043800060044FF00040394632462B4617F0E6FEF7
:1043900016F044FEC4F864044FF00040394632463B
:1043A0002B4617F0DBFE16F039FEC4F868044FF018
:1043B0000040394632462B4617F0D0FE16F02EFE4E
:1043C000C4F86C044FF00040394632462B46C4F81E
:1043D0007084C4F87484C4F87884C4F87C8417F0BA
:1043E000BDFE16F01BFEC4F880044FF000403946B5
:1043F00032462B4617F0B2FE16F010FEC4F88404C5
:104400004FF00040394632462B4617F0A7FE16F013
:1044100005FEC4F888044FF00040394632462B466A
:1044200017F09CFE16F0FAFDC4F88C044FF0004023
:10443000394632462B4617F091FE16F0EFFDC4F8D0
:1044400090044FF00040394632462B4617F086FE66
:1044500016F0E4FDC4F894044FF0004039463246AB
:104460002B4617F07BFE16F0D9FDC4F898044FF0E8
:104470000040394632462B4617F070FE16F0CEFD4E
:10448000C4F89C044FF00040394632462B4617F0E2
:1044900065FE16F0C3FDC4F8A0044FF00040394695
:1044A00032462B4617F05AFE16F0B8FDC4F8A404A5
:1044B0004FF00040394632462B4617F04FFE16F0BB
:1044C000ADFDC4F8A8044FF00040394632462B46F3
:1044D00017F044FE16F0A2FD4FF07E51C4F8AC0474
:1044E00004F26C50C4F8B084C4F8B484C4F8B8843E
:1044F000C4F8BC84C4F8C0140FF05AFF04F50F6070
:104500005221ECF798FA20460DF5D26DBDE8F08106
:10451000B0B504464DF2F411D0F8B804C0F602016B
:104520000831216030B100BF056813F01DFD002D7A
:104530002846F9D1D4F8B00400210028C4F8B014FA
:1045400018BF13F011FD2046B0BD000000000000B0
:1045500070B582B09FED500B0D460021044653EC20
:10456000102BC4F230314FF0004017F0F7FD16F079
:1045700055FD04EB8501C1F8280204F5D076705D85
:1045800040B92046294600F061FA2046294600F04D
:10459000D3F9705540F23810C2F2000000780428B8
:1045A00000F27580DFE800F00351354E1C009FEDEE
:1045B000560B51EC100B16F031FD9FED550BC4F866
:1045C000280251EC100B16F029FD9FED530BC4F897
:1045D0002C0251EC100B16F021FD9FED510B4CE01D
:1045E0009FED2F0B51EC100B16F018FD9FED2E0BCD
:1045F000C4F8280251EC100B16F010FD9FED2C0BA7
:10460000C4F82C0251EC100B16F008FD9FED2A0B9C
:1046100033E09FED330B51EC100B16F0FFFC9FEDD8
:10462000320BC4F8280251EC100B16F0F7FC9FED8A
:10463000300BC4F82C0251EC100B16F0EFFC9FED80
:104640002E0B1AE09FED1E0B01E09FED2D0B51ECA0
:10465000100B16F0E3FC9FED1C0BC4F8280251EC84
:10466000100B16F0DBFC9FED1A0BC4F82C0251EC7A
:10467000100B16F0D3FC9FED180BC4F8300251EC70
:10468000100B16F0CBFC00EE100A84ED8D0A02B080
:1046900070BD00BF00BF00BF0000008000003043BD
:1046A0006F1283C0CA5C8F40022B8716D9678F4078
:1046B0003F355EBA49638F40894160E5D0588F40ED
:1046C000894160E5D0618F40FCA9F1D24D5A8F40FD
:1046D0004E62105839588F4008AC1C5A645E8F40A7
:1046E00033333333338E8F402DB29DEFA7978F40F6
:1046F0003BDF4F8D97908F40CDCCCCCCCC8E8F4074
:10470000894160E5D0B18F40BA490C022B6D8F40D2
:10471000A69BC420B0658F40CDCCCCCCCC628F4062
:104720005839B4C876688F402DE9F04F81B02DED2F
:10473000028B92B00D46064609A82421ECF77BF9BE
:104740009FED7B0B002157EC104BC4F230314FF042
:10475000004022463B4617F001FD16F05FFC019534
:1047600006EB85014CF2684540F2640B01F50A78CE
:1047700001F510794FF0640AC2F20005C8F2000B8F
:10478000C1F828020199304600F06AFD284689EDFB
:10479000000AF5F7A9FE002800F0C380002199ED7A
:1047A000008A5846C4F2303122463B4617F0D6FC08
:1047B00016F034FC00EE100A88EE000A98ED001A9C
:1047C000BAF1010A31EE008A88ED008ADAD140F2AE
:1047D000E8300021C8F20000C4F2303122463B46E6
:1047E00017F0BCFC16F01AFC00EE100A28EE000AC6
:1047F000BDEEC00A46F2676610EE102AC6F2666683
:1048000052FB06F0811001EBD07151FB06F39F08BB
:1048100007EBD37303EB8303A1EB430E48F21F5363
:10482000C5F2EB1352FB03F35F1107EBD37353FB9A
:1048300006F7BD0805EBD77707EB8707A3EB47081B
:1048400044F6D357C1F2620752FB07F7BD1105EBDF
:10485000D77757FB06F5AC0804EBD57505EB850556
:10486000A7EB450748F6AD35C6F6DB0552FB05F567
:104870002C1304EBD57555FB06F6B40804EBD6767D
:1048800006EB8606A5EB46064BF28955C1F2F845C4
:1048900052FB05F56C1301EB810004EBD57546F274
:1048A0006764A2EB400C14FB05F0810C01EBD070A7
:1048B0004DF68361C4F21B3152FB01F18A1402EB05
:1048C000D17101FB04F2940C04EBD27202EB820270
:1048D000019B00EB8000A1EB4201A5EB40053031CC
:1048E00003EBC30209A88418815405F130016170FB
:1048F00006F13001A17007F13001E1702E21217124
:1049000008F1300161710EF13001A1710CF130013B
:10491000E1712C21032B08BF0A2121722421F6F713
:104920004DF912B0BDEC028B01B0BDE8F08F00BFB5
:104930000000008000003043B0B584B0C1EBC1017D
:1049400000EB8100D0E92EC100F1C00ED0E9334068
:104950009EE80C40ADF80C006046ADF80210ADF8D2
:104960000420ADF80630ADF808E06FF31F300021E9
:10497000EE464FF440520023ADF80A40ADF8000077
:10498000ADF80E103EF80300023381EA102482EAEB
:104990004405090458BF650082EA45012C0458BF4C
:1049A000690082EA41040D0458BF4C0082EA4401C8
:1049B000250458BF610082EA41040D0458BF4C0031
:1049C00082EA4401250458BF610082EA41040D04D3
:1049D00058BF4C0082EA4401C0B2250458BF6100B0
:1049E000484082EA4004090458BF440082EA440077
:1049F000210458BF600082EA4001040458BF41000E
:104A000082EA41000C0458BF480082EA40010404D5
:104A100058BF410082EA41000C0458BF480082EAB6
:104A20004004010458BF440082EA4401200458BFF6
:104A30006100102BA6D1C1F30330CCF30731401A2B
:104A4000B0FA80F0400904B0B0BD00002DE9F0419B
:104A500082B04CF2684406461E20C2F200040D46A5
:104A60008DF807004FF6FF770DF107022046EC2185
:104A700001230097F5F7DAFD1420EFF7DDFCC5EB15
:104A8000C50006EB8005A0200DF106088DF8060094
:104A90002046EC21424601230097F5F7C7FD01AE01
:104AA0002046EC21324602230097F5F743FDBDF87E
:104AB0000400EC2140BAC5F8B800A2208DF8060029
:104AC0002046424601230097F5F7B0FD2046EC2131
:104AD000324602230097F5F72DFDBDF80400EC21C6
:104AE00040BAC5F8BC00A4208DF806002046424616
:104AF00001230097F5F79AFD2046EC213246022368
:104B00000097F5F717FDBDF80400EC2140BAC5F891
:104B1000C000A6208DF806002046424601230097DB
:104B2000F5F784FD2046EC21324602230097F5F785
:104B300001FDBDF80400EC2140BAC5F8C400A8206E
:104B40008DF806002046424601230097F5F76EFDDA
:104B50002046EC21324602230097F5F7EBFCBDF826
:104B60000400EC2140BAC5F8C800AA208DF8060060
:104B70002046424601230097F5F758FD2046EC21D8
:104B8000324602230097F5F7D5FCBDF80400EC216E
:104B900040BAC5F8CC00AC208DF80600204642464D
:104BA00001230097F5F742FD2046EC21324602230F
:104BB0000097F5F7BFFCBDF80400D5F8B81042BA6D
:104BC000B1FA81F04009C5F8D02002B0BDE8F0810B
:104BD00070B50D46097C0446CA071AD095ED000A47
:104BE00094ED8A1A84ED900A30EE410A10EE100A14
:104BF00017F0B8FD41EC100B40F2B800C2F2000013
:104C0000FCF77AFE51EC100B16F008FA297CC4F878
:104C1000580240F2B8068807C2F2000618D595ED92
:104C2000010A94ED8B1A84ED910A30EE410A10EEE0
:104C3000100A17F097FD41EC100B06F12000FCF76D
:104C40005BFE51EC100B16F0E9F9297CC4F85C020C
:104C5000480718D595ED020A94ED8C1A84ED920A56
:104C600030EE410A10EE100A17F07CFD41EC100BFB
:104C700006F14000FCF740FE51EC100B16F0CEF9A7
:104C8000297CC4F86002080758BF70BD95ED030A7F
:104C900094ED8D1A84ED930A30EE410A10EE100A5D
:104CA00017F060FD41EC100B06F16000FCF724FEEC
:104CB00051EC100B16F0B2F9C4F8640270BD00009C
:104CC0002DE9F04F81B02DED068BC0B0824600F586
:104CD000F0702821EBF7AFFE0120CAF8DC010420B8
:104CE000CAF8E40100208AF80802F5F77DFD9AF879
:104CF000A011D8B1002900F09A829AF8A1010028E9
:104D000000F097829AF8A201002800F094829AF8A5
:104D1000A301002840F0928203208DE200BF00BF73
:104D20000000008000003043000048430029E1D02B
:104D30009AF8A1010028DDD09AF8A2010028D9D064
:104D40009AF8A3010028D5D04FF47A70EFF774FBDE
:104D50004CF2684041F20021C2F20000C0F27A0138
:104D6000F5F7C0FA46F62830C4F66E601FED140B56
:104D7000CDE92E00CDE92C000AF5FC701FED16AA36
:104D800000210AF1B80B049054EC100BCDE93E1150
:104D9000CDE93C11CDE93A11CDE93811CDE9361113
:104DA000CDE93411CDE93211CDE93011CDE92A1127
:104DB000CDE928110590CDF808B0002600274FF066
:104DC000000903915FFA89F0CAF8E491FAF70CFF41
:104DD0005046494600F044FAB0EE408A0CF0B2F872
:104DE00090F88C10DAE9663524A85A4600950AF046
:104DF00063FF4CF26840C2F20000F5F775FB002833
:104E000000F01C829DF89800012840F0178218EEEF
:104E1000108A28F00040B0F1FF4F80F20F8243F675
:104E200080000021059A9DED248AC8F20100C4F299
:104E30003031234617F092F916F0F0F800EE100A20
:104E4000B4EEC08AF1EE10FA00F1F8814DF2C040E4
:104E50000021059AC8F20100C4F23031234617F050
:104E60007DF916F0DBF800EE100AB4EEC08AF1EE20
:104E700010FA00F3E38118EE100A17F073FC0246F3
:104E800038A8851995ED000B0B4651EC100B16F068
:104E900027FA41EC100B404685ED000B17F062FC41
:104EA000024630A8851995ED000B0B4651EC100B0E
:104EB00016F016FA41EC110B2CA8A046C41994ED7B
:104EC000000AF0EE480A85ED001B15F0B1FB28A89A
:104ED000C519B0EE409A95ED000AF0EE480A84ED4F
:104EE000009A444615F080FB85ED000A30EE490A31
:104EF0000498B4EECA0A3844F1EE10FA80ED000AC4
:104F000000F39C81043709F101090836102F0BF1D9
:104F10001C0B7FF457AF0399DDF808B00131642909
:104F2000CAF8E0117FF449AF9FEDCB0B00275BEC93
:104F3000104BC4F230376420394622465B4617F0E6
:104F40000DF99DED380B02460B469DED3AAB9DEDFC
:104F50003C9B9DED3E8B51EC100B16F001FB16F0C7
:104F60005DF824906420394622465B4617F0F6F837
:104F700002460B4651EC1A0B16F0F2FA16F04EF8F8
:104F800025906420394622465B4617F0E7F8024632
:104F90000B4651EC190B16F0E3FA16F03FF8269089
:104FA0006420394622465B4617F0D8F802460B4685
:104FB00051EC180B16F0D4FA16F030F8279024A80C
:104FC0000CF04AF9002800F0438124AF8ECF002571
:104FD0000AF5F47CC4F230358CE88E00049064202D
:104FE000294622465B4617F0B9F89DED300B024684
:104FF0000B469DED328B51EC100B16F0B1FA16F00A
:105000000DF8DDF81490CAF828024FF00040294648
:105010004A464346CDF8048017F0A0F815F0FEFF8D
:10502000CAF84002CAF8580240F2B80647F6E12032
:1050300041F27B4349F6991149F69A17002240F252
:105040000008C2F20006C3F68470C4F2AE73C3F661
:10505000A971C9F69917C3F6F0720025C4F2303869
:10506000C6E90030C6E90271C6E90452642041462F
:1050700022465B46C6E9065517F070F802460B4615
:1050800051EC180B16F06CFA15F0C8FF019FCAF826
:105090002C024FF0004041464A463B4617F05EF86E
:1050A00015F0BCFFCAF84402CAF85C0241F27B402A
:1050B000C4F2AE70306247F6E120C3F684707062CD
:1050C00049F69A10C9F69910B06249F69910C3F6DC
:1050D000A970C6E90B050020C3F6F070C6E90D05FE
:1050E0009DED348B6420414622465B46F56317F004
:1050F00035F802460B4651EC180B16F031FA15F054
:105100008DFFCAF830024FF0004041464A463B4608
:1051100017F024F815F082FFCAF84802CAF86002B6
:1051200041F27B40C4F2AE70306447F6E120C3F632
:105130008470706449F69A10C9F69910B06449F603
:105140009910C3F6A970C6E913050020C3F6F070E4
:10515000C6E915059DED368B6420414622465B4627
:10516000F56516F0FBFF02460B4651EC180B16F0E6
:10517000F7F915F053FFCAF834024FF000404146EA
:105180004A463B4616F0EAFF15F048FFCAF84C02C3
:10519000CAF8640241F27B40C4F2AE70306647F652
:1051A000E120C3F68470706649F69A10C9F699102A
:1051B000B06649F69910C3F6A970C6E91B05002030
:1051C000C3F6F070C6E91D054FF0004041464A465F
:1051D0003B46F567CAE92755CAE92955CAF8AC50D4
:1051E000CAE91E55CAE92055CAE92255CAE924551B
:1051F00016F0B4FF15F012FF0146CAE9A111CAF872
:105200008C12DAF8701004980131CAF87010042179
:10521000CAF8E4110221CAF8DC110121CAF8A85227
:105220008AF838508AF874508AF808120AE0002088
:1052300002E0012000E00220CAF8E4010320CAF8DD
:10524000DC01002040B0BDEC068B01B0BDE8F08F62
:105250000321CAF8DC11F5E700000000000030432C
:105260002DE9F04387B00446084490F8A0010028D7
:1052700000F0F2804CF268455420C2F200058846E6
:105280008DF81B0000264FF6FF770DF11B02284614
:10529000EC2101238DF81A600097F5F7C7F9042077
:1052A000EFF7CAF80DF11A022846EC210123009706
:1052B000F5F7BCF90DF117022846EC2103230097FE
:1052C000F5F738F99DF818109DF817009DF819208A
:1052D000090241EA00401044C4F89C0144208DF8C2
:1052E0001B000DF11B022846EC2101238DF81A60EA
:1052F0000097F5F79BF90420EFF79EF80DF11A02DD
:105300002846EC2101230097F5F790F90DF11702DB
:105310002846EC2103230097F5F70CF99DF81810A7
:105320009DF817009DF81920090241EA0040104439
:10533000C4F898012846F5F7D7F89FED7B0A0028B6
:1053400000F0DD80D4F89891B9F1000F00F0D7801B
:105350004FF6FE70C0F2FF00814500F2D080D4F815
:105360009C01022300F17F420132CFF600739A4282
:10537000C0F0C580C8EBC80204EB820EDEF8CC207A
:10538000DEF8C810A0EB0223DEF8C400DE17A0FB95
:10539000032500FB065500FB06F2ED176F0EE0FB40
:1053A0000372A1FB030501FB065001FB06F5C017C4
:1053B000800EE1FB0305DEF8BC10FF0947EA4267F7
:1053C000D21117EB014842EB114CC4F894C1DEF83E
:1053D000D0108009A1FB032701FB06724E43D217B0
:1053E000520AE1FB0326DEF8C01040EA8560AD11E9
:1053F00010EB414745EBD130D10D41EA462101F593
:10540000FA62C4F8B4204FF63002C7F6FF72914238
:1054100001FB01F583FB0312C4F8B030C4E96270EC
:10542000C4F8908124D30B23A1FB031602FB036273
:10543000D31711EBE27142EB53714FEAE10EC5EB6A
:105440004511CA1701EB5271CA10C5EB8511CB1774
:1054500001EBD3614B1119E09FED310B002153ECAF
:10546000102BC4F230316FF0004016F077FE42E0AE
:10547000530043EAD176490042F3807211EBE371A5
:1054800046EBD2614FEA611E2A090023BD1A60EB88
:10549000E276B8EB030104F5B078A1FB090788E8D0
:1054A0000C406CEBE372C4F8781102FB0971C4E99B
:1054B0005C56C4F87C2116F0B3FA9FED130B53EC45
:1054C000102B16F04DF804460F462846314616F0CC
:1054D000A7FA02460B462046394616F03FFE9FEDDE
:1054E0000C0B53EC102B16F03BF89FED0B0B53EC11
:1054F000102B16F035F815F091FD00EE100A07B0EC
:10550000BDE8F08300BF00BF000000000000404184
:10551000000000000000E0400000000000005940D2
:1055200000000080000030430000C07F0000000049
:105530002DE9F04F81B02DED068BA2B00446F5F7B2
:10554000F1FBD4F8A812074639B1D4F8980040F618
:10555000B831381A884203D270E2002084F838004B
:1055600004F118004CF268460A9004F108004FF06C
:10557000000841F2883BC2F200064FF0010A6FF0CA
:105580007F49002509900BE094F838000AFA05F1EC
:10559000884384F8380000BF0135042D00F08F8067
:1055A000F5F7C0FBC01B584580F08080ABEB0001D5
:1055B0003046F4F797FE601990F8A0010028EBD070
:1055C000D4F8A80220B194F83800E840C007E3D02E
:1055D000E8B2FAF709FB54208DF83800D4F8A80295
:1055E0008DF85680ADF85480D0B33046EC210EAA29
:1055F00001238DF83880CDF800A0F5F717F8304674
:10560000EC2115AA0323CDF800A0F4F793FF9DF831
:1056100055109DF854009DF85620090241EA0040BB
:105620001044484500D040B994F838100AFA05F201
:10563000914384F8381068B9AEE7D4F8A81201296C
:1056400004EB850111BF8861886044218DF8381012
:105650000028A1D048459FD0D4F8A802022814D031
:105660003046EC210EAA0123CDF800A0F4F7DEFFAE
:10567000F5F758FBD4F8A812C4F89800012902BF26
:1056800000F2DC5004EB850188623046F4F72CFF11
:1056900000283FF479AFD4F8A80200287FF47CAF4B
:1056A00094F838000AFA05F1084372E74FF0FF302A
:1056B00094F83810A84021EA000084F83800D4F8A3
:1056C000A802012802D018B90120B5E10220B3E1F7
:1056D00015AD28463021EBF7AEF9606C013017901C
:1056E000F5F720FB03901690D4F88C00226F4FF052
:1056F000000801302192CDE91188CDE90F88CDF85D
:1057000038801390EFF782F8149005F10C009FEDAC
:10571000CE8B9FEDCF9B9FEDD0AB04F1B8090290EB
:10572000012002264FF0040E00214FF0000B4FF035
:10573000000C4FF0000A089194F8382004EB8B0716
:10574000B96A15AB00FA0BF503EB8B031542D9616F
:1057500030D1BBF1030F00F03581F96A06FA0BF581
:10576000154219621AD1BBF1020F00F02B81396B7F
:105770000EFA0BF51542596215D1BBF1010F00F07D
:1057800021810825796B05FA0BF5154299620FD135
:105790000BF1040BBBF1040FD0D113E1CDF8148051
:1057A0000BF1010B08E0CDF814800BF1020B03E0C4
:1057B0000BF1030BCDF81480A1EB0A02012AA8BF5C
:1057C0008A465FEACC7008BF8A460BF0BBFB0A9A98
:1057D00090F88C1052F82B30099ACBEBCB0052F892
:1057E0002B7009EB80080BA8424600970AF064FA78
:1057F0009DF83400CDE9069A30B10B98029941F832
:105800002B000898284308900998D8F8141050F8ED
:105810002BC0D8F80C70ACEB0123A7FB0310DA17F0
:1058200007FB0200D8F81060C01707FB02F9400E12
:10583000E7FB0309A6FB031706FB027106FB02F751
:10584000C917890EE6FB03170A9EC4F89CC156F8D7
:105850002BE0D8F80460C00940EA49604FEAE91C2F
:1058600010EB06494CEB164AC4F894A1D8F818601E
:105870008909A6FB030C06FB02C07243C017400A4D
:10588000E6FB0302D8F80860C00D41EA876140EAF0
:10589000422011EB464800F5FA61C4F8B4104FF607
:1058A00030014FEAA717C7F6FF7147EBD63C884295
:1058B00000FB00F183FB0302C4F898E1C4F8B030A8
:1058C000C4F89091C4E9628CCDF810A01BD30B26CC
:1058D000A0FB060302FB0632D31710EBE27042EB8B
:1058E0005370C010C4F86801C1EB4110C21700EB3F
:1058F0005270C310C1EB8110C11700EBD160C4F826
:105900006031411110E0530043EAD076400042F389
:10591000807210EBE37046EBD26040110B0900215E
:10592000C4F86801C4F86031059EB8EB030A46EA82
:105930000506049D6CEBE377B9EB0102A2FB0E03B5
:1059400065EBE175C4F8641105FB0E31C4E95CA791
:10595000C4F87821C4F87C5116F062F853EC182B87
:1059600015F0FEFD054688465046394616F058F8B3
:1059700002460B4628464146B04616F0EFFB53EC74
:10598000192B15F0EDFD53EC1A2B15F0E9FD15F070
:1059900045FB0EA941F82B000BF1010BDDE9069A3E
:1059A000BBF1040F4FF0010C4FF001004FF0020665
:1059B0004FF0040E7FF4C0AE08988DF848808DF843
:1059C00080000BE008988DF848808DF880005FEA31
:1059D000CC70CDF854A0039808BF824616AF8FCF85
:1059E0005646C4E90F6004F14400CDF854A0DDE947
:1059F0001BA580E88E04219894F83810E066B1F178
:105A00000F00DDE91DCEDDE91F89B0FA80F04FEA15
:105A10005010A565C4E917CEC4E9198984F874004B
:105A200009D10EAF8FCFDDE9136504F1780C8CE856
:105A30008F00C4E923650020C4F8A80222B0BDECA1
:105A4000068B01B0BDE8F08F00000000000040416F
:105A5000000000000000E04000000000000059408D
:105A60002DE9F04F91B09FED5A0B40F2000804462B
:105A70005AEC10BB4FF6F470C4F23038C7F6FF7022
:105A800041465A46534616F069FB15F0C7FA81465F
:105A90000C20C8F2000041465A46534616F05EFB01
:105AA00015F0BCFA9FED4C0B074651EC100B15F0AE
:105AB000B5FA9FED4B0B054651EC100B15F0AEFA05
:105AC00006464FF0004041465A46534616F046FB04
:105AD00015F0A4FAC4E97260C4E97400C4F8D801EE
:105AE0000020C4E96A094BF6BC60C2F20000C4E9B8
:105AF0006C77C4E96E95C4E97056FAF78DF800200A
:105B0000FAF772F80520EEF797FC20460021FEF721
:105B10001FFD0120FAF768F80520EEF78DFC2046FE
:105B20000121FEF715FD0220FAF75EF80520EEF7D9
:105B300083FC20460221FEF70BFD0320FAF754F800
:105B40000520EEF779FC20460321FEF701FD4FF01A
:105B5000004041465A46534616F000FB15F05EFAE7
:105B6000C4F870024FF0004041465A46534616F0C2
:105B7000F5FA15F053FAC4F874020120C8F20000D7
:105B800041465A46534616F0E9FA15F047FAC4F86A
:105B900078024FF0004041465A46534616F0DEFA6E
:105BA00015F03CFAC4F87C024FF0004041465A46DA
:105BB000534616F0D3FA15F031FAC4F880020020EB
:105BC000A4F8A40211B0BDE8F08F00BF00BF00BF71
:105BD00000000080000030439A999999999915C066
:105BE0009A9999999999154070B52DED0A8B82B0C3
:105BF000044690F8A402D4F8A852012806D1204601
:105C000000F092F8002084F8A40202E02046FFF79A
:105C10008FFC4CF26840C2F20000F4F765FC0028EB
:105C200054D0D4F8A802D4F88C600238D4F8942068
:105C3000B0FA80F0A91E4FEA501018BF0121964219
:105C400001EA000508D004F178012046FEF7C0FF04
:105C5000D4F88C60C4F8946094ED989A94ED99AA65
:105C600094ED97BA94ED968A3AEE090A30EE0B0A53
:105C700030EE08CA9FED180B0420002153EC102BC6
:105C8000C8F20000C4F2303116F068FA15F0C6F917
:105C900000EE100A8CEE000A38EE0B1A38EE0A2AD3
:105CA00031EE491A32EE4B2A31EE4A1A32EE492AC7
:105CB00084ED281A84ED292AC4E92A5684EDA21A13
:105CC00084EDA32A84ED270A84EDA10A02B0BDEC7D
:105CD0000A8B70BD00BF00BF000000800000304391
:105CE00090F8A412012918BFFFF722BC10B5044692
:105CF00000F01AF8002084F8A40210BD40F63471B8
:105D0000C2F200010A8844F243139A4208D009887B
:105D100044F25612914204BF012180F8A512704747
:105D2000012180F8A412704710B504460020F9F74D
:105D30005BFF20460021FEF7F7FC4CF26840C2F200
:105D40000000F4F7D1FB60B30120F9F74DFF2046C6
:105D50000121FEF7E9FC4CF26840C2F20000F4F7C2
:105D6000C3FB002808BF10BD0220F9F73DFF204605
:105D70000221FEF7D9FC4CF26840C2F20000F4F7B1
:105D8000B3FB70B10320F9F72FFF20460321FEF784
:105D9000CBFC4CF26840C2F20000BDE81040F4F7C2
:105DA000A3BB10BD10B5EFF31084EFF3108172B6F2
:105DB00048F6D441C2F2000191F87810012920D1AF
:105DC00048F69441C2F200010969411AB1F5FA6F2F
:105DD00017D94CF2882248F69041C2F20002C2F272
:105DE0000001126801230B70116821F0010111609C
:105DF0004CF2E821C2F2000109680A6822F00102AF
:105E00000A60002108F06AFA84F3108810BD0000CF
:105E10002DE9F0412DED0C8B8CB0B0EE60BAB0EEF8
:105E200040AA9FED4D0B022740F2000855EC106B85
:105E3000C8F20007C4F230380446384641463246BC
:105E40002B46B0EE418A16F089F915F0E7F800EE1E
:105E5000100A8AEE000A14F059FA384641463246D2
:105E60002B46B0EE409A16F079F915F0D7F800EE0F
:105E7000100A8AEE000A14F023FE384641463246E4
:105E80002B46B0EE40AA16F069F915F0C7F800EEFF
:105E9000100A8BEE000A14F039FA384641463246B1
:105EA0002B46B0EE40CA16F059F915F0B7F800EEDF
:105EB000100A8BEE000A14F003FE384641463246C3
:105EC0002B46B0EE40BA16F049F915F0A7F800EEEF
:105ED000100A88EE000A14F019FA38464146324694
:105EE0002B46B0EE40DA16F039F915F097F800EECF
:105EF000100A88EE000A14F0E3FD29EE0C1A2AEECF
:105F00000B2A22EE003A21EE0D4A34EE033A2AEE35
:105F10000C4A29EE0B5A25EE006A24EE0D7A24EE87
:105F2000004A25EE0D5A22EE0D2A21EE000A37EE28
:105F3000466A35EE044A30EE420A84ED003A84EDBA
:105F4000016A84ED024A84ED030A0CB0BDEC0C8BAF
:105F5000BDE8F08100BF00BF0000008000003043BA
:105F60002DE9F0412DED0E8B88B09FED4B0B40F2EB
:105F70000108002755EC106BC8F20008C4F2303756
:105F800090ED00AA90ED01BA90ED02CA90ED03DA0F
:105F90000C464046394632462B4616F0DFF815F0DF
:105FA0003DF80EEE100A0220C8F2000039463246D3
:105FB0002B4616F0D3F815F031F82DEE0D0A2CEE25
:105FC0000C2A01EE100A32EE000A21EE400A30EEF1
:105FD0000E8A2AEE0D0A2BEE0C3A33EE000A2AEE58
:105FE0000C4A2BEE0D5A21EE009A2BEE0B3A2AEEBC
:105FF0000B0A2CEE0D6A35EE444A36EE000A33EEFB
:10600000022A21EE04AA21EE000A21EE421A71EEC4
:106010000E0A13F0EFFF6FF00040394632462B4670
:1060200084ED000AB1EE4ABA16F098F814F0F6FFC3
:106030000AEE100A4046394632462B4616F08EF8D4
:1060400014F0ECFFB4EECABAF1EE10FA0ED400EE82
:10605000100AB4EEC0BA0020F1EE10FAC8BF012059
:10606000002818BFB0EE40BAB0EE4BAAB0EE4A0A14
:1060700013F02AFF84ED010AB0EE490AF0EE480A57
:1060800013F0B8FF84ED020A08B0BDEC0E8BBDE83A
:10609000F08100BF00BF00BF00000080000030435F
:1060A0002DE9F04381B02DED108B98B09FED740B6E
:1060B00040F20108002755EC106BC8F20008C4F24A
:1060C000303790ED009A90ED01AA90ED02BA90ED74
:1060D00003CA0C464046394632462B4616F03EF877
:1060E00014F09CFF40F20209C8F200090EEE100AFB
:1060F0004846394632462B4616F030F814F08EFFEB
:1061000080F000402CEE0CDA2BEE0B8A00EE100A29
:1061100038EE0D1A20EE010A30EE0E0A48463946D6
:1061200032462B4684ED000A16F018F814F076FF7C
:1061300069EE0C8A6AEE0B9A00EE100A39EEE81A44
:1061400020EE010A4846394632462B4684ED010AC4
:1061500016F004F814F062FF29EE0BEA2AEE0CFAAE
:1061600000EE100A3FEE0E1A20EE010A48463946AC
:1061700032462B4684ED020A15F0F0FF14F04EFF74
:1061800000EE100A39EEA81A20EE010A4046394600
:1061900032462B4684ED030A15F0E0FF14F03EFF73
:1061A00009EE900A4846394632462B4615F0D6FF8E
:1061B00014F034FF80F000406AEE0A8A00EE100A04
:1061C00038EE8D1A20EE010A30EE290A484639468B
:1061D00032462B4684ED040A15F0C0FF14F01EFF72
:1061E00029EE0A9A2BEE0CAA00EE100A3AEE491A92
:1061F00020EE010A4846394632462B4684ED050A10
:1062000015F0ACFF14F00AFF00EE100A3FEE4E1A34
:1062100020EE010A4846394632462B4684ED060AEE
:1062200015F09CFF14F0FAFE00EE100A3AEE091A7F
:1062300020EE010A4046394632462B4684ED070AD5
:1062400015F08CFF14F0EAFE09EE100A48463946B4
:1062500032462B4615F082FF14F0E0FE80F000403D
:1062600000EE100A38EE881A20EE010A30EE090A14
:1062700084ED080A18B0BDEC108B01B0BDE8F083C6
:10628000000000800000304390ED000A90ED011AFC
:1062900091ED004A91ED015A90ED022A91ED026ACA
:1062A00090ED033A91ED037A61EE050A60EE041A6F
:1062B00071EEE00A62EE461A71EEA00A63EE471A2A
:1062C00071EEA00A61EE041A60EE052A72EEA11AC0
:1062D00062EE072A72EEA11A63EE462A72EEA11A46
:1062E00061EE072A60EE063A21EE061A20EE070A52
:1062F00073EEE22A62EE043A30EE010A22EE451A0B
:1063000073EEA22A63EE053A31EE000A23EE041A78
:1063100073EEA22A31EE000AC2ED000AC2ED011AA4
:10632000C2ED022A82ED030A70470000000000005F
:10633000B0B52DED088B82B090ED000A90ED011AFA
:1063400090ED022A21EE011A20EE000A30EE010A39
:1063500022EE021A31EE000A0C46054614F078FCD3
:10636000B0EE408A9FED400AB6EE00AAB4EEC08AB5
:10637000F1EE10FAB0EE4A9A07D4B6EE000A28EE13
:10638000000A14F09DFB80EE089A28EE0A0A13F02A
:10639000BDFF84ED000AB0EE408A95ED000A0021B1
:1063A00020EE09AA84ED01AA95ED010AC4F230316C
:1063B00020EE09BA84ED02BA95ED020A4FF00040D2
:1063C00020EE099A9FED260B84ED039A53EC102BD7
:1063D00015F0C4FE14F022FE00EE100A28EE081A92
:1063E00031EE000A2AEE0A1A31EE000A2BEE0B1AE1
:1063F00031EE000A29EE091A31EE000A10EE100AF9
:1064000020F00040B0F1FF4F24DA9FED181AB4EEEF
:10641000C10AF1EE10FA1DD414F01AFCB7EE001AFE
:1064200081EE000A94ED001A94ED012A94ED023AEF
:1064300094ED034A21EE001A22EE002A23EE003AE0
:1064400024EE000A84ED001A84ED012A84ED023A5C
:1064500084ED030A02B0BDEC088BB0BD00BF00BFE5
:106460000000008000003043BD378635CCBC8C2B4B
:1064700090ED000A90ED011A91ED003A91ED014A7C
:1064800090ED022A91ED025A21EE041A20EE030A41
:1064900030EE010A22EE051A31EE000A82ED000A02
:1064A00090ED030A90ED041A91ED003A91ED014A46
:1064B00090ED052A91ED025A21EE041A20EE030A0E
:1064C00030EE010A22EE051A31EE000A82ED010AD1
:1064D00090ED060A90ED071A91ED003A91ED014A10
:1064E00090ED082A91ED025A21EE041A20EE030ADB
:1064F00030EE010A22EE051A31EE000A82ED020AA0
:10650000704700000000000070B52DED048B86B0D0
:106510009FED259A002630EE098A9FED210B02207F
:1065200054EC105BC4F23036C8F2000031462A4603
:10653000234615F013FE14F071FD00EE100A60EE14
:10654000090AB0EE480A14F019F94FF0004031463C
:106550002A462346B0EE408A15F000FE14F05EFD98
:1065600000EE100AB4EEC08AF1EE10FA11D5022046
:106570000021C8F20000C4F230312A46234615F04B
:10658000EDFD14F04BFD00EE100A20EE090A30EE8E
:10659000088A38EE490A06B0BDEC048B70BD00BF16
:1065A0000000008000003043DB0F49400000000085
:1065B0002DE9F04F81B02DED0A8B98B002FB02F966
:1065C00015468A46B9F1000F0646CDE9030251D0BF
:1065D000B9F1040F01D2002438E09FEDB70B40F26F
:1065E000000829F00305AAF1100600245BEC107BDB
:1065F000C4F230384FF0004041463A465B4615F051
:10660000ADFD14F00BFD46F8100F4FF00040414671
:106610003A465B4615F0A2FD14F000FD70604FF0A5
:10662000004041463A465B4615F098FD14F0F6FCF2
:10663000B0604FF0004041463A465B4615F08EFD93
:1066400014F0ECFC0434A542F060D3D1DDE903651D
:106650005FEAC9700ED09FED980B002153EC102B10
:10666000C4F230314FF0004015F078FD14F0D6FC44
:106670004AF82400002D00F015816FF003019FED12
:106680008E9B9FED8FAA9FED8FBAAC000020012753
:1066900002916FF0070100220191009002FB05F0CA
:1066A00006EB8201CDE908100AEB800E4FF00009DD
:1066B0006FF003006FF0070807920B90CDE9057E9D
:1066C00016E000BF0AEB8B0000EB890090ED000A9A
:1066D00088EE000A0A9809F101090AEB800080EDB2
:1066E000000A0B98B9452044A0440B9000F0C780E5
:1066F000099809EB000106EB810090ED008A18EE85
:10670000100A20F00040B0F1FF4F80F2C9800898D5
:1067100009FB05FB00EB8B0090ED000A0A910120BC
:10672000002138EE400A53EC192BC8F20000C4F2E5
:106730003031B0EEC0CA15F011FD14F06FFC00EE60
:10674000100AB0EEC81A30EE010A2AEE000AB4EEC2
:10675000C0CAF1EE10FA00F3A380DDF818E0B9F139
:10676000000F77D0B9F1040F04D2002019F0030212
:1067700042D16FE029F003000B9FDDE90136A4460A
:1067800041420020424600BF0AEB06040AEB07051F
:1067900094ED010A95ED012A94ED041A95ED043A61
:1067A0000AEB03050AEB020420EE420A95ED032AE8
:1067B00094ED035A95ED044A94ED046A30EE080A0C
:1067C00022EE452A32EE000A24EE462A32EE000A74
:1067D00021EE431A043831EE008A10361037103398
:1067E000814202F11002CFD1DDE90365059F4042ED
:1067F000644619F003022DD00AEB8B010EEB8003E7
:1068000093ED000A01EB800393ED001A012A20EEBC
:10681000410A30EE088A1DD0431C0EEB830701EBC2
:10682000830397ED000A93ED001A022A20EE410A35
:1068300030EE088A0CD002300EEB800201EB8000B3
:1068400092ED000A90ED001A20EE410A30EE088A1F
:10685000059F00BF079848457FF434AF18EE100A33
:1068600020F00040B0F1FF4F1ADAB4EECB8AF1EE1F
:1068700010FA15D9B0EE480A14F0EAF92AE7079A97
:1068800000200132AA4228BF012002990137214489
:1068900002910199AA42214401917FF4FEAE02E0E7
:1068A000009800E0012000F0010018B0BDEC0A8B58
:1068B00001B0BDE8F08F00BF000000800000304351
:1068C000ACC52737CCBC8C2BB0B582B09FED580B34
:1068D0000D460021044653EC102BC4F230314FF02A
:1068E000004015F03BFC14F099FB002D00EE100A5F
:1068F0003FD0042D05F0030001D2002120E025F057
:106900000302A4F11003002193ED041A93ED052A6C
:1069100093ED063A21EE011A93ED074A31EE000A93
:1069200022EE021A31EE000A23EE031A31EE000ABB
:1069300024EE041A0431103331EE000A8A42E3D106
:10694000B8B104EB810191ED001A012821EE011A82
:1069500031EE000A0DD091ED011A022821EE011A44
:1069600031EE000A05D091ED021A21EE011A31EE46
:10697000000A10EE100A20F00040B0F1FF4F06DAD6
:106980009FED2D1AB4EEC10AF1EE10FA02D50020E7
:1069900002B0B0BD14F05CF9002D44D0B7EE001A7F
:1069A00081EE000A042D05F0030001D2002121E050
:1069B00025F00302A4F11003002100BF93ED041A97
:1069C00093ED052A93ED063A93ED074A21EE001A5E
:1069D00022EE002A23EE003A24EE004A043183ED31
:1069E000041A83ED052A83ED063A83ED074A103336
:1069F0008A42E3D1B8B104EB810191ED001A01287C
:106A000021EE001A81ED001A0DD091ED011A022835
:106A100021EE001A81ED011A05D091ED021A21EE46
:106A2000000A81ED020A012002B0B0BD00BF00BF24
:106A30000000008000003043CCBC8C2B0000000024
:106A40002DE9F0472DED0C8BA2B090F81B71012FB2
:106A500040F0EE8191ED000A10EE107A27F0004729
:106A6000B7F1FF4F80F2E48191ED011A11EE107A37
:106A700027F00047B7F1FF4F80F2DA818F6827F0E7
:106A80000047B7F1FF4F80F2D38191ED022A21EE4A
:106A9000011A20EE000A30EE010A22EE021A31EE4F
:106AA000000A164699460C46824614F0D1F8DAF8E8
:106AB000000090ED251A90ED3E2A30EE410AB0EE2E
:106AC000C00AB4EEC20AF1EE10FA4FF0000000F373
:106AD000B08194ED010AD4ED020A002713F08AFA7E
:106AE000B0EE409A94ED000A94ED011A94ED022A5A
:106AF000B1EE408A22EE020A21EE011A31EE000ABE
:106B000014F0A6F8F0EE400AB0EE480A13F072FA5C
:106B1000B0EE408A9FEDCA0B002154EC105BC4F22A
:106B200030314FF000402A46234615F017FB14F091
:106B300075FA0DEE100A002E8AF8197100F08E8099
:106B4000DAF8001091F82E11012940F0878096EDB7
:106B5000000A304610EE101A21F00041B1F1FF4F4B
:106B60007CDA90ED011A11EE101A21F00041B1F11A
:106B7000FF4F73DA816821F00041B1F1FF4F6DDA08
:106B800090ED022A21EE011A20EE000A30EE010AF1
:106B900022EE021A31EE000A14F05AF8DAF8000078
:106BA00090ED291A90ED3F2A30EE410AB0EEC00A6E
:106BB000B4EEC20AF1EE10FA50D80021C4F230311E
:106BC0004FF000402A46234615F0C8FA14F026FA82
:106BD0000DF1780801EE100AB0EE490AF0EE480A0D
:106BE0004046FFF715F915AF40463946FFF758FA0A
:106BF00012AA38463146FFF73BFC9DED120ADDED47
:106C0000130ADAF8006013F011FE9FED8FAAB4EEBC
:106C1000CA0AF1EE10FA21DD96ED260AD6ED270A12
:106C200013F004FEB4EECA0AF1EE10FA16DDD6ED4A
:106C3000260A96ED270A13F0DDF99DED131ADDED16
:106C4000120AB0EE40AAB0EE410A13F0D3F93AEEC0
:106C500040DA01208AF81901CAF8049102270026B7
:106C6000C8F20007C4F23036384631462A46234679
:106C700015F074FA14F0D2F900EE100A89EE000A49
:106C800013F044FB384631462A462346B0EE40AA6C
:106C900015F064FA14F0C2F900EE100A89EE000A49
:106CA00013F00EFF384631462A462346B0EE409A8E
:106CB00015F054FA14F0B2F900EE100A88EE000A4A
:106CC00013F024FB384631462A462346B0EE40BA3C
:106CD00015F044FA14F0A2F900EE100A88EE000A4A
:106CE00013F0EEFE384631462A462346B0EE408A7F
:106CF00015F034FA14F092F900EE100A8DEE000A45
:106D000013F004FB384631462A462346B0EE40CA0B
:106D100015F024FA14F082F900EE100A8DEE000A44
:106D200013F0CEFE2AEE0B1A29EE082A22EE003AC4
:106D300021EE0C4A34EE03DA29EE0B3A2AEE084A29
:106D400024EE005A23EE0C6A23EE003A24EE0C4A9D
:106D500022EE0C2A21EE000A36EE458A34EE039A22
:106D600030EE42AA4FF0004031462A4623468AEDD3
:106D700001DA8AED028A8AED039A8AED04AA15F0F7
:106D8000EDF914F04BF900EE100A2DEE0D1A31EE6C
:106D9000000A28EE081A31EE000A29EE091A31EE2F
:106DA000000A2AEE0A1A31EE000A10EE100A20F04C
:106DB0000040B0F1FF4F24DA9FED241AB4EEC10A6F
:106DC000F1EE10FA1DD413F043FFB7EE001A81EE76
:106DD000000A9AED011A9AED022A9AED033A9AED09
:106DE000044A21EE001A22EE002A23EE003A24EE95
:106DF000000A8AED011A8AED022A8AED033A8AED29
:106E0000040A9AF8191101200029DAF80811CAF8C1
:106E1000F89001F10101CAF810918AF81601CAF838
:106E2000081102BF4FF07E50CAF86400012000E054
:106E3000002022B0BDEC0C8BBDE8F08700BF00BF86
:106E400000000080000030436F12833ACCBC8C2BD2
:106E50002DE9F04F81B02DED108BFAB0044600689B
:106E60000D460AF0CDF8002800F068812968204618
:106E700004F0CEF9002800F06181286BD4F80C11E1
:106E800023468842AC4608D00020C3F8DC00DCF87A
:106E9000301083F81801C3F80C11002672A800F115
:106EA000040EA3F814610CF11C000690DCF800003D
:106EB0009CF82C50119003F1DC00059003F1CC00FC
:106EC000D3F80090D3F83881049003F1BC009FED13
:106ED000CC8B9FEDCD9A039000204FF0000BCDE9B5
:106EE0007466CDE9726614901590CDF83CC0CDE97A
:106EF00012E309E008F10108C3F838810836102EC2
:106F00000BF1020B00F02681012000FA0BF72F4253
:106F100000F085800CEB060009EB060190ED030AFA
:106F200091ED1F1A99ED242A99ED253A30EE410A88
:106F300022EE031A80EE010AC0690EEB060210EE83
:106F4000101A21F00041B1F1FF4F02ED010A17DAEA
:106F500099ED421AB4EEC10AF1EE10FA10DB99ED88
:106F6000431AB4EEC10AF1EE10FA09D8119AD9F811
:106F70002811121A00248A4298BF012401E000BFA0
:106F8000002403EB0B0191F8DC1001293AD1991987
:106F9000D1F8CC20801A01282FDB91ED2F1A4CF26A
:106FA000503199ED40BA99ED41CA884228BF084650
:106FB000002130EE410A80F0004053EC182BC4F25F
:106FC0003031B0EEC0AA15F0C9F814F027F800EE81
:106FD000100A2CEE000A20EE090A30EE0B0AB4EE7D
:106FE000C0AADDF83CC0DDE912E3F1EE10FA4FF083
:106FF0000000D8BF0120204206D108F10108C3F8E3
:1070000038810CE0002CF8D0149976A840F821B013
:10701000481C159914903943159183F814110220D6
:1070200000FA0BFA1AEA050F3FF468AF0CEB060002
:1070300009EB060190ED040A91ED201A99ED242A3E
:1070400099ED253A30EE410A22EE031A80EE010A4C
:10705000006A0EEB060210EE101A21F00041B1F1A9
:10706000FF4F82ED000A17DA99ED421AB4EEC10A19
:10707000F1EE10FA10DB99ED431AB4EEC10AF1EE0D
:1070800010FA09D8119AD9F82811121A00248A4244
:1070900098BF012401E000BF002403EB0B0191F82D
:1070A000DD10C9B39919D1F8D020801A0128FFF654
:1070B00021AF91ED301A4CF2503199ED40BA99ED73
:1070C00041CA884228BF0846002130EE410A80F0BC
:1070D000004053EC182BC4F23031B0EEC0AA15F0CA
:1070E0003DF813F09BFF00EE100A2CEE000A20EE94
:1070F000090A30EE0B0AB4EEC0AA0020DDF83CC04D
:10710000DDE912E3F1EE10FAD8BF0120204001289A
:107110007FF4F0AE03E000BF002C3FF4EBAE149A16
:107120000BF1010076A941F822001599501C41EAA3
:107130000A01159183F814111490DFE6D4F8500178
:107140000130C4F8500100207AB0BDEC108B01B0C2
:10715000BDE8F08F149A4AB102F00301042A4FF0FF
:1071600000000CD2012272AD76AE55E0D3F8341196
:107170000020013183F81801C3F83411E4E776AE3A
:1071800022F0030306F10807012272ADD2073DD0B9
:1071900057F8082C99ED441A05EB820292ED000A8B
:1071A000B4EEC10AF1EE10FA30DB57F8042C99ED79
:1071B000441A05EB820292ED000AB4EEC10AF1EE28
:1071C00010FA23DB3A6899ED441A05EB820292ED3E
:1071D000000AB4EEC10AF1EE10FA17DB7A6899EDF5
:1071E000441A05EB820292ED000A0022B4EEC10AB5
:1071F000F1EE10FAA8BF012209E000BF00BF00BFF6
:107200000000008000003043BD3786350022043086
:10721000834207F11007B9D1002941D00023002A89
:107220004FF000020ED056F8202099ED441A05EBDD
:10723000820292ED000AB4EEC10AF1EE10FAA8BF84
:1072400001231A4601292BD04FF0000372B1421CD2
:1072500056F8222099ED441A05EB820292ED000ABD
:10726000B4EEC10AF1EE10FAA8BF01230239B1FA57
:1072700081F14FEA511101EA030218BF002B0FD030
:10728000023056F8200099ED441A05EB800090ED8D
:10729000000A0022B4EEC10AF1EE10FAA8BF0122E2
:1072A0001498B0F1010A18BF5FEAC27000F0988329
:1072B0000020DDF8D8B14590CDE9430060A8482111
:1072C000E9F7B9FB47A82421E9F7B5FB09F14C021E
:1072D0000BEB4B001399002602EB800854EC187B53
:1072E0000120C4F2303691ED019A91ED02AA91EDA0
:1072F00003BA91ED04CA0B92C8F2000031463A4637
:10730000234614F02BFF13F089FE0DEE100A022025
:10731000C8F2000031463A46234614F01FFF13F02E
:107320007DFE2BEE0B1A29EE0B2A2AEE0C3A2AEEE2
:107330000A4A29EE0A5A2BEE0C6A00EE100A33EEC6
:10734000429A36EE05AA34EE01BA60EE099A60EE72
:107350000AAA20EE4B0A4FF0004031463A46234637
:1073600070EE0DBA1197109414F0F8FE13F056FE5B
:1073700098ED001A98ED013A98ED022A2AEE837AE8
:1073800069EE810A00EE100A30EE877A6BEE820A0F
:107390009FEDDBDA30EE87CA29EEC07AB1EE424AC1
:1073A000B1EE436A37EE0D7A2AEEC22A32EE072A90
:1073B0002BEEC66A36EE02EA29EEC42A09F1B801BC
:1073C00032EE0D2A2AEEC04A01EB0B18B1EE415AFB
:1073D00034EE022A2BEEC11A0A9108EB8B0131EE32
:1073E00002FA2AEEC52AD1ED00AA149905EB8B000A
:1073F0002BEEC00AD0ED00BA881E09900AF00300F7
:1074000029EEC31A0E9047A831EE0D1A103832EE4D
:10741000011A15906FF0030070EE019ACDF830B0AC
:107420002AF0030900EB81004FF0000B0DF5EC7C16
:107430000890CDF834A008E015980899DDF848B018
:107440000844D345159000F049810BF101005CF828
:1074500020700B99129007EB47000026119C109D9D
:1074600001EB800A0120C4F23036C8F20000314638
:1074700022462B4614F072FE13F0D0FD0CEE900A5B
:107480000220C8F20000314622462B4614F066FE68
:1074900013F0C4FD00EE100A60EE09DA60EE0AEAAD
:1074A00020EE4B0A4FF00040314622462B4670EE4C
:1074B0002CCA14F053FE13F0B1FD9AED000A9AEDB8
:1074C000011A9AED022A2EEE813A2DEE804A34EE10
:1074D000033A2CEE824A34EE033A04EE100A2DEE03
:1074E000C45A35EE0D5A2EEEC26A36EE055AB1EE8A
:1074F000416AB1EE422A2CEEC66A2DEEC22A36EE61
:10750000055A32EE0D2A2EEEC46A36EE022A2CEE11
:10751000C06A2DEEC11AB1EE400A72A82EEEC00A62
:1075200031EE0D1A00EB870030EE010A2CEEC41A82
:1075300090ED004A31EE000A34EE6B1A33EE4C3A0D
:1075400043A831EE431A00EB8B0080ED001A0BEBE1
:107550004B0060A936EE022A35EE4E1A01EBC00050
:107560008E4680ED001A32EE4F1A30EE690A002185
:1075700080ED011A80ED020AC0E9031141610A9809
:107580000C9900EB071000EB8101099A91ED000ABC
:107590000DF5EC7C032A4FF000014BD3159A00BF88
:1075A0000CEB8103D3E90176D3E9035300EB8704A5
:1075B00094ED001A08EB870797ED002A31EE401A88
:1075C00031EE421A31EE2A1A82ED041A00EB8607D8
:1075D00097ED001A08EB860797ED002A31EE401A66
:1075E00031EE421A31EE2A1A82ED051A00EB8507B8
:1075F00097ED001A08EB850797ED002A31EE401A47
:1076000031EE421A31EE2A1A82ED061A00EB830798
:1076100097ED001A08EB830393ED002A31EE401A30
:1076200031EE421A31EE2A1A043182ED071A103275
:107630008945B5D10E9EDDF834A0002E3FF4FCAE96
:107640004B1C5CF823700BFB0AF200EB870595EDF1
:10765000001A08EB870797ED002A31EE401A31EE49
:10766000421A8F1847AC31EE2A1A04EB8707012E15
:1076700087ED001A3FF4E0AE8F1C5CF827501344EE
:1076800000EB850696ED001A08EB850696ED002ABC
:1076900031EE401A04EB83030E9C31EE421A31EEB8
:1076A0002A1A022C83ED001A3FF4C6AE0CEB8101BE
:1076B000C96800EB810090ED001A08EB810090EDA5
:1076C000002A31EE400A30EE420AB81847A930EEDF
:1076D0002A0A01EB800080ED000AADE657AD28468E
:1076E00024217646E9F7A7F99FEDE69A40F20009D2
:1076F0009FEDE5AA0024C4F23039B7EE00BA05E0E8
:10770000000000000134544500F03C8104EB4400CB
:1077100006EBC001139891ED00EA90F8150191ED88
:1077200001DA91ED02CA002800F0E080042801D2BD
:1077300000217BE0810801EB41010A0100230021C7
:10774000EF1897ED000A97ED011A97ED022A2DEE3A
:10775000014A2EEE005A35EE044A2CEE025A35EE5E
:10776000044A97ED033A24EE400A24EE411A24EE2F
:10777000422A97ED044A30EE0E0A31EE0D1A97EDCB
:10778000057A32EE0C2A21EE045A20EE036A36EE18
:10779000055A22EE076A36EE055A25EE433A33EED5
:1077A000000A25EE443A33EE011A25EE473A33EE4D
:1077B000022A97ED073A97ED064A21EE035A20EE8A
:1077C000046A36EE055A97ED086A97ED097A62EE7B
:1077D000062A32EE855AD7ED0A0A25EE444A25EEEE
:1077E000433AD7ED0B1A34EE000A33EE011A25EEB8
:1077F000463A33EE022A21EE203A20EE074A34EED2
:10780000033A22EE214A34EE033A23EE474A34EE9D
:1078100000EA23EE600A30EE01DA23EE610A30332B
:1078200030EE02CA9A4201F1040189D110F003003E
:107830005CD001EB410105EB810191ED000A91ED76
:10784000011A91ED022A2DEE013A2EEE004A34EE95
:10785000033A2CEE024A34EE033A23EE400A30EEAD
:107860000EEA23EE410A30EE0DDA23EE420A012839
:1078700030EE0CCA3AD091ED030A91ED041A91ED65
:10788000052A2DEE013A2EEE004A34EE033A2CEE94
:10789000024A34EE033A23EE400A30EE0EEA23EEBB
:1078A000410A30EE0DDA23EE420A022830EE0CCA0D
:1078B0001CD091ED060A91ED071A91ED082A2DEEE4
:1078C000013A2EEE004A34EE033A2CEE024A34EE30
:1078D000033A23EE400A30EE0EEA23EE410A30EE80
:1078E0000DDA23EE420A30EE0CCA00BF2DEE0DFA7F
:1078F0006EEE0E9A39EE8F0A6CEE0CAA3AEE800A02
:1079000013F0A6F9B4EEC90AF1EE10FA7FF7FAAE59
:10791000DDE910324FF00040494614F01FFC13F02F
:107920007DFB00EE100A39EE800A3FEE000A3AEEC7
:10793000800A10EE100A20F00040B0F1FF4FBFF6B1
:10794000E1AEB4EECA0AF1EE10FA3FF5DBAE13F089
:107950007FF98BEE000A139A92F8150100EB4001B3
:1079600005EB8101013082F815012EEE001A2DEE93
:10797000002A2CEE000A81ED001A81ED012A81ED2A
:10798000020ABFE6139E96F8150138B306F5AE77E6
:1079900043A960AA47AB3046CDE900A701F08CFAB5
:1079A00068B1D6F8280196F8151101300229C6F8F9
:1079B000280113D30F980068C6F810010EE096F85E
:1079C000150158B1D6F834010130C6F83401002051
:1079D00086F8150186F81801FFF7B6BBD6F80090B7
:1079E00060AF38464021E9F726F800214FF0000843
:1079F00053EC182BC4F230314FF00040CDE94588EC
:107A0000CDE94388CDE90B2314F0A8FB13F006FB66
:107A100009F1B802DDF850900990B9F1010F48461C
:107A20000DF5EC7C98BF01200890159210D10899B3
:107A3000C80700F0228176A850F828E008FB09F872
:107A4000B9F1040F01F0030C80F0CA800020F0E0CF
:107A5000089807EB890320F0010100F0030420F0EF
:107A60000300C0F1000AACF1100011914FEAC90106
:107A70000A90A3F110004FF00008BB460E9112903F
:107A800010940DE0ACC52737CCBC8C2B119808F1B5
:107A900002080E99804512988B4408441290C6D073
:107AA0005CF828500023B9F1040F22D3002600BF50
:107AB0005CF8061002EB051454F821100CEB0600DC
:107AC0004BF80610D0E90117C06854F8211054F89B
:107AD000277054F820000BEB0602C2E90117D060B2
:107AE000159A043B9A4506F11006E1D1109C5B42C1
:107AF00060AFFCB15CF8230002EB051508FB09FE42
:107B000055F8200003EB0E06012C47F8260011D093
:107B1000581C5CF82060704455F82660022C47F829
:107B2000206007D0981C5CF82030704455F8233052
:107B300047F8203048F001005CF82050B9F1040FFC
:107B400002D2002654BBA1E7129BDDF828E047468D
:107B500000260D905EF8100F02EB051C5CF820006B
:107B60000EF1040943F8100F99E801035CF828406E
:107B70005CF820005CF82910043EB245C3E901041A
:107B8000D960E7D1DDF85090109C0D9876420DF544
:107B9000EC7CB84660AF002C3FF478AF00FB09F3F3
:107BA0005CF8260002EB051555F82000F118012CB1
:107BB00047F821003FF46AAF701C5CF820101844AD
:107BC00055F82110022C47F820103FF45FAFB01C8D
:107BD0005CF82010184455F8211047F8201055E79C
:107BE00021F0030007EB880AC0F10009002502EB31
:107BF0000E13002076A900BF0F580A1853F82770FB
:107C0000043D4AF80070D2E90176D26853F8277033
:107C100053F8266053F822200AEB0004A94500F12E
:107C20001000C4E90176E260E6D1DDF850906842C8
:107C300060AF76A951F82020159900EB080301EBFD
:107C40000E1151F82220BCF1010F47F8232014D067
:107C5000421C76AB53F82230424451F82330BCF139
:107C6000020F47F8223008D0023076AA52F82020BE
:107C7000404451F8221047F82010099909FB09F0F7
:107C8000DDE90B57002809EE101A6CD0042800F02B
:107C9000030801D2002635E020F0030A47A840F28D
:107CA000000BA0F110040026C4F2303B4FF000405E
:107CB00059462A463B4614F051FA13F0AFF944F8FE
:107CC000100F4FF0004059462A463B4614F046FA42
:107CD00013F0A4F960604FF0004059462A463B4635
:107CE00014F03CFA13F09AF9A0604FF000405946A6
:107CF0002A463B4614F032FA13F090F90436B245A6
:107D0000E060D3D1B8F1000F2DD00021C4F23031A2
:107D10004FF000402A463B4614F020FA13F07EF95B
:107D200047ACB8F1010F44F826001CD00021C4F282
:107D300030314FF000402A463B4614F00FFA13F062
:107D40006DF904EB8604B8F1020F60600BD00021DE
:107D5000C4F230314FF000402A463B4614F0FEF9A1
:107D600013F05CF9A0606FF0030100271FEDBBAAC0
:107D70001FEDBBBADDF84CE04FEA890A002001266E
:107D80000A916FF007010DF58E78C4F230370022AA
:107D900060AC0991CDF848A0079002FB09F004EB14
:107DA0008201CDE9101008EB80004FF000096FF060
:107DB00003056FF0070B0E920D9015E008EB8A009B
:107DC00000EB890090ED000ADDF848A088EE000A7B
:107DD000159809F1010908EB80005544B145D344D9
:107DE00080ED000A00F0D78011984844159004EB0C
:107DF000800090ED008A18EE100A20F00040B0F1EB
:107E0000FF4F80F2DB801498DDE90B2309FB00FAB9
:107E10001098394600EB8A0090ED000A012038EEF8
:107E2000400AC8F20000B0EEC0CA14F097F913F08F
:107E3000F5F800EE100AB0EEC81A30EE010A2AEE8C
:107E4000000AB4EEC0CAF1EE10FA00F3A782DDF822
:107E50004CE0B9F1000F00F08480B9F1040F05D2B5
:107E6000002019F0030247D17BE000BFB64629F09D
:107E70000300099B0A9E414200205A46AC462F4609
:107E800008EB060508EB070495ED010A94ED012ABD
:107E900095ED041A94ED043A08EB030508EB02048F
:107EA00020EE420A95ED032A94ED035A95ED044A1B
:107EB00094ED046A30EE080A22EE452A32EE000AFA
:107EC00024EE462A32EE000A21EE431A043831EE3F
:107ED000008A103610371033814202F11002CFD1E0
:107EE00076460027DDF84CE0404260ACC4F2303703
:107EF000654619F0030234D0B4462E460D9D08EBBA
:107F00008A0105EB800393ED000A01EB800393EDFA
:107F1000001A012A20EE410A30EE088A1FD0431CC5
:107F200005EB830701EB830397ED000A93ED001A3D
:107F3000022A20EE410A30EE088A0CD0023005EB0E
:107F4000800201EB800092ED000A90ED001A20EE15
:107F5000410A30EE088A002760ACC4F2303735465B
:107F600066460E9848457FF429AF18EE100A20F0B7
:107F70000040B0F1FF4F80F21382B4EECB8ADDF8FF
:107F800048A0F1EE10FA19D9B0EE480A12F060FEDE
:107F9000DDF84CE01CE70E9ADDF85090013200202D
:107FA0004A4528BF01200A99013651440A9109998E
:107FB0004A45514409917FF4EFAE02E0DDF850905C
:107FC0000798C00700F0F481002209F1010CB7EE18
:107FD000000A0DF5AE7E434676ACCDE95B22CDE9D5
:107FE0005922CDE957220FE002FB0CF008EB80008C
:107FF00090ED002A0EEB820081EE021A01324A4512
:10800000534480ED001A70D0002AB0EE401AEBD035
:10801000042A07D20020B0EE401A12F0030135D135
:10802000E2E700BF22F00300414200200027B0EE4B
:10803000401A00BFDE190EEB070596ED002A95EDFC
:10804000006A96ED013A95ED017A96ED024AD5ED7A
:10805000020A22EE462A96ED035AD5ED031A32EEB5
:10806000011A23EE472A32EE011A24EE602A32EE7C
:10807000011A25EE612A043832EE011A814207F115
:108080001007D7D1404212F00301ADD002FB09F72F
:1080900008EB870707EB800696ED002A0EEB8006BB
:1080A00096ED003A012922EE432A32EE011A9BD0C6
:1080B000461C07EB86050EEB860695ED002A96ED2D
:1080C000003A022922EE432A32EE011A8CD0023005
:1080D00007EB80010EEB800091ED002A90ED003A55
:1080E00022EE432A32EE011A7EE7B9F1010F43ABCB
:1080F000C0F2B280A3F11000109008EB8900A0F14B
:10810000040B4FEA09164FF0000ECA46CDF844C0E2
:108110001AE000BF1198159943AB484308EB800063
:1081200090ED001ADDF8509080EE010A03EB81001B
:108130000EF1010EABF1040BBAF1010F8A4676ACD9
:1081400080ED000A40F38880AAF1010257A800EBF5
:10815000820090ED000ACA451592DBD21EF00301A1
:1081600036D008EB82000AFB09F200EB820292EDA6
:10817000001A03EB8A0292ED002A012921EE421A2D
:1081800031EE000A0AF1010C23D00CFB09F200EBDE
:10819000820292ED001A03EB8C0292ED002A022972
:1081A00021EE421A31EE000A0AF1020C11D00CFB4A
:1081B00009F100EB810090ED001A03EB8C0090EDCB
:1081C000002A0AF1030C21EE421A31EE000A00E007
:1081D000D446AEF1010003289CD310991498129B49
:1081E00001EB8C090CF103010CF102020CF1010509
:1081F000A0EB0C0059435A4303FB0CF703FB05F4B7
:108200005D4600BFEB1993ED001A99ED042A2B1976
:1082100099ED053A21EE421A93ED002AAB1899ED3B
:10822000064A31EE000A22EE431A93ED002A6B183B
:1082300099ED075A31EE000A22EE441A93ED002A16
:1082400031EE000A22EE451A09F1100931EE000A5A
:1082500004383544D6D15DE71399261F91ED010A04
:1082600091ED021A91ED032A91ED043A086840F26B
:10827000000B22EE024A20EE025A21EE036A21EEA2
:10828000017A20EE010A22EE031A089CDDE90BA90F
:108290004C301F1FC4F2303B36EE45AA31EE00BA17
:1082A00037EE04CAB0EE498A159000BF56F8045F55
:1082B000159905EB450001EB80080120C8F200008C
:1082C000594652464B4613F049FF12F0A7FE0DEEF9
:1082D000100A0220C8F20000594652464B4613F0DD
:1082E0003DFF12F09BFE00EE100A20EE0AEA20EE9F
:1082F0000BFA20EE4C0A4FF00040594652464B46CE
:1083000030EE0DDA13F02AFF12F088FE98ED000A25
:1083100098ED011A98ED022A72A82FEE011A2EEE9E
:10832000000A00EB850030EE010A2DEE021A90EDF6
:10833000002A31EE000A97ED011A32EE400A21EED2
:10834000000A043730EE099A38EE018A013CADD1BB
:1083500019EE100A20F00040B0F1FF4F18DA18EEC5
:10836000100A20F00040B0F1FF4F11DA0021DDE9E2
:108370000B23C4F230314FF0004013F0EFFE12F047
:108380004DFE00EE100AB4EEC08AF1EE10FA19D8D4
:108390001399002081F81801FEF7D6BEDDF84CE0F5
:1083A000DDF85090DDF848A00798C0077FF40CAEC8
:1083B000DEF84C010130CEF84C0100208EF8180197
:1083C000FEF7C2BE1498089A042802F0030E09D2E0
:1083D000139EDDF83CC0DDE9059BDDE9033A002191
:1083E00072A841E076A822F00302DDF83CC0DDE986
:1083F000059BDDE9033AA0F11001C2F1000800225B
:10840000012772A851F8106F043A50F826504C68B2
:1084100043F826505BF8265090454AF8265050F80D
:10842000245009F8067043F824505BF824608D68E6
:108430004AF8246050F8256009F8047043F8256074
:108440005BF82560CC684AF8256050F8246009F88C
:10845000057043F824605BF824604AF8246009F84A
:108460000470CFD1139E5142BEF1000F2ED076AAD8
:1084700052F82140BEF1010F50F8242043F8242087
:108480005BF824204AF824204FF0010209F8042068
:108490001CD076AC04EB81014C68BEF1020F50F8A1
:1084A000247043F824705BF824704AF8247009F8AB
:1084B00004200BD08A6850F8221043F822105BF891
:1084C00022104AF82210012109F8021089EE080A48
:1084D000012086F81801D6F8082186ED380ADCF864
:1084E0000010C6F80011511CC6F80811FEF72CBE8A
:1084F0002DE9F0472DED108BAAB0B0EE408A9FED2C
:10850000A60B91ED00AA91ED01EAD1ED028A56EC9D
:10851000107B00219A4692ED00CA92ED01DA92EDAD
:1085200002FA0546C4F230314FF000403A46334675
:1085300013F014FE12F072FD00EE100A2AEE0A1A71
:1085400031EE000A2EEE0E1A31EE000A28EEA81ABD
:1085500031EE000A10EE100A20F00040B0F1FF4F9B
:1085600080F212819FED8EBAB4EECB0AF1EE10FAD2
:1085700000F10A8112F06CFB0021C4F230314FF09F
:1085800000403A463346B0EE409A13F0E7FD12F051
:1085900045FD00EE100A2CEE0C1A31EE000A2DEE0D
:1085A0000D1A31EE000A2FEE0F1A31EE000A10EE0E
:1085B000100A20F00040B0F1FF4F80F2E580B4EEE9
:1085C000CB0AF1EE10FA4FF0000000F1DE80F7EE7A
:1085D000009A89EE891A00242AEE01BA2EEE01AA29
:1085E00028EE819A12F034FB89EE800A40F20008EE
:1085F0000120C4F23038D5ED018AD5ED03AAD5EDBE
:1086000004BAC8F2000041463A463346CDE9124466
:10861000CDE91044CDE90E442DEE00EA2FEE00DA4C
:1086200095ED02FA2CEE00CA0D9413F097FD12F0AE
:10863000F5FC09EE900A0220C8F2000041463A46D5
:10864000334613F08BFD12F0E9FC28EEAB2A2FEE37
:108650002A3A2BEEAB0A2AEEAA1A33EE424A28EE49
:10866000AA5A33EE022A2FEE2B3A2AEEAB6A68EEB4
:108670008F0A6FEE0F1A33EE057A33EE453A36EE77
:10868000605A36EE206A71EE000A31EE800A31EE51
:10869000811A01EE900A0DF1600961EEE00A21EE07
:1086A000C00A21EEC11A09F10C003C2121EE84FA26
:1086B00061EE878A61EE82AA61EE85BA61EE83CAB5
:1086C00061EE86DA70EEA9EA70EE29FA71EE299A67
:1086D000E8F7B1F92AEE8E0A2EEE8C1A31EE000A76
:1086E0002CEE8D1A71EE00AA2FEE8E0A2FEE0C1AC8
:1086F00031EE000A2DEE8D1A31EE00FA2BEE8E0AC5
:1087000028EE8C1A31EE000A29EE8D1A4FF0004047
:1087100041463A46334631EE00CA13F01FFD12F0CF
:108720007DFCB1EE4C0AB1EE6A1A8DED190A8DEDA1
:10873000201A3BEE6A0A3AEE4F1AB1EE4F2A189011
:108740001F9026908DED150A28EE080A8DED161A59
:1087500039EE4C1A032715A90CAB28464A468DED75
:108760001AFA8DED1ECA8DED242ACDED25AA8DEDC8
:108770000C0A8DED100A8DED171A8DED140ACDE956
:10878000007A00F099FB00E000202AB0BDEC108BCD
:10879000BDE8F08700BF00BF00000080000030434C
:1087A000CCBC8C2B0000000091ED000A10EE103ABA
:1087B00023F00043B3F1FF4F2EDA91ED011A11EED1
:1087C000103A23F00043B3F1FF4F25DA8B6823F012
:1087D0000043B3F1FF4F1FDA2DE9F04F81B02DEDCB
:1087E000048B84B091ED022A21EE011A20EE000ADA
:1087F00030EE010A22EE021A31EE000A1646044655
:108800000F4612F025FA9FED5A1AB4EEC10AF1EEA6
:1088100010FA03DD00208BE00020704794F8173138
:108820002246012B68D1D2F8FC00301A002840F310
:108830008580D2F80080D8F82451A8425CD9D2F8BB
:1088400048019FED490B01300025C2F848014FF067
:10885000000B59EC10AB0120C4F23035C2E902BB69
:10886000C2F810B0C8F20000294652464B4613F039
:1088700075FC12F0D3FB9FED3F0A9FED3F1A60603D
:1088800004F11400A42120EE008A21EE019AE8F7F9
:10889000D2F84FF00040294652464B4684ED0B8AF1
:1088A00084ED128A84ED198A84ED209A84ED279A4A
:1088B00084ED2E9AC4F8DCB013F050FC12F0AEFB3D
:1088C000C4F8E00008F1980207CA04F1E40307C302
:1088D000D8F8A40098F82E11C4F8F00084F8F41029
:1088E00004F1F8002321E8F7A6F894F81651314670
:1088F00022463846012D07E092F816513146384697
:10890000002D18BF002B1FD12DB192F81731002B6D
:1089100008BFC2F8F810D0E900378068C2E908370C
:1089200090620120C2F8FC1082F8170182F81A0147
:1089300004B0BDEC048B01B0BDE8F08FD2F840016B
:108940000130C2F8400165E7104602F061FC0028E2
:108950003FF460AF94F816012246C007314638460E
:10896000D3D1D8E700BF00BF000000800000304333
:1089700000002042CDCCCC3D8FC2F53C0000000071
:108980002DE9F04F81B02DED0C8BA2B00B6823F0D8
:108990000043B3F1FF4F4DDA4B6823F00043B3F1CE
:1089A000FF4F47DA8B6823F00043B3F1FF4F41DA02
:1089B0000D4611460446934602F02AFC0146204625
:1089C000C1B395ED000A95ED011A95ED022A21EE4D
:1089D000011A20EE000A30EE010A22EE021A31EEF0
:1089E000000A12F035F994F8F40021460128B0EE9F
:1089F000408A2BD191ED3C0A086838EE400A90ED90
:108A00003F1AB0EEC00AB4EEC10AF1EE10FA4FDC24
:108A100091F81921002A51D090ED2D0A01F1E402BC
:108A200001F5AC7320462946FFF762FD002840F0AF
:108A30008E81B0E1D0F830110131C0F83011002042
:108A400022B0BDEC0C8B01B0BDE8F08F086890F847
:108A50002F0101282CD19FEDDC0B052056EC107B5B
:108A60000021C8F20000C4F230313A46334613F018
:108A700075FB12F0D3FA00EE100AB4EEC08A21465C
:108A8000F1EE10FA14D464200021C8F20000C4F200
:108A900030313A46334613F061FB12F0BFFA00EE74
:108AA000100AB4EEC08A2146F1EE10FA40F35A8162
:108AB000D1F830010130C1F83001C0E701F10408FC
:108AC00019A94046FDF74CFA9FEDBF0B40F2000993
:108AD00057EC106BC4F230399DED199A9DED1ABA1E
:108AE0004FF00040494632463B4613F037FB12F048
:108AF00095FA40F2020AC8F2000A0DEE100A50463A
:108B0000494632463B4613F029FB12F087FA00EE45
:108B1000100A89EE000A11F0F9FB50464946324628
:108B20003B46B0EE408A13F019FB12F077FA00EEE4
:108B3000100A89EE000A11F0C3FF5046494632463A
:108B40003B46B0EE409A13F009FB12F067FA00EED4
:108B5000100A8BEE000A11F0D9FB50464946324606
:108B60003B46B0EE40AA13F0F9FA12F057FA00EEC5
:108B7000100A8BEE000A11F0A3FF50464946324618
:108B80003B46B0EE40BA13F0E9FA12F047FA00EEB5
:108B9000100A8DEE000A11F0B9FB504649463246E4
:108BA0003B46B0EE40CA13F0D9FA12F037FA00EEA5
:108BB000100A8DEE000A11F083FF28EE0A1A29EE42
:108BC0000B2A22EE003A21EE0C4A34EE03DA29EEAB
:108BD0000A3A28EE0B4A012024EE005A23EE0C6AD2
:108BE00023EE003A24EE0C4A22EE0C2A21EE000A73
:108BF000C8F20000494632463B4636EE458A34EE1E
:108C0000039A30EE42AA13F0A9FA12F007FA0BEE1B
:108C1000100A5046494632463B4613F09FFA12F07E
:108C2000FDF92DEE0A3A28EE094A2AEE0A1A29EE33
:108C3000092A34EE435A2DEE096A28EE0A7A34EEF8
:108C4000033A28EE084A32EE012A37EE066A34EE7D
:108C5000011A2DEE084A29EE0A7A00EE100A37EEC4
:108C6000444A20EE422A20EE055A20EE066A20EE03
:108C7000033A20EE411A20EE040A95ED004A95EDE4
:108C8000017A32EE0B2AD5ED020A25EE075A22EEC2
:108C9000042A31EE0B1A32EE052A26EE205A35EE62
:108CA000028A21EE071A23EE042A32EE011A20EE80
:108CB000200A30EE019AB0EE480AF0EE490A11F0AF
:108CC000B5FD9FED44AAB4EECA0AF1EE10FA62D4E3
:108CD00094ED390AD4ED3A0A11F0A8FDB4EECA0AAF
:108CE000F1EE10FA57D4D4ED390A94ED3A0A11F0A6
:108CF00081F9B0EE40AAB0EE490AF0EE480A11F050
:108D000079F93AEE401A9DED190ADDED1A0A40464E
:108D10008DED1B1AFDF77CF804F130008821E7F790
:108D20008AFE4DF20A70C3F62340E062A0646066DA
:108D30004EF6FA50D4F80811C3F66B20C4F8800040
:108D4000C4F89C00C4F8B800481CC4F80801D4F862
:108D50002401C4F804B10130C4F82401012084F8CE
:108D600019016DE619AE081D3146FDF799F916AAED
:108D700030462946FDF77CFB9DED160ADDED170A0E
:108D800011F054FD9FED121A21EE081AB4EEC10A3B
:108D9000F1EE10FA05D5D4F830010130C4F83001F5
:108DA0004DE616AA07CA264646F8E40FC6E90112A0
:108DB00030460321FDF788FD21460120B0EE480A28
:108DC00086ED038A307417E600000080000030430F
:108DD000CDCCCC3D6F12833A70B591ED000A10EE08
:108DE000103A23F00043B3F1FF4F2EDA91ED011A50
:108DF00011EE103A23F00043B3F1FF4F25DA8B68F0
:108E000023F00043B3F1FF4F1FDA91ED022A21EE68
:108E1000011A20EE000A30EE010A22EE021A31EEAB
:108E2000000A064615460C4611F012FF336830461C
:108E300093ED251A93ED3E2A30EE410AB0EEC00ABA
:108E4000B4EEC20AF1EE10FA06DDD0F82C110131B1
:108E5000C0F82C11002070BD90F816312A46BBB125
:108E6000114602F0D5F9D0B13168304691ED2C0AA7
:108E700006F5AA730DA22146FFF73AFB78B1D6F8A2
:108E80002001C6F810510130C6F82001012070BD44
:108E9000214613460022BDE87040FDF7D1BDD6F84B
:108EA0002C010130C6F82C01002070BD000000002C
:108EB000000000000000803F2DE9F04F81B02DED53
:108EC000108BADF5966DDDF818B59946ABF104033E
:108ED00013F1030FC1F0EE808246086820F00040D5
:108EE000B0F1FF4F81F2E680BBF1010F15D0486869
:108EF00020F00040B0F1FF4F0FDABBF1020F4FF04E
:108F0000020006D08B6823F00043B3F1FF4FB8BFD7
:108F100003205845C1F0CE8003E001205845C1F040
:108F2000C980BBF1000F0BFB0BFC3DD0D9F8000052
:108F300020F00040B0F1FF4F81F2BC8009F108043D
:108F4000CCF10003002602201F18012F21D0054676
:108F500054F8040C20F00040B0F1FF4F1CDA2068F8
:108F600020F00040B0F1FF4F1BDA606820F00040B5
:108F7000B0F1FF4F12DAB81C06F1040610D0A06859
:108F8000103420F00047281DB7F1FF4FDCDB02351D
:108F900007E046F0010504E0013D02E0013500E094
:108FA00035466545C1F086800DF58D6712913846CE
:108FB0004821CDF85CC00B92E7F73DFD0DF244402F
:108FC0002421E7F738FD0DF584602421E7F733FD10
:108FD000DDF82CE0ABF1010100200AF12C0814911E
:108FE000A7F11001CDF81C04CDF81804CDF8140435
:108FF000CDF8409004E000BF0130062800F04B811E
:10900000BBF1000F00F0428100EB400208EBC2030D
:1090100093ED005A93ED014A93ED023A93ED032A42
:1090200093ED041A93ED050A149B032BC0F0AA805C
:1090300001EB8206002300BF0EEB030595ED006AED
:1090400096ED047AD5ED010A25EE066A36EE076A3A
:1090500024EE207AD5ED020A37EE066A23EE207A56
:10906000D5ED030A37EE066A22EE207AD5ED040A22
:1090700037EE066A21EE207AD5ED050A37EE066A4C
:1090800020EE207A37EE066A95ED067A86ED046AC0
:1090900025EE076A96ED057AD5ED070A36EE076AE2
:1090A00024EE207AD5ED080A37EE066A23EE207A00
:1090B000D5ED090A37EE066A22EE207AD5ED0A0AC6
:1090C00037EE066A21EE207AD5ED0B0A37EE066AF6
:1090D00020EE207A37EE066A95ED0C7A86ED056A69
:1090E00025EE076A96ED067AD5ED0D0A36EE076A8B
:1090F00024EE207AD5ED0E0A37EE066A23EE207AAA
:10910000D5ED0F0A37EE066A22EE207AD5ED100A69
:1091100037EE066A21EE207AD5ED110A37EE066A9F
:1091200020EE207A37EE066A95ED127A86ED066A11
:1091300025EE076A96ED077AD5ED130A36EE076A33
:1091400024EE207AD5ED140A37EE066A23EE207A53
:10915000D5ED150A37EE066A22EE207AD5ED160A0D
:1091600037EE066A21EE207AD5ED170A37EE066A49
:1091700020EE207A37EE066A86ED076A10366033F5
:109180007FF45AAF9EED006A07EB820292ED007AFF
:10919000DEED010A25EE066A36EE076A24EE207A35
:1091A000DEED020A37EE066A23EE207ADEED030AD0
:1091B00037EE066A22EE207ADEED040A37EE066A02
:1091C00021EE207ADEED050A37EE066A20EE207ADF
:1091D00037EE066ABBF1010F82ED006A3FF40CAF77
:1091E0009EED066A92ED017ADEED070A25EE066A2B
:1091F00036EE076A24EE207ADEED080A37EE066ABC
:1092000023EE207ADEED090A37EE066A22EE207A96
:10921000DEED0A0A37EE066A21EE207ADEED0B0A51
:1092200037EE066A20EE207A37EE066ABBF1020FAF
:1092300082ED016A3FF4E0AE9EED0C7A92ED026A97
:10924000DEED0D0ADEED0E1A25EE075ADEED0F2AD1
:1092500035EE065A24EE204A34EE054A23EE213A32
:1092600033EE043A22EE222A9EED104A32EE032A11
:109270009EED113A21EE041A31EE021A20EE030A95
:1092800030EE010A82ED020AB6E600BF0130062880
:109290007FF4B6AEB4E14FEA8B0C00214A460DF2E2
:1092A000444305E0013163445945624400F049817B
:1092B00001EB41000EEBC00090ED005A90ED014A29
:1092C00090ED023A90ED032A90ED041A90ED050A14
:1092D00014980328C0F09E80002600BFBD1995EDAC
:1092E000006A941925EE067AD4ED000A95ED036A1A
:1092F00077EE200A64EE061A95ED067A71EEA01A52
:10930000D5ED090A63EE072A72EEA12A62EE203A31
:10931000D5ED0C1A73EEA23AD5ED0F2A61EE214A73
:1093200074EEA33A60EE224A74EEA33AD5ED014AF8
:109330009819C0ED003A65EE243AD4ED014AD5ED16
:10934000045A73EEA43A64EE254AD5ED075A74EE3A
:10935000A33A63EE254AD5ED0A5A74EEA33A62EEBB
:10936000254AD5ED0D5A74EEA33A61EE254AD5EDA6
:10937000105A74EEA33A60EE254A74EEA33AD5ED86
:10938000024AC0ED013A65EE243AD4ED024AD5ED29
:10939000055A73EEA43A64EE254AD5ED085A74EEE8
:1093A000A33A63EE254AD5ED0B5A74EEA33A62EE6A
:1093B000254AD5ED0E5A74EEA33A61EE254AD5ED55
:1093C000115A74EEA33A60EE254A74EEA33AC0ED4A
:1093D000023AD4ED033A25EE066A36EE236A24EE0D
:1093E000077A37EE066A23EE207A37EE066A22EE17
:1093F000217AD5ED120A37EE066A21EE227A37EE8F
:10940000066A20EE207A37EE066A103680ED036A8F
:109410007FF464AF01FB0BF697ED006A09EB860061
:1094200090ED007AD7ED030A25EE066A36EE076A5C
:1094300024EE207AD7ED060A37EE066A23EE207A6C
:10944000D7ED090A37EE066A22EE207AD7ED0C0A2C
:1094500037EE066A21EE207AD7ED0F0A37EE066A5C
:1094600020EE207A0DF2444437EE066A04EB8600C3
:10947000BBF1010F80ED006A3FF414AF701C97ED53
:10948000016A09EB800797ED007A0DF58D67D7ED3E
:10949000040A25EE066A36EE076A24EE207AD7ED36
:1094A000070A37EE066A23EE207AD7ED0A0A37EE6E
:1094B000066A22EE207AD7ED0D0A37EE066A21EE13
:1094C000207AD7ED100A37EE066A20EE207A37EEC2
:1094D000066A04EB8000BBF1020F80ED006A3FF4E6
:1094E000E1AEB01C09EB800797ED006A0DF58D67C2
:1094F00097ED027AD7ED050AD7ED081A25EE075A3F
:10950000D7ED0B2A35EE065A24EE204A34EE054AF2
:1095100023EE213A33EE043A22EE222A97ED0E4A48
:1095200032EE032A97ED113A21EE041A31EE021AB7
:1095300020EE030A04EB800030EE010A80ED000A01
:10954000B0E617994746481E032801D200243EE0A2
:109550009FEDE10B0DF5846040F2000901F00C086D
:10956000A0F1100B002456EC105BC4F2303900BFA0
:109570004FF0004049462A46334612F0EFFD11F005
:109580004DFD4BF8100F4FF0004049462A46334638
:1095900012F0E4FD11F042FDCBF804004FF0004062
:1095A00049462A46334612F0D9FD11F037FDCBF873
:1095B00008004FF0004049462A46334612F0CEFDDF
:1095C00011F02CFD0434A045CBF80C00D0D1179835
:1095D000DDF818B5C007B8460DF58D6710D09FEDC2
:1095E000BE0B002153EC102BC4F230314FF0004081
:1095F00012F0B4FD11F012FD0DF5846141F8240064
:109600004FEA8B006FF003019FEDB39B01269FEDA6
:10961000B4AA9FEDB4BA129C1690002001250E91B9
:109620006FF00701C8F200060023CDE9098A0D9109
:109630000C900DF2444000EB830003FB0BF1139000
:109640000DF5846000EB81024FF0000B6FF0030911
:109650006FF0070A119315910F9215E00DF58462D2
:1096600002EB880000EB8B0090ED000A88EE000A08
:1096700017980BF1010B02EB80008944AB458A443B
:1096800080ED000A00F0DA8015980BEB00010DF276
:10969000444000EB810090ED008A18EE100A20F0A3
:1096A0000040B0F1FF4F80F2DC80DDF81805179123
:1096B0000BFB00F81398002100EB880090ED000AE6
:1096C00053EC192B38EE400A3046C4F23031B0EE7C
:1096D000C0CA12F043FD11F0A1FC00EE100AB0EE7A
:1096E000C81A30EE010A2AEE000AB4EEC0CAF1EE42
:1096F00010FA00F3B6801699BBF1000F00F08680D7
:10970000BBF1040F04D200201BF0030244D17DE022
:109710002BF003000D9B0E9CAE46C0F1000C002008
:1097200052464F460DF584610D19CE1995ED010A8B
:1097300096ED012A95ED041A96ED043ACE188D188F
:1097400020EE420A96ED032A95ED035A96ED044A5F
:1097500095ED046A30EE080A22EE452A32EE000A40
:1097600024EE462A32EE000A21EE431A043831EE86
:10977000008A103410371033844502F11002D3D11F
:109780001699129C012640420DF58D677546C8F268
:1097900000061BF0030239D0A4462C4635460F9E26
:1097A0000DF5846101EB880106EB800393ED000A5F
:1097B00001EB800393ED001A012A20EE410A30EEFE
:1097C000088A01D116991EE0431C06EB830701EBC2
:1097D000830397ED000A93ED001A022A20EE410A56
:1097E00030EE088A0CD0023006EB800201EB8000DC
:1097F00092ED000A90ED001A20EE410A30EE088A40
:1098000016990DF58D672E462546644611985845E4
:109810007FF424AF18EE100A20F00040B0F1FF4FA3
:109820001FDAB4EECB8AF1EE10FA1AD9B0EE480A7C
:1098300011F00EFA16990DF5846219E7119BDDF807
:1098400018B5013300205B4528BF01200E9A013571
:109850000A440E920D9A5B450A440D927FF4E8AEDD
:1098600002E0DDF818B50C98C0070DF5846900F02A
:109870009F800BF10101002017910DF549784946B1
:10988000CDE9CD00CDE9CB00CDE9C90014E000BFA2
:109890000DF58D67179A424309EB820292ED001A8B
:1098A00008EB800280EE010A0130584582ED000A83
:1098B000169A114400F0838004EB800292ED000AB6
:1098C0000028E7D004280FD2002210F003033FD174
:1098D000E0E700BF00BF00BF000000800000304391
:1098E000ACC52737CCBC8C2B20F00302534200229E
:1098F000002700BFCE1908EB070596ED001A95ED7D
:10990000005A96ED012A95ED016A96ED023A95ED21
:10991000027A21EE451A96ED034AD5ED030A31EE9F
:10992000000A22EE461A31EE000A23EE471A31EE03
:10993000000A24EE601A043A31EE000A934207F15D
:109940001007D7D152420DF58D6710F00303A1D057
:1099500000FB0BF709EB870707EB820696ED001A71
:1099600008EB820696ED002A012B21EE421A31EE19
:10997000000A8DD0561C07EB860508EB860695ED90
:10998000001A96ED002A022B21EE421A31EE000A4F
:109990003FF47EAF023207EB820308EB820293EDC5
:1099A000001A92ED002A21EE421A31EE000A6FE70A
:1099B0000A99D1F84C010130C1F84C017AE3BBF1AE
:1099C000010F0DF21445C0F2CA80A5F110001390EA
:1099D00009EB8B00A0F104084FEA0B1A4FF00009C5
:1099E000DE461CE01798159A0DF58461504301EB93
:1099F000800090ED001A0DF2144580EE010A129CD1
:109A000005EB820009F10109A8F10408BEF1010F7C
:109A100096460DF58D6780ED000A40F38880AEF123
:109A20000102C9A800EB820090ED000ADE45159204
:109A3000D8D219F0030138D00DF5846000EB820014
:109A40000EFB0BF300EB830393ED001A05EB8E0383
:109A500093ED002A012921EE421A31EE000A0EF19F
:109A6000010C23D00CFB0BF300EB830393ED001AE6
:109A700005EB8C0393ED002A022921EE421A31EE08
:109A8000000A0EF1020C11D00CFB0BF100EB81006F
:109A900090ED001A05EB8C0090ED002A0EF1030CFE
:109AA00021EE421A31EE000A00E0F446A9F101006D
:109AB000032897D31398169A00EB8C050CF103003A
:109AC00002FB00F70CF102000CF10103ABEB0C04FC
:109AD000504302FB0CF15343464600BF721892ED0F
:109AE000001A95ED042AF21895ED053A21EE421A76
:109AF00092ED002A321895ED064A31EE000A22EE68
:109B0000431A92ED002AF21995ED075A31EE000A38
:109B100022EE441A92ED002A31EE000A22EE451A96
:109B2000103531EE000A043C5644D7D15AE70021E3
:109B300053EC192BC4F230314FF0004012F00EFB01
:109B400011F06CFADDF81C3500EE100ABBF1000FC5
:109B50000DF549780DF58469186010D17EE000217B
:109B600053EC192BC4F230314FF0004012F0F6FAEA
:109B700011F054FADDF81C3500EE100A1860149844
:109B8000032801D2002034E0A4F11002A5F1100155
:109B9000002000BF92ED041A91ED042A91ED053AE0
:109BA00021EE021A31EE000A83ED000A92ED051A49
:109BB00091ED062A21EE031A31EE000A83ED000A28
:109BC00092ED061A043821EE021A31EE000A83EDF6
:109BD000000A92ED071A91ED072A02F1100221EE18
:109BE000021A01F1100131EE000A83ED000AD1D111
:109BF0004042BBF1000F31D004EB800191ED001A1F
:109C000005EB800191ED002ABBF1010F21EE021A54
:109C100031EE000A83ED000A20D0411C04EB8102E2
:109C200005EB810192ED001A91ED002ABBF1020FC4
:109C300021EE021A31EE000A83ED000A0ED0023046
:109C400004EB800105EB800091ED001A90ED002AF5
:109C500021EE021A31EE000A83ED000A10EE100A1E
:109C600020F00040B0F1FF4F80F224820FF6B440A4
:109C700000EB8B0010ED011A0020B4EEC10AF1EEEA
:109C800010FA00F31882F3AC20464821E6F7D3FE21
:109C900009EB8B000438169900250E904FEA0B1A39
:109CA000A4F11000CDE9F155CDE9EF55CDE9ED5521
:109CB0000D9013900DE0169982ED000A139801356E
:109CC0000C30062D04F10C040DF58D67139000F097
:109CD000AE8105EB450C0F9407EB8C0E00264C462D
:109CE0001195CDE9CD66CDE9CB66CDE9C9660FE02A
:109CF00017980C44704309EB800090ED001A08EBB4
:109D0000860080EE010A01365E4580ED000A6FD0C4
:109D10000EEB860393ED000A002EE9D0042E05D247
:109D2000002316F0030733D1E2E700BF26F0030358
:109D30005F420023002500BF601908EB050290ED8B
:109D4000001A92ED005A90ED012A92ED016A90ED11
:109D5000023A92ED027A21EE451A90ED034AD2EDD5
:109D6000030A31EE000A22EE461A31EE000A23EE13
:109D7000471A31EE000A24EE601A043B31EE000A65
:109D80009F4205F11005D7D15B4216F00307AFD013
:109D900006FB0BF509EB850505EB830090ED001A3A
:109DA00008EB830090ED002A012F21EE421A31EEDC
:109DB000000A9DD0581C05EB800208EB800092ED54
:109DC000001A90ED002A022F21EE421A31EE000A0D
:109DD0008ED0981C05EB800208EB800092ED001AF3
:109DE00090ED002A21EE421A31EE000A80E700BF12
:109DF000F3A8BBF1010F00EB8C011591C0F2AD800F
:109E00000E9D0022DC461CE00000000017980DF5B6
:109E100084690EFB00F009EB800090ED001A1599A3
:109E200080EE010ADDF818B501EB8E000132043D29
:109E3000BCF1010FF4460DF5497880ED000A40F3BE
:109E40008480ACF1010E08EB8E0090ED000ADC4539
:109E5000DCD212F0030436D009EB8E000CFB0BF3BE
:109E600000EB830393ED001A01EB8C0393ED002AC2
:109E7000012C21EE421A31EE000A0CF1010323D02D
:109E800003FB0BF600EB860601EB830396ED001A4D
:109E900093ED002A022C21EE421A31EE000A0CF159
:109EA000020311D003FB0BF400EB840090ED001AC9
:109EB00001EB830090ED002A0CF1030321EE421A1E
:109EC00031EE000A00E06346501E03289ED3DDF801
:109ED00018051699C41AD81C01FB00F9139801FB48
:109EE00003F800EB83009E1C013301FB06F74B4394
:109EF0002E4600BF06EB080B9BED001A90ED042ADE
:109F0000F11890ED053A21EE421A91ED002AF1196F
:109F100090ED064A31EE000A22EE431A91ED002A36
:109F200006EB090190ED075A31EE000A22EE441AC1
:109F300091ED002A31EE000A22EE451A103031EE82
:109F4000000A043C5644D5D160E71699DDE9115763
:109F50000F9CBBF1000F03D1B0E6DDE911570F9C58
:109F6000EDA800EB8502149892ED000A032801D2B7
:109F7000002627E000230026E018F91890ED001ACB
:109F800091ED005A90ED012A91ED016A90ED023AAF
:109F900091ED027A21EE051A90ED034AD1ED030A04
:109FA00031EE000A22EE061A31EE000A23EE071AFD
:109FB00031EE000A24EE201A31EE000A103306F1C9
:109FC0000406D9D11699BBF1000F3FF475AE159B6D
:109FD000BBF1010F03EB860090ED001A07EB860042
:109FE00090ED002A21EE021A31EE000A3FF464AE31
:109FF000701C03EB800107EB800091ED001A90EDDF
:10A00000002ABBF1020F21EE021A31EE000A3FF4E2
:10A0100052AEB01C03EB800107EB800091ED001AFB
:10A0200090ED002A21EE021A31EE000A43E69DED82
:10A03000ED8ADDF8288018EE100A20F00040B0F11B
:10A04000FF4F37DA9DEDEEAA1AEE100A20F000401D
:10A05000B0F1FF4F2EDAEF9820F00040B0F1FF4F43
:10A0600028DAF09820F00040B0F1FF4F22DAF198A2
:10A0700020F00040B0F1FF4F1CDAF29820F00040D1
:10A08000B0F1FF4F16DA9DEDEFBA2AEE0A0A28EE7C
:10A09000081A31EE000A2BEE0B1A31EE000A10F00E
:10A0A000D7FDD8F8000090ED451AB4EEC10AF1EEE4
:10A0B00010FA07DD00200DF5966DBDEC108B01B098
:10A0C000BDE8F08FC9A890218DED02BA8DED03AAED
:10A0D000E6F7B1FC0DF5257A50469021E6F7ABFC8A
:10A0E00081A89021E6F7A7FC0B9B5FEDB92A0DF53F
:10A0F0007379A3F1600C0021B7EE000A4A460CE028
:10A100000EF1140080ED001A0D9801310C32062971
:10A1100000F10C000D9000F062820029B0EE621A8E
:10A1200001EB4100C9AF08BFB0EE401A07EBC00E0B
:10A13000BBF1000F8EED001A04D0149F032F2AD21A
:10A14000002650E00129B0EE621A08BFB0EE401AB6
:10A150000229B0EE622A08BFB0EE402A0329B0EE11
:10A16000623A08BFB0EE403A0429B0EE624AB0EE5F
:10A17000625A08BFB0EE404A052908BFB0EE405A07
:10A180008EED011A8EED022A8EED033A8EED044A11
:10A190008EED055AB8E7002765460026D41995EDDF
:10A1A000182A94ED006A95ED1E3A94ED017A95ED2A
:10A1B000244AD4ED020A26EE422A95ED2A5AD4ED1D
:10A1C000031A32EE011A27EE432A32EE011A20EE6C
:10A1D000C42A32EE011A21EEC52A603532EE011A88
:10A1E00004361037DAD109EB800000EB860797EDD3
:10A1F000002A06EB460703EBC70797ED003ABBF1D1
:10A20000010F22EE432A32EE012A20D0771C00EB08
:10A21000870507EB470703EBC70795ED001A97ED96
:10A22000003ABBF1020F21EE431A31EE022A0ED0A2
:10A23000B71C00EB870607EB470703EBC70796ED54
:10A24000001A97ED003A21EE431A31EE022AB0EEE1
:10A25000621A012908BFB0EE401A149F8EED002A41
:10A26000032F01D2002727E00D9D002600279C190F
:10A2700095ED042A94ED016A95ED053A94ED077A7F
:10A2800095ED064AD4ED0D0A22EE462A95ED075AC1
:10A29000D4ED131A32EE011A23EE472A32EE011AD8
:10A2A00024EE602A32EE011A25EE612A103532EED4
:10A2B000011A04376036DAD100EB870607EB47074F
:10A2C00003EBC70796ED002A97ED013ABBF1010FAA
:10A2D00022EE432A32EE012A12D096ED011A97EDB2
:10A2E000073ABBF1020F21EE431A31EE022A07D0E2
:10A2F00096ED021A97ED0D3A21EE431A31EE022A3D
:10A30000B0EE621A022908BFB0EE401A149E0EF198
:10A310000407032E87ED002A01D2002727E00D9DB8
:10A32000002600279C1995ED042A94ED026A95ED0C
:10A33000053A94ED087A95ED064AD4ED0E0A22EE20
:10A34000462A95ED075AD4ED141A32EE011A23EE7F
:10A35000472A32EE011A24EE602A32EE011A25EE67
:10A36000612A103532EE011A04376036DAD100EB7B
:10A37000870607EB470703EBC70796ED002A97ED23
:10A38000023ABBF1010F22EE432A32EE012A12D02B
:10A3900096ED011A97ED083ABBF1020F21EE431A30
:10A3A00031EE022A07D096ED021A97ED0E3A21EE11
:10A3B000431A31EE022AB0EE621A032908BFB0EE4A
:10A3C000401A149E0EF10807032E87ED002A01D2D1
:10A3D000002727E00D9D002600279C1995ED042AF3
:10A3E00094ED036A95ED053A94ED097A95ED064AE8
:10A3F000D4ED0F0A22EE462A95ED075AD4ED151A30
:10A4000032EE011A23EE472A32EE011A24EE602AB8
:10A4100032EE011A25EE612A103532EE011A0437A8
:10A420006036DAD100EB870607EB470703EBC70777
:10A4300096ED002A97ED033ABBF1010F22EE432A75
:10A4400032EE012A12D096ED011A97ED093ABBF1CE
:10A45000020F21EE431A31EE022A07D096ED021ABE
:10A4600097ED0F3A21EE431A31EE022AB0EE621A4E
:10A47000042908BFB0EE401A149E0EF10C07032EFB
:10A4800087ED002A01D2002727E00D9D0026002736
:10A490009C1995ED042A94ED046A95ED053A94ED26
:10A4A0000A7A95ED064AD4ED100A22EE462A95ED79
:10A4B000075AD4ED161A32EE011A23EE472A32EE6D
:10A4C000011A24EE602A32EE011A25EE612A1035B7
:10A4D00032EE011A04376036DAD100EB870607EB5B
:10A4E000470703EBC70796ED002A97ED043ABBF147
:10A4F000010F22EE432A32EE012A12D096ED011A04
:10A5000097ED0A3ABBF1020F21EE431A31EE022A0F
:10A5100007D096ED021A97ED103A21EE431A31EE6C
:10A52000022AB0EE621A052908BFB0EE401A149E46
:10A530000EF11007032E87ED002A01D2002727E035
:10A540000D9D002600279C1995ED042A94ED056ABF
:10A5500095ED053A94ED0B7A95ED064AD4ED110A86
:10A5600022EE462A95ED075AD4ED171A32EE011A5B
:10A5700023EE472A32EE011A24EE602A32EE011A47
:10A5800025EE612A103532EE011A04376036DAD131
:10A5900000EB870007EB470703EBC70790ED002AA6
:10A5A00097ED053ABBF1010F22EE432A32EE011A74
:10A5B0003FF4A6AD90ED012A97ED0B3ABBF1020FE7
:10A5C00022EE432A32EE011A3FF49AAD90ED022AB0
:10A5D00097ED113A22EE432A32EE011A90E598EDFA
:10A5E0000B0AD8ED197A8DED170A98ED0C0A98ED43
:10A5F0001FDA8DED150A98ED0D0A98ED25EA8DED1F
:10A60000130A98ED0E0A98ED2BFA8DED120A98EDCB
:10A61000110AD8ED148A8DED110A98ED170AD8EDBC
:10A620001AAA8DED0F0A98ED1D0AD8ED20BA8DED0E
:10A630000E0A98ED230AD8ED26CA8DED0D0A98ED85
:10A64000290AD8ED2CDA8DED0C0A98ED120AD8ED16
:10A650000FEA8DED0B0A98ED180AD8ED15FA8DED7D
:10A66000080A98ED1E0A98ED1BBA8DED070A98EDC1
:10A67000240A98ED21CA8DED060A98ED2A0A98ED74
:10A6800027AA8DED050A98ED130A98ED101A8DEDA5
:10A69000040A98ED2D0A98ED162A98ED1C3A98EDCB
:10A6A000224A98ED285A98ED2E6A0020C9AB1A1854
:10A6B0000AEB0001D2ED000ADDED172AD1ED001AF8
:10A6C00060EEA22A92ED017A72EEA11ADDED112A56
:10A6D000DDED0F4A67EE222A72EEA13AD2ED022A90
:10A6E000D2ED031A62EEA44A74EEA33ADDED0E4AEF
:10A6F000DDED0D6A61EEA44A74EEA35AD2ED044A70
:10A70000D2ED053A64EEA66A76EEA55ADDED0C6A46
:10A71000183063EEA66A76EEA55ADDED156AC1ED36
:10A72000005AD1ED015A60EEA66A76EEA55ADDED2B
:10A730000B6A902867EE266A76EEA55ADDED086A68
:10A7400062EEA66A76EEA55ADDED076A61EEA66AAC
:10A7500076EEA55ADDED066A64EEA66A76EEA55A97
:10A76000DDED056A63EEA66A76EEA55ADDED136AA5
:10A77000C1ED015AD1ED025A60EEA66A76EEA55AF5
:10A78000DDED046A67EE266A76EEA55A62EEA76AE8
:10A7900076EEA55A61EE8D6A76EEA55A64EE8E6A63
:10A7A00076EEA55A63EE8F6A76EEA55ADDED126A53
:10A7B000C1ED025AD1ED035A60EEA66A76EEA55AB3
:10A7C00067EE286A76EEA55A62EEAA6A76EEA55A78
:10A7D00061EEAB6A76EEA55A64EEAC6A76EEA55AE7
:10A7E00063EEAD6A76EEA55AC1ED035AD1ED045A77
:10A7F00060EEAE6A76EEA55A67EE2F6A76EEA55A3F
:10A8000062EE8B6A76EEA55A61EE8C6A76EEA55AF8
:10A8100064EE8A6A76EEA55A63EE806A76EEA55AF1
:10A82000C1ED045AD1ED055A60EE810A70EEA50A19
:10A8300027EE027A37EE207A62EE830A30EE877ACC
:10A8400061EE840A30EE877A64EE850A30EE877A0C
:10A8500063EE860A30EE877A81ED057A7FF427AFC2
:10A86000109E002004E015980130062800F0E380D7
:10A87000159000EB400BA5A800EBCB0090ED000A73
:10A8800090ED011A90ED022A90ED033A90ED044A02
:10A8900090ED055A81A84FF0000A00EBCB004F461F
:10A8A000179009E088ED006A0AF1010ABAF1060F73
:10A8B00007F10C07C9ABD6D00AEB4A0C179903EB8A
:10A8C000CC0090ED006A01EB8A0898ED007AD0ED9B
:10A8D000010A20EE066A36EE076A21EE207AD0EDF4
:10A8E000020A37EE066A22EE207AD0ED030A37EE2E
:10A8F000066A23EE207AD0ED040A37EE066A24EECB
:10A90000207AD0ED050ADDF8180537EE066A25EE47
:10A91000207A37EE066A002888ED006AC4D000204D
:10A92000334611E07D3F2D41560E5D41C5208241E9
:10A9300000000000109E0DF57379DDF81815013048
:10A94000884216990B44ADD009EB8B0202EB8002D2
:10A95000149992ED007A032902D2002430E000BF5E
:10A96000002500245919D1ED000AD1ED011AD1EDCD
:10A97000022AD1ED033A7919D1ED004A67EE200A97
:10A98000D1ED015A60EEA40A30EE866A67EE210A24
:10A99000D1ED026A60EEA50A30EE866A67EE220A01
:10A9A000D1ED037A60EEA60A30EE866A67EE230ADE
:10A9B00060EEA70A30EE866A103504F10404D1D1A6
:10A9C000DDF818E500FB0EF206EB820505EB8402CC
:10A9D000D2ED000A09EB8C0202EB8401D1ED001AE2
:10A9E00067EE200A60EEA10ABEF1010F30EE866A22
:10A9F000A3D0611C05EB8109D9ED000A02EB8101AE
:10AA0000D1ED001A67EE200A60EEA10ABEF1020F36
:10AA100030EE866A8ED0A11C05EB8104D4ED000ACD
:10AA200002EB8101D1ED001A27EE207A27EE217A80
:10AA300037EE066A7EE75DAE06F10C008021E5F791
:10AA4000FAFF40F2000855EC197BC4F230384FF0A1
:10AA5000004041463A462B4611F080FB10F0DEFAEA
:10AA600040F2010AC8F2000A09EE100A50464146B7
:10AA70003A462B4611F072FB10F0D0FA0AEE100A9B
:10AA80007290504641463A462B4611F067FB10F053
:10AA9000C5FA7990504641463A462B4611F05EFB86
:10AAA00010F0BCFA9DED024ABEEE000A1FED605A9E
:10AAB00024EE402A9DED033A32EE052A8DED5E2A02
:10AAC00020EE032A32EE052A8DED5F2A20EE042ABD
:10AAD00032EE052A8DED632A28EE402A32EE052A51
:10AAE00020EE091A8DED652A23EE402A20EE080A91
:10AAF000A5AC809031EE0A1A32EE052A30EE050A36
:10AB0000204690218DED5D1A8DED641A8DED692A38
:10AB10008DED6A0A8DED6B1AE5F78DFF0DF549781D
:10AB200040469021E5F787FF9DED810ADDED9A4AC9
:10AB30008DED170A9DED820ADDEDA05A8DED160A06
:10AB40009DED830ADDED896A8DED150A9DED840A80
:10AB5000DDED8F7A8DED140A9DED870A9DED958AC6
:10AB60008DED130A9DED8D0A9DED9B9A8DED120AD8
:10AB70009DED930A9DEDA1AA8DED110A9DED990A17
:10AB80009DED8ABA8DED100A9DED9F0A9DED90CA4C
:10AB90008DED0F0A9DED880A9DED96DA8DED0E0A7A
:10ABA0009DED8E0A9DED9CEA8DED0D0A9DED940ABA
:10ABB0009DEDA2FA8DED0C0ADDED858ADDED8B9A17
:10ABC000DDED91AADDED97BADDED9DCADDEDA3DAED
:10ABD000DDED86EADDED8CFA9DED920A9DED981A89
:10ABE0009DED9E2A9DEDA43A00203218211892ED89
:10ABF000005A9DED177A91ED006A25EE077A92EDE5
:10AC0000014A37EE066A9DED137ADDED121A24EE45
:10AC1000077A77EE060A92ED027A92ED036A67EE02
:10AC2000211A71EEA00ADDED111ADDED103A66EE83
:10AC3000211A71EEA02AD2ED041AD2ED050A61EEB6
:10AC4000A33A73EEA22ADDED0F3A183060EEA33A74
:10AC500073EEA22ADDED163AC1ED002AD1ED012AEC
:10AC600065EE233A73EEA22ADDED0E3A902864EEEB
:10AC7000233A73EEA22ADDED0D3A67EE233A73EE26
:10AC8000A22ADDED0C3A66EE233A73EEA22A61EEBB
:10AC9000A43A73EEA22A60EEA53A73EEA22ADDED85
:10ACA000153AC1ED012AD1ED022A65EE233A73EE81
:10ACB000A22A64EE263A73EEA22A67EE273A73EED2
:10ACC000A22A66EE083A73EEA22A61EE893A73EE82
:10ACD000A22A60EE8A3A73EEA22ADDED143AC1EDA3
:10ACE000022AD1ED032A65EE233A73EEA22A64EE1E
:10ACF0000B3A73EEA22A67EE0C3A73EEA22A66EEC6
:10AD00000D3A73EEA22A61EE8E3A73EEA22A60EE3D
:10AD10008F3A73EEA22AC1ED032AD1ED042A65EE23
:10AD2000283A73EEA22A64EE293A73EEA22A67EE5D
:10AD30002A3A73EEA22A66EE2B3A73EEA22A61EE4D
:10AD4000AC3A73EEA22A60EEAD3A73EEA22AC1EDE0
:10AD5000042AD1ED052A25EE2E5A35EE225A24EE8C
:10AD60002F4A34EE054A27EE005A35EE044A26EE05
:10AD7000015A35EE044A21EE825A35EE044A20EE9D
:10AD8000835A35EE044A81ED054A7FF42EAF9DEDDE
:10AD90005D0ADDED694A8DED170A9DED5E0ADDED78
:10ADA0006A5A8DED160A9DED5F0ADDED6B6A8DED39
:10ADB000150A9DED600ADDED6C7A8DED140A9DEDAE
:10ADC000610A9DED6D8A8DED130A9DED620A9DED80
:10ADD0006E9A8DED120A9DED630A9DED6FAA8DEDC1
:10ADE000110A9DED640A9DED70BA8DED100A9DED7E
:10ADF000650A9DED71CA8DED0F0A9DED660A9DED08
:10AE000072DA8DED0E0A9DED670A9DED73EA8DED08
:10AE10000D0A9DED680A9DED74FA8DED0C0ADDEDCD
:10AE2000758ADDED769ADDED77AADDED78BADDED98
:10AE300079CADDED7ADADDED7BEADDED7CFA9DEDB8
:10AE40007D0A9DED7E1A9DED7F2A9DED803A0020C2
:10AE5000221808EB000192ED005A9DED177A91ED52
:10AE6000006A25EE077A92ED014A37EE066A9DEDFB
:10AE7000167ADDED151A24EE077A77EE060A92EDC2
:10AE8000027A92ED036A67EE211A71EEA00ADDEDF7
:10AE9000141ADDED133A66EE211A71EEA02AD2EDF6
:10AEA000041AD2ED050A61EEA33A73EEA22ADDED93
:10AEB000123A183060EEA33A73EEA22ADDED113A91
:10AEC000C1ED002AD1ED012A65EE233A73EEA22AE4
:10AED000DDED103A902864EE233A73EEA22ADDED00
:10AEE0000F3A67EE233A73EEA22ADDED0E3A66EED4
:10AEF000233A73EEA22ADDED0D3A61EEA33A73EE2A
:10AF0000A22ADDED0C3A60EEA33A73EEA22AC1ED5F
:10AF1000012AD1ED022A65EE243A73EEA22A64EEEC
:10AF2000253A73EEA22A67EE263A73EEA22A66EE5F
:10AF3000273A73EEA22A61EE883A73EEA22A60EEF7
:10AF4000893A73EEA22AC1ED022AD1ED032A65EEF9
:10AF50000A3A73EEA22A64EE0B3A73EEA22A67EE67
:10AF60000C3A73EEA22A66EE0D3A73EEA22A61EE57
:10AF70008E3A73EEA22A60EE8F3A73EEA22AC1EDEA
:10AF8000032AD1ED042A65EE283A73EEA22A64EE74
:10AF9000293A73EEA22A67EE2A3A73EEA22A66EEE7
:10AFA0002B3A73EEA22A61EEAC3A73EEA22A60EE5F
:10AFB000AD3A73EEA22AC1ED042AD1ED052A25EEA1
:10AFC0002E5A35EE225A24EE2F4A34EE054A27EE49
:10AFD000005A35EE044A26EE015A35EE044A21EEB7
:10AFE000825A35EE044A20EE835A35EE044A81ED4A
:10AFF000054A7FF42DAF81AD05F124000021B6EEA6
:10B00000000A002208EB020708EB010397ED001A83
:10B0100093ED005A97ED012A93ED066A31EE051A79
:10B0200020EE011AAE1897ED023A93ED0C7A86EDF8
:10B03000001A32EE061A20EE011A97ED034AD3EDFC
:10B04000120A86ED011A33EE071A20EE011A86ED78
:10B05000021A34EE201A97ED042A93ED183A20EEE6
:10B06000011A86ED031A32EE031A97ED052A93EDC5
:10B070001E3A20EE011A86ED041A32EE031A97EDFD
:10B08000062A93ED013A20EE011A86ED051A32EEFA
:10B09000031A97ED072A93ED073A20EE011A86ED81
:10B0A000061A32EE031A97ED082A93ED0D3A20EEB8
:10B0B000011A86ED071A32EE031A97ED092A93ED6D
:10B0C000133A20EE011A841832EE032A04ED011A15
:10B0D00097ED0A1A93ED193A20EE022A84ED002A20
:10B0E00031EE031A97ED0B2A93ED1F3A20EE011A69
:10B0F00086ED0A1A32EE031A97ED0C2A93ED023A06
:10B1000020EE011A86ED0B1A32EE031A97ED0D2A86
:10B1100093ED083A20EE011A86ED0C1A32EE031A6E
:10B1200097ED0E2A93ED0E3A20EE011A86ED0D1AD8
:10B1300032EE031A97ED0F2A93ED143A20EE011A1E
:10B1400086ED0E1A32EE031A20EE011A86ED0F1A62
:10B1500097ED101A93ED1A2A97ED113A31EE021A73
:10B1600093ED202A20EE011A86ED101A33EE021A12
:10B17000483220EE011A902A01F10C0186ED111AD5
:10B180007FF440AF31ADEDA82946FBF7D1F80A981E
:10B1900035AE041D204629463246FBF775F8304689
:10B1A0000421FBF791FB50B381A839A90622FBF7D4
:10B1B000FFF920B335AB0FCB0FC4099881A99022BA
:10B1C000E5F7DDFB0A989DEDF00A9DEDF11A9DED86
:10B1D000F22A90ED053A90ED064A90ED075A33EECB
:10B1E000000A34EE011A35EE022A80ED050A80EDE0
:10B1F000061A80ED072A01204FF4847302E0002034
:10B200004FF4A6730A9AD1580131D150FEF753BFBB
:10B2100090F81621012A24D1D0F8F830CA1AB2F1D8
:10B22000FF3F19DD994204BF0120704790F81731A4
:10B23000012B16D12DE9F04F81B02DED108BADF51E
:10B24000207D0368D0F8FC70D3F82431CF1B9F42D7
:10B2500014D9002000F06EBDD0F83C110131C0F8C7
:10B260003C110020704700BF000000800000304308
:10B27000BD378635CCBC8C2B000000001FED060BC3
:10B28000029182F0004258EC105B0021C4F2303190
:10B29000044610462A46434610F060FF0FF0BEFEFB
:10B2A0001FED0DAA00EE100A20EE0ACA94ED050A61
:10B2B00094ED061A94ED083A94ED094A94ED072AA4
:10B2C00094ED0A5A33EE40DA74EE419A2DEE0CFA00
:10B2D00029EE8CEA75EE428A68EE8CAA2EEE0E0AF2
:10B2E0002FEE0F1A31EE000A2AEEAA1A31EE000AEA
:10B2F000A3460FF0ADFCB6EE009AB4EECA0AB0EE6B
:10B30000408AF1EE10FAB0EE49AA07D4B6EE000A70
:10B3100028EE000A0FF0D4FB80EE08AA28EE090AF6
:10B320000EF0F4FF0021C4F230314FF000402A4605
:10B330004346B0EE408A2FEE0A9A2EEE0ABA2AEE63
:10B340008AAA10F00BFF0FF069FE00EE100A28EE3B
:10B35000081A31EE000A29EE091A31EE000A2BEE26
:10B360000B1A31EE000A2AEE0A1A31EE000A10EE2C
:10B37000100A20F00040B0F1FF4F14DA1FED431A1D
:10B38000B4EEC10AF1EE10FA0DD40FF061FCB7EE85
:10B39000001A81EE000A28EE008A29EE009A2BEEB0
:10B3A00000BA2AEE00AA9BED010A9BED021A9BED62
:10B3B000032A9BED043A21EE094A20EE085A35EEA5
:10B3C000444A22EE4B5A35EE044A23EE4A5A35EEF1
:10B3D000044A8DED074A21EE084A20EE095A35EE5F
:10B3E000044A22EE0A5A35EE044A23EE4B5A35EE51
:10B3F000044A8DED064A21EE0A4A20EE0B5A21EE50
:10B400000B1A20EE0A0A35EE444A22EE085A30EEB4
:10B41000010A22EE491A35EE044A23EE095A31EEAA
:10B42000000A23EE081A7CAC35EE044A31EE000A1D
:10B4300004F110007C218DED054A8DED040AE5F73D
:10B44000FAFA0026C4F230364FF0004031462A4660
:10B45000434610F083FE0FF0E1FD012780F000402D
:10B46000C8F2000708EE100A384631462A4643461D
:10B4700010F074FE0FF0D2FD09EE100A91903846DC
:10B4800031462A46434610F069FE0FF0C7FD9890FA
:10B49000384631462A46434610F060FE0FF0BEFDA6
:10B4A0001FED8B2AB1EE4C0A3AEE823A8DED7D3AD1
:10B4B00029EECC3A33EE023A8DED7F0A8DED7E3ADD
:10B4C0008DED860A28EECC3A8DED8D0A3EEE020A0D
:10B4D00028EE0C1A33EE023A8DED880A2DEE4C0A56
:10B4E00058AE9F9031EE091A8DED823A3FEE023A46
:10B4F00030EE020A304690218DED7C1A8DED831AD4
:10B500008DED843A8DED03CA8DED890A8DED8A1A91
:10B51000E5F791FA34AF38469021E5F78CFA9BEDC8
:10B520000B0A0BF12C018DED130A9BED0C0ADBEDE0
:10B53000244A8DED120A9BED0D0ADBED2A5A8DEDA2
:10B54000110A9BED0E0ADBED136A8DED100A9BEDDF
:10B55000110ADBED197A8DED0F0A9BED170A9BEDB1
:10B560001FDA8DED0E0A9BED1D0A9BED25EA8DED90
:10B570000D0A9BED230A9BED2BFA8DED0C0A9BED3A
:10B58000290ADBED148A8DED0B0A9BED120ADBED27
:10B590001A9A8DED0A0A9BED180ADBED20AA8DEDB3
:10B5A000090A9BED1E0ADBED26BA8DED080ADBEDDC
:10B5B0002CCADBED0FDADBED15EADBED1BFA9BEDB8
:10B5C000219A9BED27AA9BED2DBA9BED108A9BED4E
:10B5D00016CA9BED1C0A9BED221A9BED282A9BEDB7
:10B5E0002E3A5846019100216318721893ED005AC3
:10B5F0009DED137A92ED006A25EE077A93ED014AEC
:10B6000037EE066A9DED0F7ADDED0E1A24EE077A0D
:10B6100077EE060A93ED027A93ED036A67EE211A3C
:10B6200071EEA00ADDED0D1ADDED0C3A66EE211A81
:10B6300071EEA02AD3ED041AD3ED050A61EEA33A08
:10B6400073EEA22ADDED0B3A183160EEA33A73EEE9
:10B65000A22ADDED123AC2ED002AD2ED012A65EEF2
:10B66000233A73EEA22ADDED0A3A902964EE233ADA
:10B6700073EEA22ADDED093A67EE233A73EEA22AB1
:10B68000DDED083A66EE233A73EEA22A61EEA43AA3
:10B6900073EEA22A60EEA53A73EEA22ADDED113A0E
:10B6A000C2ED012AD2ED022A65EE233A73EEA22AF8
:10B6B00064EE263A73EEA22A67EE273A73EEA22AC8
:10B6C00066EE0D3A73EEA22A61EE8E3A73EEA22A6E
:10B6D00060EE8F3A73EEA22ADDED103AC2ED022A37
:10B6E000D2ED032A65EE233A73EEA22A64EE283ADD
:10B6F00073EEA22A67EE293A73EEA22A66EE2A3A80
:10B7000073EEA22A61EEAB3A73EEA22A60EEAC3A77
:10B7100073EEA22AC2ED032AD2ED042A65EE2D3A79
:10B7200073EEA22A64EE2E3A73EEA22A67EE2F3A47
:10B7300073EEA22A66EE093A73EEA22A61EE8A3A05
:10B7400073EEA22A60EE8B3A73EEA22AC2ED042AAF
:10B75000D2ED052A25EE085A35EE225A24EE0C4A7F
:10B7600034EE054A27EE005A35EE044A26EE015A19
:10B7700035EE044A21EE825A35EE044A20EE835A11
:10B7800035EE044A82ED054A7FF42EAF9DED7C0A2A
:10B79000DDED884A8DED130A9DED7D0ADDED895AB8
:10B7A0008DED120A9DED7E0ADDED8A6A8DED110A9E
:10B7B0009DED7F0ADDED8B7A8DED100A9DED800AFF
:10B7C0009DED8CDA8DED0F0A9DED810A9DED8DEAE0
:10B7D0008DED0E0A9DED820A9DED8EFA8DED0D0A1E
:10B7E0009DED830ADDED8F8A8DED0C0A9DED840AB7
:10B7F000DDED909A8DED0B0A9DED850ADDED91AAA8
:10B800008DED0A0A9DED860ADDED92BA8DED090AED
:10B810009DED870ADDED93CA8DED080ADDED94DA22
:10B82000DDED95EADDED96FA9DED979A9DED98AAEE
:10B830009DED99BA9DED9A8A9DED9BCA9DED9C0A5E
:10B840009DED9D1A9DED9E2A9DED9F3A002100BF22
:10B8500073187A1893ED005A9DED137A92ED006AF1
:10B8600025EE077A93ED014A37EE066A9DED127ACE
:10B87000DDED111A24EE077A77EE060A93ED027ACF
:10B8800093ED036A67EE211A71EEA00ADDED101A3E
:10B89000DDED0F3A66EE211A71EEA02AD3ED041AFF
:10B8A000D3ED050A61EEA33A73EEA22ADDED0E3A5E
:10B8B000183160EEA33A73EEA22ADDED0D3AC2ED27
:10B8C000002AD2ED012A65EE233A73EEA22ADDEDBD
:10B8D0000C3A902964EE233A73EEA22ADDED0B3A7E
:10B8E00067EE233A73EEA22ADDED0A3A66EE233ABA
:10B8F00073EEA22ADDED093A61EEA33A73EEA22AB5
:10B90000DDED083A60EEA33A73EEA22AC2ED012AF9
:10B91000D2ED022A65EE243A73EEA22A64EE253AAD
:10B9200073EEA22A67EE263A73EEA22A66EE273A53
:10B9300073EEA22A61EE8D3A73EEA22A60EE8E3A81
:10B9400073EEA22AC2ED022AD2ED032A65EE0F3A67
:10B9500073EEA22A64EE283A73EEA22A67EE293A21
:10B9600073EEA22A66EE2A3A73EEA22A61EEAB3A91
:10B9700073EEA22A60EEAC3A73EEA22AC2ED032A5D
:10B98000D2ED042A65EE2D3A73EEA22A64EE2E3A29
:10B9900073EEA22A67EE2F3A73EEA22A66EE093AF8
:10B9A00073EEA22A61EE8A3A73EEA22A60EE8B3A17
:10B9B00073EEA22AC2ED042AD2ED052A25EE085A1A
:10B9C00035EE225A24EE0C4A34EE054A27EE005A90
:10B9D00035EE044A26EE015A35EE044A21EE825A2B
:10B9E00035EE044A20EE835A35EE044A82ED054ACC
:10B9F0007FF42EAF006840F2030A90ED2A0A90ED22
:10BA00002B1A00269DED039AC8F2000AC4F23036C4
:10BA100020EE008A21EE010A504631462A4643466E
:10BA200020EE09EA10F09AFB0FF0F8FA2EEE09DA90
:10BA300000EE100A6DEE098A88EE800A28EE09FAF7
:10BA40009DED341A40F20209C8F200099DED37AAB3
:10BA50009DED3B9A9DED3E8A484631462A46434637
:10BA60003FEE000A31EE00CA9DED490A8DED34CA61
:10BA70003EEE000A8DED490A10F070FB0FF0CEFA91
:10BA800000EE100A8DEE000A484631462A4643462B
:10BA90003AEE400A8DED370A10F060FB0FF0BEFA67
:10BAA00000EE100A8DEE000A9DED461A5046314612
:10BAB0002A46434631EE400A8DED460A10F04EFB11
:10BAC0000FF0ACFA00EE100A88EE800A9DED501AD5
:10BAD000484631462A4643463FEE000A39EE000A00
:10BAE0008DED3B0A3EEE010A8DED500A10F036FB5B
:10BAF0000FF094FA00EE100A8DEE000A4846314627
:10BB00002A46434638EE400A8DED3E0A10F026FBE9
:10BB10000FF084FA00EE100A8DEE000A9DED4D1A2A
:10BB2000504631462A46434631EE400A8DED4D0AD5
:10BB300010F014FB0FF072FA00EE100A88EE800A83
:10BB40009DED421A484631462A4643463FEE000ADA
:10BB500031EE000A9DED571A8DED420A3EEE010AC4
:10BB60008DED570A10F0FAFA0FF058FA00EE100AAD
:10BB70008DEE000A9DED451A484631462A46434659
:10BB800031EE400A8DED450A10F0E8FA0FF046FA62
:10BB900000EE100A8DEE000A9DED541A4FF00040A1
:10BBA00031462A46434631EE400A8DED540A10F0E4
:10BBB000D5FA0FF033FA9DED078A9DED069A00EE57
:10BBC000100A28EE081A9DED05AA31EE000A29EEAA
:10BBD000091A9DED04BA31EE000A2AEE0A1A31EE76
:10BBE000000A2BEE0B1A31EE000A10EE100A20F0BC
:10BBF0000040B0F1FF4F80F296809FED721AB4EED4
:10BC0000C10AF1EE10FA00F18E800FF021F81CEE5F
:10BC1000100A20F00040B0F1FF4F80F28480B7EEB0
:10BC2000001A81EE003A00224FF0FF30594628EE0C
:10BC3000030A29EE031A2AEE032A2BEE033ABB1855
:10BC40005E6826F00046B6F1FF4F7ADA9E6826F06D
:10BC50000046B6F1FF4F76DADE6826F00046B6F110
:10BC6000FF4F72DA1E6926F00046B6F1FF4F6EDA1A
:10BC70005E6926F00046B6F1FF4F6ADA9E6926F04B
:10BC80000046B6F1FF4F66DADE6926F00046B6F1EF
:10BC9000FF4F62DA1E6A26F00046B6F1FF4F5EDA09
:10BCA0005E6A26F00046B6F1FF4F5ADA9E6A26F029
:10BCB0000046B6F1FF4F56DADE6A26F00046B6F1CE
:10BCC000FF4F52DA1E6B26F00046B6F1FF4F4EDAF8
:10BCD0005E6B26F00046B6F1FF4F4ADA9E6B26F007
:10BCE0000046B6F1FF4F46DADE6B26F00046B6F1AD
:10BCF000FF4F42DA1E6C26F00046B6F1FF4F3EDAE7
:10BD00005E6C26F00046B6F1FF4F3ADA11283BD0C0
:10BD10009B6C483223F00043B3F1FF4F00F1120057
:10BD2000FFF68DAF2EE000204FF4A67259468B58D7
:10BD300001338B500DF5207DBDEC108B01B0BDE8BB
:10BD4000F08F01301EE002301CE003301AE00430B6
:10BD500018E0053016E0063014E0073012E0083035
:10BD600010E009300EE00A300CE00B300AE00C3035
:10BD700008E00D3006E00E3004E00F3002E0103035
:10BD800000E01130232819D3019881ED010A81EDDB
:10BD9000021A81ED032A81ED043A34A99022E4F7D6
:10BDA000EEFDDBF81C2102985946CBF8F800501C38
:10BDB000CBF81C0101204FF48472B8E700204FF447
:10BDC000A672B4E7CCBC8C2B2DE9F0412DED048B91
:10BDD00084B004460160084605F046FB84F81B0168
:10BDE00004F58E704421E4F726FE9FED2D0B40F202
:10BDF000000855EC106B0120C4F230380027C8F25F
:10BE00000000414632462B46C4E90277276110F014
:10BE1000A5F90FF003F99FED240A9FED241A606045
:10BE200004F11400A42120EE008A21EE019AE4F727
:10BE300002FE4FF00040414632462B4684ED0B8A0D
:10BE400084ED128A84ED198A84ED209A84ED279A74
:10BE500084ED2E9AC4F8DC7010F080F90FF0DEF853
:10BE60002168C4F8E00001F198030DCB04F1E40C63
:10BE70008CE80D00D1F8A40091F82E11C4F8F00060
:10BE800084F8F41004F1F8002321E4F7D4FD2046EF
:10BE900004B0BDEC048BBDE8F08100BF00BF00BF63
:10BEA0000000008000003043CDCCCC3D8FC2F53C7B
:10BEB000F0B589B00328EFF31087EFF3108272B664
:10BEC00044D848F6D445C2F2000555F8202002288F
:10BED00002F1010245F820201AD100200190CDE99D
:10BEE0000700CDE9050002208DF8040048F6B440B3
:10BEF000C2F200000268A868CDE9021104901AB1EC
:10BF000001A80121904728BB286A0130286221E05E
:10BF10002B1893F85440012C02D12C6901342C6168
:10BF2000012683F8546095F8786000EB400405EB37
:10BF300084040023012E6162A362E26206D195F8B7
:10BF40005820824204BF012085F87900084601216B
:10BF500002F0C4F987F3108809B0F0BD022909D1B5
:10BF600001784F2940F0CC8040784E2804BF012052
:10BF70007047C5E00429C0F0C3800178542940F01F
:10BF8000BF804178452940F0BB808178532940F03B
:10BF9000B780C1783A2940F0B38010B582B0041D53
:10BFA00001A920460A22E4F7CCFB019A0146A242ED
:10BFB0004FF0000000F0A780A1F2D1716FF47A7306
:10BFC0009942C0F0A08010782C2840F09B80541C2F
:10BFD00001A920460A22E4F7B4FB019A0146A242D5
:10BFE0004FF0000000F08F80A1F2D1716FF47A73EE
:10BFF0009942C0F0888010782C2840F08680541C2C
:10C0000001A920460A22E4F79CFB019A0146A242BC
:10C010004FF0000077D0A1F2D1716FF47A7399429A
:10C0200071D310782C2870D1541C01A920460A2203
:10C03000E4F787FB019A0146A2424FF0000062D06C
:10C04000A1F2D1716FF47A7399425CD310782C28E5
:10C050005BD1541C01A920460A22E4F772FB019A25
:10C060000146A2424FF000004DD0A1F2D1716FF411
:10C070007A73994247D310782C2846D1541C01A9D1
:10C0800020460A22E4F75DFB019A0146A2424FF0E6
:10C09000000038D0A1F2D1716FF47A73994232D393
:10C0A00010782C2831D1541C01A920460A22E4F72B
:10C0B00048FB019A0146A2424FF0000023D0A1F2B2
:10C0C000D1716FF47A7399421DD310782C281CD14A
:10C0D000541C01A920460A22E4F733FB019A0146C9
:10C0E000A2424FF000000ED0A1F2D1716FF47A732A
:10C0F000994208D31078B0FA80F0400902B010BD20
:10C1000000207047002002B010BD002002B010BD1A
:10C11000F0B54CF2882046F2A04CC2F20000C4F206
:10C12000020C0368ACF1480246F208079342C4F2DD
:10C1300002070FD946F27040C4F20200834259D080
:10C1400046F28841C4F202018B4256D140214FF49D
:10C150007064AFE307F1B000834246F29F00C4F27F
:10C16000020026D983424FF0100140F3878046F247
:10C170003F46C4F20206B34200F3AC8046F2A0018F
:10C18000C4F202018B4200F00B8146F21041C4F26E
:10C1900002018B4200F0778146F22841C4F202018D
:10C1A0008B4240F07B814FF480614FF4006529435E
:10C1B00099E107F150018B4245D983424FF01001BC
:10C1C00040F3A28046F23F46C4F20206B34200F3B7
:10C1D0000B8146F2A006C4F20206B34200F04E877D
:10C1E00046F21046C4F20206B34201F0488146F21C
:10C1F00028412AE101213C245CE346F287054FF007
:10C2000000616345C4F2020508BF4FF40011AB4260
:10C210004FF0100549DD46F20F44C4F20204A34278
:10C2200040F3CF8046F21044C4F20204A34200F06F
:10C23000468246F22845C4F20205AB4200F0D180A6
:10C2400046F24045C5E046F23F4E10218342C4F21B
:10C25000020E7CDD734500F3D78046F2A004C4F2E1
:10C260000204A34200F0168146F21044C4F2020414
:10C27000A34200F0158746F22841D4E046F23F067B
:10C28000C4F20206B3427ADD46F24006C4F2020668
:10C29000B34200F0858046F27006C4F20206B34253
:10C2A00000F0028146F2880172E046F23F04C4F2D7
:10C2B0000204A34277DC46F21004C4F20204A34253
:10C2C00000F0FD8146F22805C4F20205AB4200F001
:10C2D0008880EEE146F28846C4F20206B3425CD0A2
:10C2E00046F27046C4F20206B34200F0DD8046F228
:10C2F0004041C4F202018B4240F0D0804FF48011E3
:10C300004FF400152943EEE046F23F06C4F2020660
:10C31000B34240F3918046F24001C4F202018B42E5
:10C3200000F0B48046F27001C4F202018B4200F0CA
:10C33000938646F28801C4F202018B4241F0998053
:10C340004FF480614FF40065294301F0B7B846F21D
:10C350003F04C4F20204A34240F3808046F240044A
:10C36000C4F20204A34200F07D8646F27004C4F2D7
:10C370000204A34200F0948646F2880153E046F29C
:10C380001006C4F20206B34200F08E8046F2280185
:10C39000C4F202018B4240F081804FF4806183E05F
:10C3A0004FF4801180E046F24004C4F20204A3423C
:10C3B00014D046F27004C4F20204A34200F07F815C
:10C3C00077E146F28805C4F20205AB4209D046F295
:10C3D000A005C4F20205AB4240F06B814FF480151A
:10C3E0006DE14FF480656AE146F24046C4F2020610
:10C3F000B3424BD046F27046C4F20206B34201F09B
:10C400003E8046F2884120E046F24044C4F20204F5
:10C41000A3423FD046F27044C4F20204A34200F0AB
:10C420003F8646F28841C4F202018B4240F03286D8
:10C430004FF4806100F034BE46F21006C4F20206EA
:10C44000B34201F01C8046F22801C4F202018B4283
:10C4500041F00F804FF4806101F011B846F21001F5
:10C46000C4F202018B4200F0F18546F22801C4F2C9
:10C4700002018B4240F00E864FF480614FF400645D
:10C48000214300F02CBE01203C2100E14FF480113B
:10C4900000F0F5BF4FF4801100F002BE4FF0806154
:10C4A000634508BF4FF4801146F20F46C4F20206FE
:10C4B00001F10061B3424FF0080408DC46F21006B7
:10C4C000C4F20206B34245D046F2700607E046F2D7
:10C4D0001046C4F20206B3423CD046F27046C4F2A3
:10C4E0000206B34236D083424FF400740EDD46F2AA
:10C4F0003F46C4F20206B34217DC46F2A006C4F27D
:10C500000206B34224D046F2284616E046F2280638
:10C51000C4F20206B3421DD046F24006C4F202063F
:10C52000B34215D046F2880607E046F24046C4F210
:10C530000206B3420CD046F28846C4F20206B34269
:10C5400008D04FF00074634508BF4FF4002401E0A9
:10C550004FF40024214383424FF0040514DD46F2DA
:10C560003F46C4F20206B34223DC46F2A006C4F200
:10C570000206B3422CD046F21046C4F20206B34281
:10C5800037D046F228462EE046F23F06C4F20206B5
:10C59000B34220DD46F24006C4F20206B34217D091
:10C5A00046F27006C4F20206B34222D046F2880672
:10C5B00019E046F24046C4F20206B34208D046F201
:10C5C0007046C4F20206B34213D046F288460AE02F
:10C5D0004FF480250DE046F21006C4F20206B34285
:10C5E00007D046F22806C4F20206B34253D14FF4F4
:10C5F0008075294383424FF0010014DD46F23F4627
:10C60000C4F20206B34223DC46F2A006C4F20206DC
:10C61000B3422CD046F21046C4F20206B34236D0E2
:10C6200046F228402EE046F23F06C4F20206B3422C
:10C6300020DD46F24006C4F20206B34217D046F2AD
:10C640007006C4F20206B34221D046F2880019E017
:10C6500046F24046C4F20206B34208D046F27046A3
:10C66000C4F20206B34212D046F288400AE04FF408
:10C6700080300CE046F21006C4F20206B34206D047
:10C6800046F22800C4F2020083420BD14020084346
:10C69000C7F8000412E14FF08075634508BF4FF4FE
:10C6A0008025A6E74FF48000634508BF4FF4803033
:10C6B000EDE74FF08065634508BF4FF4801545EA0C
:10C6C000010446F29F01C4F202018B424FF00805BB
:10C6D00014DC46F23F06C4F20206B34223DD46F202
:10C6E0004006C4F20206B3423FD046F27006C4F2DE
:10C6F0000206B3423BD046F288061CE046F22746CB
:10C70000C4F20206B3421DDD46F22846C4F2020618
:10C71000B34214D046F24046C4F20206B34224D0DB
:10C72000834224D01AE046F21006C4F20206B34255
:10C730001DD046F22806C4F20206B3420ED14FF4D1
:10C74000007514E046F2A006C4F20206B3420CD013
:10C7500046F21046C4F20206B34208D04FF000750C
:10C76000634508BF4FF4002501E04FF400252C433A
:10C770008B424FF0040514DC46F23F06C4F2020679
:10C78000B34223DD46F24006C4F20206B3423FD074
:10C7900046F27006C4F20206B3423BD046F2880667
:10C7A0001CE046F22746C4F20206B3421DDD46F203
:10C7B0002846C4F20206B34214D046F24046C4F200
:10C7C0000206B34224D0834224D01AE046F2100677
:10C7D000C4F20206B3421DD046F22806C4F2020695
:10C7E000B3420ED14FF4807514E046F2A006C4F2B5
:10C7F0000206B3420CD046F21046C4F20206B3421F
:10C8000008D04FF08075634508BF4FF4802501E0E4
:10C810004FF480252C438B424FF0010114DC46F28B
:10C820003F00C4F20200834221DD46F24000C4F220
:10C83000020083423CD046F27000C4F20200834200
:10C8400038D046F288001AE046F22746C4F20206C3
:10C85000B3421ADD46F22846C4F20206B34212D0B1
:10C8600046F24046C4F20206B34218D120E046F236
:10C870001000C4F2020083421CD046F22800C4F229
:10C88000020083420DD1402114E046F2A000C4F220
:10C89000020083420CD046F21040C4F202008342F0
:10C8A00008D04FF48001634508BF4FF4803101E0A8
:10C8B0004FF4803141EA04004CF8940C4CF2E8202B
:10C8C000C2F20000036893420FD946F27040C4F2EE
:10C8D000020083425DD046F28841C4F202018B42DD
:10C8E0005AD140214FF47062ABE307F1B0008342AC
:10C8F00040F21000C0F6000028D946F29F02C4F2B0
:10C900000202934240F3898046F23F41C4F20201A1
:10C910008B4200F3AE8046F2A000C4F202008342D4
:10C9200000F00B8146F21040C4F20200834200F096
:10C93000758146F22840C4F20200834240F07881BB
:10C940004FF480604FF40061084394E107F1500117
:10C9500046F29F02C4F202028B4243D9934240F353
:10C96000A28046F23F41C4F202018B4200F30981EA
:10C9700046F2A001C4F202018B4200F0858346F228
:10C980001041C4F202018B4200F0788646F2284141
:10C9900027E101213C2254E346F287024FF0006177
:10C9A0006345C4F2020208BF4FF4001193424FF0F6
:10C9B000100249DD46F20F47C4F20207BB4240F3C2
:10C9C000CD8046F21047C4F20207BB4200F03F821E
:10C9D00046F22842C4F20202934200F0CF8046F2AF
:10C9E0004042C3E0934240F3818046F23F41C4F2AB
:10C9F00002018B4200F3D58046F2A001C4F202018D
:10CA00008B4200F0128146F21041C4F202018B42C7
:10CA100000F0398446F22841D2E046F23F01C4F2E8
:10CA200002018B4279DD46F24001C4F202018B42E1
:10CA300000F0838046F27001C4F202018B4200F0E4
:10CA4000FD8046F2880171E046F23F07C4F202071A
:10CA5000BB4275DC46F21007C4F20207BB4200F08D
:10CA6000F68146F22802C4F20202934200F0868068
:10CA7000E7E146F28841C4F202018B425AD046F205
:10CA80007041C4F202018B4200F0D88046F240406F
:10CA9000C4F20200834240F0CB804FF480104FF488
:10CAA00000110843E7E046F23F01C4F202018B4265
:10CAB00040F38E8046F24000C4F20200834200F050
:10CAC000B08046F27000C4F20200834200F0C782D8
:10CAD00046F28800C4F20200834240F0C9854FF458
:10CAE00080604FF40061084300F0E5BD46F23F016D
:10CAF000C4F202018B427DDD46F24001C4F2020124
:10CB00008B4200F0B58246F27001C4F202018B4202
:10CB100000F0B98346F2880152E046F21001C4F2F7
:10CB200002018B4200F08A8046F22801C4F2020121
:10CB30008B427DD100F57C7080E04FF001607DE09C
:10CB400046F24007C4F20207BB4214D046F2700717
:10CB5000C4F20207BB4200F07A8172E146F2880219
:10CB6000C4F20202934209D046F2A002C4F20202C9
:10CB7000934240F066814FF4801268E14FF4806286
:10CB800065E146F24041C4F202018B4249D046F2CF
:10CB90007041C4F202018B4200F0708546F2884178
:10CBA0001FE046F24041C4F202018B423DD046F202
:10CBB0007041C4F202018B4200F0658346F2884165
:10CBC000C4F202018B4240F0588300F57C705AE3B6
:10CBD00046F21001C4F202018B4200F04F8546F28A
:10CBE0002801C4F202018B4240F0428500F57C70BE
:10CBF00000F044BD46F21000C4F20200834200F08F
:10CC0000288246F22800C4F20200834240F03583B5
:10CC10004FF480604FF40061084351E301213C2050
:10CC2000FDE04FF0016000F029BD4FF001602AE304
:10CC30004FF04060634508BF4FF0016046F20F417E
:10CC4000C4F202018B424FF0080108DC46F21006E4
:10CC5000C4F20206B34245D046F2700607E046F23F
:10CC60001046C4F20206B3423CD046F27046C4F20B
:10CC70000206B34236D093424FF400710EDD46F205
:10CC80003F46C4F20206B34217DC46F2A006C4F2E5
:10CC90000206B34224D046F2284616E046F22806A1
:10CCA000C4F20206B3421DD046F24006C4F20206A8
:10CCB000B34215D046F2880607E046F24046C4F279
:10CCC0000206B3420CD046F28846C4F20206B342D2
:10CCD00008D04FF00071634508BF4FF4002101E018
:10CCE0004FF40021084393424FF0040114DD46F253
:10CCF0003F46C4F20206B34223DC46F2A006C4F269
:10CD00000206B3422CD046F21046C4F20206B342E9
:10CD100037D046F228412EE046F23F06C4F2020622
:10CD2000B34220DD46F24006C4F20206B34217D0F9
:10CD300046F27006C4F20206B34222D046F28801DF
:10CD400019E046F24046C4F20206B34208D046F269
:10CD50007046C4F20206B34213D046F288410AE09C
:10CD60004FF480210DE046F21006C4F20206B342F1
:10CD700007D046F22801C4F202018B4253D14FF48E
:10CD80008071084393424FF0010114DD46F23F42A7
:10CD9000C4F20202934223DC46F2A002C4F2020271
:10CDA00093422CD046F21042C4F20202934236D093
:10CDB00046F228412EE046F23F02C4F202029342BC
:10CDC00020DD46F24002C4F20202934217D046F23E
:10CDD0007002C4F20202934221D046F2880119E0A7
:10CDE00046F24042C4F20202934208D046F2704238
:10CDF000C4F20202934212D046F288410AE04FF494
:10CE000080310CE046F21002C4F20202934206D0D6
:10CE100046F22801C4F202018B420BD140210843A3
:10CE2000C7F80004F0BD4FF08071634508BF4FF4B0
:10CE30008021A6E74FF48001634508BF4FF480319D
:10CE4000EDE74FF08062634508BF4FF480120A435C
:10CE500046F29F01C4F202018B424FF0080614DC37
:10CE600046F23F07C4F20207BB4223DD46F2400709
:10CE7000C4F20207BB423FD046F27007C4F2020779
:10CE8000BB423BD046F288071CE046F22747C4F27B
:10CE90000207BB421DDD46F22847C4F20207BB422F
:10CEA00014D046F24047C4F20207BB4224D083426A
:10CEB00024D01AE046F21007C4F20207BB421DD08C
:10CEC00046F22807C4F20207BB420ED14FF40076A7
:10CED00014E046F2A007C4F20207BB420CD046F2AF
:10CEE0001047C4F20207BB4208D04FF000766345FA
:10CEF00008BF4FF4002601E04FF4002632438B4276
:10CF00004FF0040614DC46F23F07C4F20207BB42AE
:10CF100023DD46F24007C4F20207BB423FD046F28F
:10CF20007007C4F20207BB423BD046F288071CE000
:10CF300046F22747C4F20207BB421DDD46F22847EE
:10CF4000C4F20207BB4214D046F24047C4F20207C3
:10CF5000BB4224D0834224D01AE046F21007C4F228
:10CF60000207BB421DD046F22807C4F20207BB42AB
:10CF70000ED14FF4807614E046F2A007C4F2020707
:10CF8000BB420CD046F21047C4F20207BB4208D0A5
:10CF90004FF08076634508BF4FF4802601E04FF4E0
:10CFA000802632438B424FF0010114DC46F23F00F1
:10CFB000C4F20200834221DD46F24000C4F20200C6
:10CFC00083423CD046F27000C4F20200834238D063
:10CFD00046F288001AE046F22747C4F20207BB4235
:10CFE0001ADD46F22847C4F20207BB4212D046F2CD
:10CFF0004047C4F20207BB4218D120E046F21000BD
:10D00000C4F2020083421CD046F22800C4F202009F
:10D0100083420DD1402114E046F2A000C4F2020088
:10D0200083420CD046F21040C4F20200834208D082
:10D030004FF48001634508BF4FF4803101E04FF4A5
:10D04000803141EA02004CF8940CF0BD01203C21F3
:10D050000FE101213C2009E201203C2104E30121F0
:10D060003C20FCE34FF480114FF40014214336E0E0
:10D070004FF480104FF40011084321E14FF4801168
:10D080004FF40015294319E24FF480104FF40011BA
:10D09000084310E34FF08061634508BF4FF48011EF
:10D0A00046F20F44C4F2020401F10061A3424FF0C2
:10D0B000080408DC46F21005C4F20205AB4241D078
:10D0C00046F2700507E046F21045C4F20205AB4295
:10D0D00038D046F27045C4F20205AB4232D08342EA
:10D0E0004FF400740ADD734517DC46F2A005C4F264
:10D0F0000205AB4224D046F2284516E046F2280548
:10D10000C4F20205AB421DD046F24005C4F202054E
:10D11000AB4215D046F2880507E046F24045C4F21E
:10D120000205AB420CD046F28845C4F20205AB4280
:10D1300008D04FF00074634508BF4FF4002401E0AD
:10D140004FF40024214383424FF0040410DD734563
:10D1500023DC46F2A005C4F20205AB422CD046F215
:10D160001045C4F20205AB4238D046F228442EE006
:10D1700046F23F05C4F20205AB4220DD46F240050F
:10D18000C4F20205AB4217D046F27005C4F20205A4
:10D19000AB4223D046F2880419E046F24045C4F27F
:10D1A0000205AB4208D046F27045C4F20205AB421C
:10D1B00014D046F288440AE04FF480240EE046F290
:10D1C0001005C4F20205AB4208D046F22804C4F2AE
:10D1D0000204A34240F062834FF4807421438342EF
:10D1E0004FF0010010DD734523DC46F2A006C4F2C7
:10D1F0000206B3422CD046F21046C4F20206B342F5
:10D2000037D046F228402EE046F23F06C4F202062E
:10D21000B34220DD46F24006C4F20206B34217D004
:10D2200046F27006C4F20206B34222D046F28800EB
:10D2300019E046F24046C4F20206B34208D046F274
:10D240007046C4F20206B34213D046F288400AE0A8
:10D250004FF480300DE046F21006C4F20206B342ED
:10D2600007D046F22800C4F20200834240F01D833A
:10D27000402008433860FFF721BB4FF04060634512
:10D2800008BF4FF0016046F20F41C4F202018B4229
:10D290004FF0080108DC46F21006C4F20206B34261
:10D2A00045D046F2700607E046F21046C4F2020688
:10D2B000B3423CD046F27046C4F20206B34236D0C6
:10D2C00093424FF400710EDD46F23F46C4F202066F
:10D2D000B34217DC46F2A006C4F20206B34224D0E1
:10D2E00046F2284616E046F22806C4F20206B34289
:10D2F0001DD046F24006C4F20206B34215D046F2F3
:10D30000880607E046F24046C4F20206B3420CD05B
:10D3100046F28846C4F20206B34208D04FF00071CC
:10D32000634508BF4FF4002101E04FF4002108439A
:10D3300093424FF0040114DD46F23F46C4F2020668
:10D34000B34223DC46F2A006C4F20206B3422CD05C
:10D3500046F21046C4F20206B34238D046F22841E3
:10D360002EE046F23F06C4F20206B34220DD46F24A
:10D370004006C4F20206B34217D046F27006C4F269
:10D380000206B34223D046F2880119E046F2404635
:10D39000C4F20206B34208D046F27046C4F2020656
:10D3A000B34214D046F288410AE04FF480210EE0E7
:10D3B00046F21006C4F20206B34208D046F2280133
:10D3C000C4F202018B4240F077824FF4807108432F
:10D3D00093424FF0010114DD46F23F42C4F20202D3
:10D3E000934223DC46F2A002C4F2020293422CD004
:10D3F00046F21042C4F20202934237D046F228416C
:10D400002EE046F23F02C4F20202934220DD46F2D1
:10D410004002C4F20202934217D046F27002C4F2F4
:10D420000202934222D046F2880119E046F24042BD
:10D43000C4F20202934208D046F27042C4F20202E1
:10D44000934213D046F288410AE04FF480310DE058
:10D4500046F21002C4F20202934207D046F22801BB
:10D46000C4F202018B4240F02E8240210843386012
:10D47000F0BD4FF08061634508BF4FF4801146F264
:10D480000F46C4F2020601F10061B3424FF00804F6
:10D4900008DC46F21006C4F20206B34245D046F25A
:10D4A000700607E046F21046C4F20206B3423CD0D2
:10D4B00046F27046C4F20206B34236D083424FF4BD
:10D4C00000740EDD46F23F46C4F20206B34217DC9A
:10D4D00046F2A006C4F20206B34224D046F2284621
:10D4E00016E046F22806C4F20206B3421DD046F208
:10D4F0004006C4F20206B34215D046F2880607E0A1
:10D5000046F24046C4F20206B3420CD046F28846C8
:10D51000C4F20206B34208D04FF00074634508BF5E
:10D520004FF4002401E04FF40024214383424FF0E4
:10D53000040514DD46F23F46C4F20206B34223DC82
:10D5400046F2A006C4F20206B3422CD046F21046C0
:10D55000C4F20206B34238D046F228462EE046F224
:10D560003F06C4F20206B34220DD46F24006C4F292
:10D570000206B34217D046F27006C4F20206B34266
:10D5800023D046F2880619E046F24046C4F202066D
:10D59000B34208D046F27046C4F20206B34214D039
:10D5A00046F288460AE04FF480250EE046F2100667
:10D5B000C4F20206B34208D046F22806C4F20206BC
:10D5C000B34240F04F814FF48075294383424FF0BE
:10D5D000010014DD46F23F46C4F20206B34223DCEA
:10D5E00046F2A006C4F20206B3422CD046F2104620
:10D5F000C4F20206B34237D046F228402EE046F28B
:10D600003F06C4F20206B34220DD46F24006C4F2F1
:10D610000206B34217D046F27006C4F20206B342C5
:10D6200022D046F2880019E046F24046C4F20206D3
:10D63000B34208D046F27046C4F20206B34213D099
:10D6400046F288400AE04FF480300DE046F21006C2
:10D65000C4F20206B34207D046F22800C4F2020028
:10D66000834240F00681402008437860FFF726B9E6
:10D670004FF04060634508BF4FF0016046F20F4134
:10D68000C4F202018B424FF0080108DC46F210069A
:10D69000C4F20206B34245D046F2700607E046F2F5
:10D6A0001046C4F20206B3423CD046F27046C4F2C1
:10D6B0000206B34236D093424FF400710EDD46F2BB
:10D6C0003F46C4F20206B34217DC46F2A006C4F29B
:10D6D0000206B34224D046F2284616E046F2280657
:10D6E000C4F20206B3421DD046F24006C4F202065E
:10D6F000B34215D046F2880607E046F24046C4F22F
:10D700000206B3420CD046F28846C4F20206B34287
:10D7100008D04FF00071634508BF4FF4002101E0CD
:10D720004FF40021084393424FF0040114DD46F208
:10D730003F46C4F20206B34223DC46F2A006C4F21E
:10D740000206B3422CD046F21046C4F20206B3429F
:10D7500037D046F228412EE046F23F06C4F20206D8
:10D76000B34220DD46F24006C4F20206B34217D0AF
:10D7700046F27006C4F20206B34222D046F2880195
:10D7800019E046F24046C4F20206B34208D046F21F
:10D790007046C4F20206B34213D046F288410AE052
:10D7A0004FF480210DE046F21006C4F20206B342A7
:10D7B00007D046F22801C4F202018B4260D14FF437
:10D7C0008071084393424FF0010114DD46F23F425D
:10D7D000C4F20202934223DC46F2A002C4F2020227
:10D7E00093422CD046F21042C4F20202934236D049
:10D7F00046F228412EE046F23F02C4F20202934272
:10D8000020DD46F24002C4F20202934217D046F2F3
:10D810007002C4F20202934221D046F2880119E05C
:10D8200046F24042C4F20202934208D046F27042ED
:10D83000C4F20202934212D046F288410AE04FF449
:10D8400080310CE046F21002C4F20202934206D08C
:10D8500046F22801C4F202018B4218D1402108434C
:10D860007860F0BD4FF08075634508BF4FF48025A8
:10D87000ABE64FF48000634508BF4FF48030F3E619
:10D880004FF08071634508BF4FF4802199E74FF452
:10D890008001634508BF4FF48031E0E74FF08074AA
:10D8A000634508BF4FF4802498E44FF4800063453B
:10D8B00008BF4FF48030DCE44FF08071634508BF4F
:10D8C0004FF4802183E54FF48001634508BF4FF496
:10D8D0008031CBE590ED000A10EE101A21F00041E6
:10D8E000B1F1FF4F80F2E88090ED011A11EE101AAD
:10D8F00021F00041B1F1FF4F80F2DE80816821F01C
:10D900000041B1F1FF4F80F2D780C16821F00041A2
:10D91000B1F1FF4F80F2D080016921F00041B1F1F7
:10D92000FF4F80F2C980416921F00041B1F1FF4F02
:10D9300080F2C280816921F00041B1F1FF4F80F295
:10D94000BB80C16921F00041B1F1FF4F80F2B4808A
:10D95000016A21F00041B1F1FF4F80F2AD8090EDFE
:10D96000022A21EE013A20EE004A34EE033A22EE7A
:10D97000024A34EE034AB7EE003A34EE435A9FEDC2
:10D980006E4AB0EEC55AB4EEC45AF1EE10FA00F386
:10D99000938090ED035A90ED046A90ED057A61EE64
:10D9A000060A60EE051A71EEA00A62EE071ADFEDB4
:10D9B000633A71EEA00A70EEE30AF0EEE00AF4EECC
:10D9C000C40AF1EE10FA77DCD0ED060AD0ED071AA2
:10D9D000D0ED082A61EE214A60EE205A75EEA44A85
:10D9E00062EE225A75EEA44A74EEE34AF0EEE44A7F
:10D9F000F4EEC44AF1EE10FA5EDC66EE014A65EE22
:10DA0000005A75EEA44A67EE025A75EEA44A74EE07
:10DA1000E34AF0EEE44AF4EEC44AF1EE10FA4BDCCD
:10DA200066EE064A65EE055A75EEA44A67EE075A99
:10DA300075EEA44A74EEC34AF0EEE44AF4EEC44A2A
:10DA4000F1EE10FA38DC66EE214A65EE205A75EEEA
:10DA5000A44A67EE225A75EEA44A74EEE34AF0EE49
:10DA6000E44AF4EEC44AF1EE10FA25DC61EE814A94
:10DA700060EE805A75EEA44A62EE825A75EEA44AB0
:10DA800074EEE34AF0EEE44AF4EEC44AF1EE10FA22
:10DA900012DC61EE864A60EE855A75EEA44A62EEAB
:10DAA000875A75EEA44A74EEE33AF0EEE33AF4EEE8
:10DAB000C43AF1EE10FA01DD0020704761EEA13AA0
:10DAC00060EEA04A74EEA33A62EEA24A74EEA33A64
:10DAD00073EEC33AF0EEE33AF4EEC43AF1EE10FA24
:10DAE0004FF00000C8BF704767EE213A66EE224A49
:10DAF00027EE207A65EE222A74EEE33A32EEC77AF8
:10DB000021EE071A20EE230A30EE410A26EE201AF3
:10DB100025EE215A35EE411A22EE011A31EE000AA5
:10DB200030EE430AB0EEC00AB4EEC40AF1EE10FAC9
:10DB300048BF0120704700BF6F12833A0000000009
:10DB40002DE9F0414BF6E434C2F20004201D4FF4FD
:10DB50009671E2F770FF9FED8E1A94ED090ABFEE01
:10DB6000002A94ED014A22EE013A94ED025AF7EEB2
:10DB7000000A33EE000A64EE201A31EE800A65EEE8
:10DB8000011A31EE800A84ED090A94ED0A0A62EE68
:10DB9000022A32EE800A24EE014A34EE000A31EE07
:10DBA000800AD4ED0B1A84ED0A0A33EE210A34EE12
:10DBB000000A25EE203A94ED036A33EE000A84ED64
:10DBC0000B0A94ED0C0A94ED057A26EE013A33EE39
:10DBD000000A20EEA04A34EE000A27EE014A34EE95
:10DBE000000A84ED0C0A94ED0D0A26EE025A35EE79
:10DBF000000A20EE815A35EE000A34EE000A94ED58
:10DC00000E4A84ED0D0A33EE040A35EE000A27EEC3
:10DC1000203A40F2000E33EE000ACBF6807E84ED0F
:10DC20000E0A94ED060AC4F820E094ED073A94ED4C
:10DC30000F5A012294ED084A20EE016A84F82C2143
:10DC40004FF4807236EE055A23EE207AA4F82E2186
:10DC5000022237EE055A24EE017A84F88C20002245
:10DC600037EE055AC4F27A424EF60A0304F19000E8
:10DC70004FF07E5C84ED0F5A94ED105AC4F21C13E1
:10DC800080E80C1041F26F214CF28F2020EE020A46
:10DC900000224DF20A73C3F68321C3F6F54030EE3D
:10DCA000050A23EE011AC4F24822C3F623434CF6B8
:10DCB000CD45C4E92B104FF07F50002104F1F80648
:10DCC00031EE000A94ED112AC3F64C55C4E929231C
:10DCD000C4F27011002243F2333386E823504DF230
:10DCE0009000C4F810C037EE000AC4F29632C3F6B2
:10DCF000B363C0F2030048F6E72104F58C7C84EDA1
:10DD0000100A36EE020AC4F8B450C4E94325C4F838
:10DD10001431C3F6F9414FF4FA5242F210734FF442
:10DD2000FA658CE82F001CA0C4F800E031EE000A70
:10DD300024EE201AC4F848E0D0E9051E31EE000AAE
:10DD4000D0E901C284ED110A9FED120A216604F1A7
:10DD50005401D0E90335D0E90767DFF83C802CC1D6
:10DD6000D0E90912C06A20EE000A84ED2E0A84ED83
:10DD7000330A84ED380A84ED3D0AC4E9138CC4E902
:10DD80001B71C4E91D20C4E919E6BDE8F08100BF9C
:10DD9000000000000AD7A33CB762FF3D4D848DBD53
:10DDA00000000000B762FFBD4D848DBD0000000083
:10DDB000B762FFBD4D848D3D00000000B762FF3D9E
:10DDC0004D848D3D000000002DE9F04F81B02DED18
:10DDD000088BD2B04BF6145AC2F2000A50464FF4E8
:10DDE0008871E2F728FE9FEDFC0B40F2011040F233
:10DDF000000BAAF80C0155EC106B0820C4F2303B64
:10DE0000C8F20000594632462B460EF0A7F90DF035
:10DE100005F907464FF00040594632462B460EF0B2
:10DE20009DF90DF0FBF83224C8F20004814620462B
:10DE3000594632462B460EF091F90DF0EFF8804628
:10DE4000C820C8F20000594632462B460EF086F92B
:10DE50000DF0E4F8CAF860000820C8F20000594646
:10DE600032462B46CAE91479CAE916980EF076F9BB
:10DE70000DF0D4F881464FF00040594632462B460B
:10DE80000EF06CF90DF0CAF80746204659463246A6
:10DE90002B460EF063F90DF0C1F80446C820C8F215
:10DEA0000000594632462B460EF058F90DF0B6F8F0
:10DEB00040F20508C8F20008CAF874004046594606
:10DEC00032462B46CAE91997CAE91B740EF046F987
:10DED0000DF0A4F881464FF00040594632462B46DB
:10DEE0000EF03CF90DF09AF807466420C8F20000E5
:10DEF000594632462B460EF031F90DF08FF80446A4
:10DF000040F29010C8F20000594632462B460EF0FF
:10DF100025F90DF083F8CAF888000220C8F2000045
:10DF2000594632462B46CAE91E97CAE920740EF0BC
:10DF300015F90DF073F840F23209C8F200090746EE
:10DF40004846594632462B460EF008F90DF066F861
:10DF500000EE100AB0EE001A81EE008A9FEDDA1A88
:10DF60004046594632462B4621EE009A0EF0F6F80E
:10DF70000DF054F804461420C8F200005946324609
:10DF80002B460EF0EBF80DF049F8CAF83C708AED1C
:10DF9000109A8AED118ACAE9124002F0D3FF90ED7F
:10DFA000240A90ED251A40F20A089FEDC82AC8F20B
:10DFB0000008074620EE010A4046594632462B46E5
:10DFC00080EE028A0EF0CAF80DF028F800EE100A72
:10DFD0009620C8F20000594632462B4620EE089A99
:10DFE0000EF0BCF80DF01AF800EE100AB2EE041AAA
:10DFF00081EE001A9FEDB62A484622EE000A5946E5
:10E0000032462B4620EE08AA21EE08BA0EF0A6F8FA
:10E010000DF004F80446C820C8F200005946324604
:10E020002B460EF09BF80CF0F9FFCAE903404FF0C5
:10E030000040594632462B468AED009A8AED01AAE5
:10E040008AED02BA0EF08AF80CF0E8FF97ED131A89
:10E0500097ED142A97ED174A00EE100A97ED163A3D
:10E06000B0EEC22AB0EEC11A30EE022A30EE010A3A
:10E07000B0EEC41A32EE011AB0EEC32A30EE020A34
:10E0800097ED1A2A97ED193AB0EEC22A31EE021A2C
:10E09000B0EEC32A30EE020A97ED1D2A97ED1C3A26
:10E0A000B0EEC22A31EE021AB0EEC32A30EE020AF6
:10E0B00021EE089A20EE088AB6EE000A4846594634
:10E0C00032462B4620EE09AA0EF048F80CF0A6FFC7
:10E0D0009FED801A00EE100A89EE00BA21EE000AC8
:10E0E0004046594632462B4620EE099A0EF036F845
:10E0F0000CF094FF0024C4F22004CAE9084048460A
:10E10000594632462B468AED05AA8AED069A8AEDD3
:10E1100007BA0EF023F80CF081FF9FED6F1A00EEA6
:10E12000100A88EE009A21EE000A4046594632460F
:10E130002B4620EE08AA0EF011F80CF06FFFCAE98A
:10E140000D406FF00040594632462B468AED0A8A50
:10E150008AED0BAA8AED0C9A0EF000F80CF05EFF27
:10E1600040F20108C8F20008CAF89C00404659462F
:10E1700032462B460DF0F2FF0CF050FFCAF8A0001B
:10E180004046594632462B460DF0E8FF0CF046FF5C
:10E19000CAF8A4006FF00040594632462B460DF0F5
:10E1A000DDFF0CF03BFFCAF8980040465946324666
:10E1B0002B460DF0D3FF0CF031FFCAF8AC006FF026
:10E1C0000040594632462B460DF0C8FF0CF026FFA2
:10E1D00000F006B800BF00BF000000800000304320
:10E1E000CAF8B0004046594632462B460DF0B6FFFD
:10E1F0000CF014FFCAF8B4006FF0004059463246E4
:10E200002B460DF0ABFF0CF009FFCAF8C8004046E2
:10E21000594632462B460DF0A1FF0CF0FFFECAF81E
:10E22000EC004046594632462B460DF097FF0CF065
:10E23000F5FECAF8F0006FF00040594632462B4612
:10E240000DF08CFF0CF0EAFECAF8F4006FF000400D
:10E25000594632462B460DF081FF0CF0DFFECAF81E
:10E2600008016FF00040594632462B460DF076FF0C
:10E270000CF0D4FECAF8DC006FF00040594632467C
:10E280002B460DF06BFF0CF0C9FECAF8E0006FF0F2
:10E290000040594632462B460DF060FF0CF0BEFEA2
:10E2A000CAF8E4006FF00040594632462B460DF0A4
:10E2B00055FF0CF0B3FECAF8D80052B0BDEC088B85
:10E2C00001B0BDE8F08F00BF0AD7233C0000FA443C
:10E2D0000AD7A33C6F12033B0AD7A33B2DE9F043B7
:10E2E00089B048F69045C2F200052A78012A46D145
:10E2F0004CF28821C2F2000109684CF2E822C2F215
:10E3000000020968126812681143C90740F00981C8
:10E310004CF62827C2F2000739688968090600F11F
:10E3200000810024C4F20204064604F58060012145
:10E330000122E6F765FA204610210122E6F760FA8D
:10E34000002401943868C1680191806801900198A7
:10E35000FDF7DEFE48F6D440C2F2000090F87810D7
:10E36000012902D1C1690131C16180F8784048F6C4
:10E37000B840C2F200002C70047030466AE048F6E3
:10E38000B846C2F200063278012A63D14CF28822E4
:10E39000C2F2000212684CF2E823C2F200031268D3
:10E3A0001B681B681A43D20740F0BB804CF628223A
:10E3B000C2F2000212689268120600F1B2800024D4
:10E3C000C4F20204884604F58061814608460121B2
:10E3D0000122E6F715FA204610210122E6F710FA8D
:10E3E00048F6D442C2F2000292F878104846012959
:10E3F0002BD1D2E91613D2E91947CDE9011303A9AC
:10E4000091C192F87910002382F8783011B102F1AD
:10E41000180417E048F6BC43C2F200039C68D3E935
:10E420000073CDE9073448F6B443C2F200031B6819
:10E4300002F1200406972BB1414601A898470146F6
:10E44000484611B92168013121602978002200294C
:10E45000327066D14CF28827C2F2000739684CF25C
:10E46000E826C2F200060968326812681143C9073B
:10E4700057D14CF62821C2F20001096889680906C3
:10E480004FD448F6D44248F69449C2F20002C2F290
:10E490000009014610464A4600F046F8002840D0E0
:10E4A00099F8000048F6C845C2F200054FF0FF3168
:10E4B000A960C5F80510C5F8011020B1012805D1E3
:10E4C0000B24922004E00824822001E00424A220EE
:10E4D00040F20008C4F202082870FDF719FE306807
:10E4E00048F6BC42C5603968C2F20002CA604460A6
:10E4F0004C6099F800000022002819BF4046102106
:10E5000008F580600121E6F77BF9BFF35F8F38687B
:10E51000016841F0010101603068016841F00101CA
:10E52000016009B0BDE8F08390F87830002B1CBF83
:10E53000002070472DE9F04186461EF8543F5EF8F2
:10E54000408C012BAEF1300C0ED1DCF800300025F0
:10E55000CB1AB3F57A7F01D2002308E008F1010855
:10E5600080F85450C0F814804FF0FF33012590F824
:10E570005560012E19D1066B40F2E2448F1BA74271
:10E5800002D24DB1012310E0002408F1010880F807
:10E590005540C0F8148008E003EB43045CF82440C5
:10E5A000341BB4F1FF3FD8BF012390F85640012C33
:10E5B0001AD1C56B41F60B264C1BB4420BD2002B73
:10E5C00011D403EB43045CF824402C1BB4F1FF3F4F
:10E5D000D8BF022308E0002408F1010880F8564063
:10E5E000C0F8148000E0022390F85740012C17D1A6
:10E5F000856C41F60B264C1BB4420BD2002B42D447
:10E6000003EB43045CF824402C1BB4F1FF3FD8BF5C
:10E61000032307E0002480F8574008F10104446117
:10E62000002B2DD40024C0E91844C0E91A44C0E9E5
:10E630001C4403EB43055CF82560C0E9164480F8F0
:10E6400058300CEB8507C665D7E901768166C0E9CD
:10E6500018760EF80340012100F15807A0F8781051
:10E660008ACFC56ED0E919645561C2E9036482E8B6
:10E670008A00D0E91C310120C2E90631BDE8F081F1
:10E680000020BDE8F0810323CCE700002DE9F04F26
:10E6900097B0834641F264205BF800400026002CCE
:10E6A000059118BF002A03D1304617B0BDE8F08F9E
:10E6B0000BEB00080BF5B27004900BF10400029014
:10E6C00006A8103001900392DBF868010599081A3A
:10E6D000EAD4DBF80010D1F820118842E4D3049981
:10E6E00006A84422E2F74BF9022C35D304245D46F8
:10E6F00005F5D47A05F5B27051464422E2F73FF9A8
:10E70000D8F80000A11E814227D205F5F6795046BF
:10E7100049464422E2F733F9D8F80000611E8142ED
:10E720001BD205F50C77484639464422E2F727F913
:10E73000D8F80000844210D205F51D7138464422F5
:10E74000E2F71DF9D8F80000611C043405F588755E
:10E750008142CDD301E000BF01209BF81A1101389E
:10E76000C8F8000031B10798DBF8FC10401AB0F18E
:10E77000FF3F0EDD9DF81800042821D8DFE800F0E7
:10E7800003150F201B00079ADDE90110FAF70CF8BA
:10E7900016E0D8F820000130C8F8200010E0079AF1
:10E7A000DDE90110FAF7ECF80AE0079ADDE901105B
:10E7B000FAF712FB04E0DDE90110F8F749FB00BFAE
:10E7C000D8F800400136002C3FF46EAF039A964211
:10E7D000FFF47AAF68E700002DE9F04381B00F78CD
:10E7E0008146042F4FF000005FD8032F5DD00C4608
:10E7F000D1E9010141F26422081AB0F1FF3F09EBAF
:10E8000002081DDD41F27C2009EB0002D15DE068C9
:10E81000012909EB870105D141F26823CB58C31ABE
:10E82000002B2DDDD8F800500123D35541F268228A
:10E83000885055B3402D07D108F1280800202FE05B
:10E8400008F1200800202BE005EB051009EB800003
:10E8500000F5B27007E000BF31464422013DE2F707
:10E860008EF8304685B1616850F8402CA0F144061E
:10E870008B1AF1D4914208D131788F42ECD304E065
:10E8800008F1240800200BE0002505EB051009EB3A
:10E89000800000F5B27021464422E2F770F80120B2
:10E8A000D8F800100131C8F8001001B0BDE8F083BD
:10E8B00070B541F284250446461940F8041BFDF763
:10E8C00083FA41F26420002221182250204662512E
:10E8D000C6E90122C1E90122C1E90322C1E90522F9
:10E8E0000A7770BD0000000070B52DED108B88B068
:10E8F0000C46097B1646B0EE609AB0EE408A0129BC
:10E90000054606D194ED010A38EE400A80EE090A68
:10E910000EE09FED610B002153EC102BC4F230315F
:10E920004FF000400DF01AFC0CF078FB00EE100ADE
:10E930009FED5B1A94ED022A31EE091A89EE011A55
:10E9400030EE420A94ED00AA21EE000A30EE02EA0F
:10E9500084ED02EABEB19FED500B002153EC102B69
:10E96000C4F230314FF0004028EE0ABA0DF0F6FB49
:10E970000CF054FB00EE100AB4EEC0BAF1EE10FA3F
:10E98000B0EE4ACA1FD595ED011A95ED030A21EEA6
:10E99000081A21EE091A31EE0A1AB1EE40CAB4EE95
:10E9A000CC1AF1EE10FA0CD4B4EEC01A0020F1EE3D
:10E9B00010FAC8BF0120002818BFB0EE401AB0EE10
:10E9C00041CA84ED00CA95ED000A95ED021A20EEC9
:10E9D00008DA95ED04BA3DEE0C0A21EE0EEA3EEEA1
:10E9E00000FAB4EECBFAF1EE10FA16DD9FED2A0B29
:10E9F000002153EC102BC4F230314FF000400DF0E9
:10EA0000ADFB0CF00BFB00EE100AB4EEC08AF1EE89
:10EA100010FA02DDB1EE4B9A1AE0B1EE4B9AB4EE69
:10EA2000C9FAF1EE10FA17D59FED1B0B002153EC3C
:10EA3000102BC4F230314FF000400DF08FFB0CF082
:10EA4000EDFA00EE100AB4EEC08AF1EE10FA03D52A
:10EA5000B0EE4ACA84ED00AA3DEE0C0A3EEE000A72
:10EA6000B4EEC90A0120F1EE10FA84ED018A207398
:10EA70000CD4B4EECB0A0020F1EE10FAC8BF01208E
:10EA8000002818BFB0EE4B0AB0EE409AB0EE490A2B
:10EA900008B0BDEC108B70BD00000080000030435A
:10EAA000CDCC4C3D00000000F0B583B09FED100BC5
:10EAB000002700210446051DC0E92077C0F88870B2
:10EAC00053EC102BC4F230314FF000400DF046FBF8
:10EAD0000CF0A4FA064628467821E1F7ACFFE66779
:10EAE00084F88E70A4F88C7003B0F0BD00BF00BF36
:10EAF00000000080000030432DE9F04F81B02DED83
:10EB00000E8BC8B0814640F20E60CDE93B00CDE9E6
:10EB10003D00CDE93F00CDE9410008684FF0000815
:10EB20009A4617460D46CDE94688CDE94488CDF88A
:10EB30000C8102F0D1FF002800F0C580F86C00F0D5
:10EB40001B011B2940F0BF809AF81160400702D4D6
:10EB5000002E40F0B880DDF880B1F86B44F62061FB
:10EB6000ABEB0000884200F2AE80386C4CF25031C2
:10EB7000ABEB0000884200F2A680786C44F620617E
:10EB8000ABEB0000884200F29E8097ED0A0A10EE7F
:10EB9000100A20F00040B0F1FF4F80F2948097ED12
:10EBA0000B1A11EE100A20F00040B0F1FF4F80F276
:10EBB0008A80386B20F00040B0F1FF4F80F28380F4
:10EBC000F86920F00040B0F1FF4F7CDA386A20F09D
:10EBD0000040B0F1FF4F76DA786A20F00040B0F1E3
:10EBE000FF4F70DA786B20F00040B0F1FF4F6ADA27
:10EBF0009FEDD52AB0EEC00AB4EEC20AF1EE10FACB
:10EC000061D8B0EEC10AB4EEC20AF1EE10FA5AD8D9
:10EC10009AED008A18EE100A20F00040B0F1FF4F84
:10EC200051DA9FEDCB0B002153EC104BC4F2303185
:10EC30004FF00040224607930DF090FA0CF0EEF9E9
:10EC400000EE100AB4EEC08AF1EE10FA3BD4642054
:10EC50000021079BC8F20000C4F2303122460DF0BB
:10EC60007DFA0CF0DBF900EE100AB4EEC08AF1EE8A
:10EC700010FA28DC9AED010A10EE100A20F000408C
:10EC8000B0F1FF4F1FDA9AED021A11EE100A20F0D0
:10EC90000040B0F1FF4F16DADAF80C0020F0004027
:10ECA000B0F1FF4F0FDA9FEDAC2AB0EEC00AB4EE20
:10ECB000C20AF1EE10FA06DCB0EEC10AB4EEC20AE6
:10ECC000F1EE10FA38DD9FEDA20B002153EC102B72
:10ECD000C4F230314FF000402E1DC5E92088C5F840
:10ECE00088800DF03BFA0CF099F907463046782100
:10ECF000E1F7A1FEEF6785F88E80A5F88C803BAF29
:10ED00000DF5847E8FCFDDE940659EE81050DDE98A
:10ED1000458A89E88F00C9E90565C9F81C4047980C
:10ED2000C9E908CEC9E90A8AC9F8300048B0BDEC83
:10ED30000E8B01B0BDE8F08F9AF81000C0B195F8C5
:10ED40008C00012852D1686F9FED850B0021ABEB41
:10ED5000000053EC102BC4F230310DF0FFF90CF031
:10ED60005DF99FED810A01EE100A21EE00BA43E041
:10ED70000021079B0026C4F230314FF000402246AC
:10ED800005F10408C5E92066C5F888600DF0E6F9CC
:10ED90000CF044F9074640467821E1F74CFEEF6756
:10EDA00085F88E60A5F88C600AF114078FCFDAE938
:10EDB0000A65DAF830400DF1EC0C8CE88F00012088
:10EDC0004294CDE940658DF80C013BAF0DF5847E92
:10EDD0008FCFDDE940649EE82050DDE9458A89E86F
:10EDE0008F00C9E90564C9F81C5098E79FED5F0AD8
:10EDF000B7EE001A81EE00BA0021079BC4F2303151
:10EE00004FF0004022460DF0A9F90CF007F900EE92
:10EE1000100AB4EEC0BAF1EE10FA06D99FED540A0A
:10EE2000B4EEC0BAF1EE10FA1CDD0021079B0026FB
:10EE3000C4F230314FF00040224605F10408C5E924
:10EE40002066C5F888600DF089F90CF0E7F80746F0
:10EE500040467821E1F7EFFDEF6785F88E60A5F871
:10EE60008C604CE7012085F88C0095ED1F0A95F821
:10EE70008E0030EE0B8A8642C5F874B085ED1F8A8D
:10EE800004D1A96F002940F0C8801CE00021079B35
:10EE90000026C4F230314FF00040224685F8406031
:10EEA000C5E90D66EE63C5E91966EE6685F8706022
:10EEB0000DF054F90CF0B2F89AF81110C5F888006A
:10EEC00085F88E10AE679AED010A97ED0A1A286848
:10EED00095F88D2005F1140130EE410A143002F04E
:10EEE0000102F0EE480AFFF7FFFC9AED021A97EDD7
:10EEF0000B2A286895F88D20D5ED1F0AB0EE409AB0
:10EF000031EE420A283005F1240102F00102FFF738
:10EF1000EBFC9AF81100B0EE408A01282CD19AED52
:10EF2000030A97ED0C1A30EE410AF7F7EDFA28685C
:10EF3000D5ED1F0A95F88D203C3005F13401FFF71F
:10EF4000D3FCB0EE40AA19E0DB0F493F00BF00BF81
:10EF50000000008000003043960A063F00BF00BF5B
:10EF60000000000000003043BD3786350000164326
:10EF70000AD7A33C000000001FED02AA97ED0BDAB0
:10EF800097ED0ACAB0EE4D0A0BF09AFD20EE4A0A40
:10EF900030EE090A85ED200AB0EE4C0A0BF0B6F906
:10EFA000B0EE409AB0EE4C0A0BF08AFDB0EE40EAAB
:10EFB000B0EE4D0A0BF0AAF92EEE000A20EE0A0A76
:10EFC00029EE081A31EE000A85ED210AB0EE4C0A4E
:10EFD0000BF076FDB0EE409AB0EE4C0A0BF096F9CD
:10EFE000B0EE40CAB0EE4D0A0BF090F92CEE000ADC
:10EFF00020EE0A0A29EE481A0021079B31EE000A8A
:10F00000C4F230314FF00040224685ED220A0DF067
:10F01000A5F80CF003F8A96FE867481C4AF6AB2185
:10F02000CAF6AA21A0FB011222F0010101EB520154
:10F03000401A9AED000A97ED0D1AA867286895F80E
:10F040008D20291D30EE410AF0EE4B0A0191FFF7A9
:10F050004BFC05F18000B0EE408A8DED440A009033
:10F06000286895ED200A97ED071A95F88D2005F18F
:10F070004401503030EE410AF0EE4B0AFFF734FC09
:10F08000B0EE409A28688DED450A95ED210A97ED7E
:10F09000081A95F88D20643005F1540130EE410ACC
:10F0A000F0EE4B0AFFF720FC9AF81100B0EE40AAF0
:10F0B0008DED460A90B1286895ED220A97ED091A60
:10F0C00095F88D20783005F1640130EE410AF0EEBC
:10F0D0004B0AFFF709FCB0EE40BA0CE00021079B99
:10F0E000C4F230314FF0004022460DF037F80BF0FB
:10F0F00095FF0BEE100A286840F2000B03903BA826
:10F10000043002900020C4F2303B8DED47BA0690E7
:10F11000CDE9040019E00498B4EE4CDA0021304344
:10F12000F1EE10FA18BF01210843BDEECD0A029995
:10F13000069A049010EE100A885005980832203084
:10F1400080280590069200F09081069800210AEB35
:10F150000008D8F81400079B80F00040C4F230315A
:10F1600022460CF0FBFF0BF059FF0399059A01EEC4
:10F17000100A8F1897ED230A97ED242A20EE080A2B
:10F1800030EE010A22EE091A97ED252A31EE000A27
:10F1900022EE0A1A97ED262A31EE000A22EE0B1A09
:10F1A00031EE00CA1CEE100A20F00040B0F1FF4F13
:10F1B00080F2308140F20E600021079BC8F200000F
:10F1C000C4F2303122460CF0C9FF0BF027FF00EEED
:10F1D000100AB4EEC0CAF1EE10FA10DD3C20002196
:10F1E000079BC8F20000C4F2303122460CF0B6FF93
:10F1F0000BF014FF00EE100A3CEE00CA23E040F2D0
:10F200000E600021079BC8F20000C4F23031224694
:10F210000CF0A4FF0BF002FF00EE100AB4EEC0CA1F
:10F22000F1EE10FA0FD528200021079BC8F200004C
:10F23000C4F2303122460CF091FF0BF0EFFE00EEED
:10F24000100A3CEE40CA079E40F2E830C8F20000C7
:10F250005946224633460CF081FF0BF0DFFE0DEEDF
:10F26000100A40F2D070C8F20000594622463346D8
:10F270000CF074FF0BF0D2FEB4EECDCAF1EE10FA32
:10F280000FD400EE100AB4EEC0CAF1EE10FA4FF03F
:10F290000000B0EE4CDAC8BF0120002818BFB0EE65
:10F2A00040DAB4EE4CDA0026F1EE10FA18BF01266F
:10F2B000BDEECD0AD8F81810069B10EE100A3BAA36
:10F2C000D05081F000400021079BC4F2303122462B
:10F2D0000CF044FF0BF0A2FE97ED270A97ED282AC9
:10F2E00020EE080A01EE100A30EE010A22EE091A99
:10F2F00097ED292A31EE000A22EE0A1A97ED2A2A02
:10F3000031EE000A22EE0B1A31EE00CA1CEE100A92
:10F3100020F00040B0F1FF4F7CDA40F20E60002197
:10F32000079BC8F20000C4F2303122460CF016FFF1
:10F330000BF074FE00EE100AB4EEC0CAF1EE10FA43
:10F3400010DD3C200021079BC8F20000C4F23031E0
:10F3500022460CF003FF0BF061FE00EE100A3CEEBB
:10F3600000CA23E040F20E600021079BC8F20000B3
:10F37000C4F2303122460CF0F1FE0BF04FFE00EEED
:10F38000100AB4EEC0CAF1EE10FA0FD52820002101
:10F39000079BC8F20000C4F2303122460CF0DEFEBA
:10F3A0000BF03CFE00EE100A3CEE40CA40F20008B2
:10F3B000079F40F2E830C4F23038C8F200004146FE
:10F3C00022463B460CF0CAFE0BF028FE0DEE100A5A
:10F3D00040F2D070C8F20000414622463B460CF095
:10F3E000BDFE0BF01BFEB4EECDCAF1EE10FA3FF5F8
:10F3F00092AE00EE100AB4EEC0CAF1EE10FA4FF071
:10F400000000B0EE4CDAC8BF0120002818BFB0EEF3
:10F4100040DA80E6009800270021079BC0E90077CA
:10F420008760C4F230314FF0004022460CF096FE67
:10F430000BF0F4FD064601987821E1F7FCFA40F262
:10F440000E60EE6785F88E70A5F88C70C9E90877B4
:10F45000C9E90A77C9F83070C9E90000C9E90200B2
:10F46000C9E90400C9E9060060E404980DF1EC0B59
:10F470008DF80D0185F88D0001208DF80C019BE8B9
:10F480008F000BF11C0EDBE905659EE810500BF1B7
:10F49000280B9BE8000D89E88F0009F11C0080E82B
:10F4A000105009F12800C9E9056580E8000D3DE428
:10F4B0002DE9F04F81B0EFF31088EFF3108072B6B2
:10F4C0004CF28820C2F20000016846F29F0946F221
:10F4D000A04CC4F2020946F23F4EC4F2020C0824CA
:10F4E0004945C4F2020E10DD714523DC46F2A0004E
:10F4F000C4F2020081422CD046F21040C4F2020055
:10F50000814238D046F228402EE046F23F00C4F255
:10F510000200814220DD46F24000C4F20200814236
:10F5200017D046F27000C4F20200814223D046F2A6
:10F53000880019E046F24040C4F20200814208D03F
:10F5400046F27040C4F20200814214D046F2884074
:10F550000AE04FF400240EE046F21000C4F202006C
:10F56000814208D046F22800C4F20200814240F0F5
:10F57000E8814FF4007449454FF0040710DD7145F0
:10F5800023DC46F2A000C4F2020081422CD046F2F5
:10F590001040C4F20200814238D046F228402EE0EA
:10F5A00046F23F00C4F20200814220DD46F24000F4
:10F5B000C4F20200814217D046F27000C4F2020089
:10F5C000814223D046F2880019E046F24040C4F25E
:10F5D0000200814208D046F27040C4F2020081422B
:10F5E00014D046F288400AE04FF480270EE046F23D
:10F5F0001000C4F20200814208D046F22800C4F292
:10F600000200814240F0A4814FF4807749454FF0D9
:10F61000010610DD714523DC46F2A000C4F20200B1
:10F6200081422CD046F21040C4F20200814237D011
:10F6300046F228402EE046F23F00C4F2020081422A
:10F6400020DD46F24000C4F20200814217D046F2AB
:10F650007000C4F20200814222D046F2880019E014
:10F6600046F24040C4F20200814208D046F27040A7
:10F67000C4F20200814213D046F288400AE04FF4FF
:10F6800080360DE046F21000C4F20200814207D03D
:10F6900046F22800C4F20200814240F06081402618
:10F6A0004CF2E820C2F2000005684FF0080A4D4510
:10F6B00010DD754523DC46F2A000C4F2020085424D
:10F6C0002CD046F21040C4F20200854238D046F2F7
:10F6D00028402EE046F23F00C4F20200854220DDC1
:10F6E00046F24000C4F20200854217D046F2700094
:10F6F000C4F20200854223D046F2880019E046F2A7
:10F700004040C4F20200854208D046F27040C4F284
:10F710000200854214D046F288400AE04FF4002AE5
:10F720000EE046F21000C4F20200854208D046F214
:10F730002800C4F20200854240F018814FF4007A9C
:10F740004D454FF0040B10DD754523DC46F2A0005B
:10F75000C4F2020085422CD046F21040C4F20200EE
:10F76000854238D046F228402EE046F23F00C4F2EF
:10F770000200854220DD46F24000C4F202008542CC
:10F7800017D046F27000C4F20200854223D046F240
:10F79000880019E046F24040C4F20200854208D0D9
:10F7A00046F27040C4F20200854214D046F288400E
:10F7B0000AE04FF4802B0EE046F21000C4F2020083
:10F7C000854208D046F22800C4F20200854240F08B
:10F7D000D4804FF4807B27434D454FF0010410DD6A
:10F7E000754523DC46F2A000C4F2020085422CD00D
:10F7F00046F21040C4F20200854237D046F228405B
:10F800002EE046F23F00C4F20200854220DD46F2BF
:10F810004000C4F20200854217D046F27000C4F2E4
:10F820000200854222D046F2880019E046F24040AC
:10F83000C4F20200854208D046F27040C4F20200D1
:10F84000854213D046F288400AE04FF480340DE040
:10F8500046F21000C4F20200854207D046F22800AA
:10F86000C4F20200854240F08F80402447EA06033C
:10F87000ACF14806ACF19C02B142174610D846F2F2
:10F880005800C4F2020000F16007B94202D900F545
:10F890006A7705E0A0F15807814288BFA0F15407BC
:10F8A0003868184219D14BEA0A00B54240EA040010
:10F8B00010D846F25803C4F2020303F160029542E5
:10F8C00002D903F56A7205E0A3F158029D4288BF90
:10F8D000A3F154021268024219D048F69040C2F2D5
:10F8E000000001220270086820F00100086028680A
:10F8F00020F001002860FCF70BFCEBF713FA012164
:10F90000FEF7ECFC88F3108801B0BDE8F08FB1423F
:10F9100041D95CF89C0C49454FF0200262DD7145ED
:10F9200075DC46F2A003C4F2020399427ED046F28F
:10F930001043C4F20203994200F0CF8046F22842FD
:10F94000C4E04FF00074614508BF4FF4002412E694
:10F950004FF08077614508BF4FF4802756E64FF49B
:10F960008006614508BF4FF4803699E64FF0007A73
:10F97000654508BF4FF4002AE2E64FF0807B6545FD
:10F9800008BF4FF4802B26E74FF48004654508BF7D
:10F990004FF480346AE746F25807C4F2020707F1D1
:10F9A0006000814219D9D7F8A80349454FF02002D9
:10F9B0005ADD714500F3B28046F2A003C4F202039F
:10F9C000994200F0C98046F21043C4F20203994202
:10F9D00000F0D68046F22842CCE0B9422BD957F845
:10F9E000542C2AE046F23F03C4F20203994265DD3B
:10F9F00046F24003C4F20203994217D046F2700364
:10FA0000C4F20203994268D046F288025EE046F2F0
:10FA10004043C4F20203994208D046F27043C4F254
:10FA20000203994259D046F288424FE04FF4001247
:10FA3000024255D161E757F8582C49454FF0200351
:10FA400027DD714579DC46F2A006C4F20206B14218
:10FA500000F0858046F21046C4F20206B14200F082
:10FA6000A08046F2284396E046F23F03C4F2020328
:10FA7000994277DD46F24003C4F2020399426BD00B
:10FA800046F27003C4F20203994279D046F288022A
:10FA900070E046F23F06C4F20206B14273DD46F260
:10FAA0004006C4F20206B14259D046F27006C4F2D2
:10FAB0000206B14275D046F288036CE046F21003AC
:10FAC000C4F20203994208D046F22802C4F20202AC
:10FAD000914240F0A9804FF4006202423FF40DAF22
:10FAE00046F27040C4F2020081420AD046F28840D9
:10FAF000C4F20200814208D14FF400604CF8940C2B
:10FB0000D0E020204CF8940CCCE04FF00060614530
:10FB100008BF4FF400104CF8940CC3E046F2404389
:10FB2000C4F20203994217D046F27043C4F20203B2
:10FB3000994225D046F288421CE046F24046C4F283
:10FB40000206B1420BD046F27046C4F20206B14240
:10FB500027D046F288431EE04FF4001210E04FF425
:10FB600000131EE046F21003C4F20203994207D0CC
:10FB700046F22802C4F20202914276D14FF40062AA
:10FB8000024214D1B9E646F21006C4F20206B142AE
:10FB900007D046F22803C4F2020399426CD14FF415
:10FBA00000631A40002A3FF4A8AE814218D946F2F9
:10FBB0001040C4F20200814232D046F22840C4F222
:10FBC0000200814227D046F24040C4F20200814246
:10FBD0000CBF4FF400104FF000604CF8980C61E03F
:10FBE000B9422BD946F27000C4F20200814252D0D1
:10FBF00046F28800C4F20200814244D046F2A000DE
:10FC0000C4F2020081420CBF4FF400104FF00060BC
:10FC100047F84C0C46E04FF400604CF8980C41E07B
:10FC200020204CF8980C3DE04FF00062614508BF81
:10FC30004FF4001202427FF453AF5EE646F210002A
:10FC4000C4F2020081422AD046F22800C4F2020027
:10FC500081421DD046F24000C4F2020081420CBF36
:10FC60004FF400104FF000601AE04FF00062614561
:10FC700008BF4FF4001283E74FF00063614508BFEF
:10FC80004FF400138DE74FF4006047F84C0C09E087
:10FC90004FF4006004E0202047F84C0C02E02020E4
:10FCA00047F8500C48F6B840C2F20000012101703C
:10FCB00023E60000000000002DE9F04F81B02DED9B
:10FCC0000A8BA8B005463C984FF6FE77C0F2FF07B6
:10FCD0000026B842C5E90066AE6098BFBB4205D9B0
:10FCE00028B0BDEC0A8B01B0BDE8F08FCF1E17F134
:10FCF000020FF5D3002BF3D00028F1D05668A6F5FB
:10FD0000803717F5803FEBD9D2F808B00127CFF63E
:10FD1000FF77ABF58034BC42E2D3D2F80C90A9F562
:10FD20008034BC42DCD3D2F810C0ACF58034BC4285
:10FD3000D6D3D2F814A0AAF58034BC42D0D3D2F8DE
:10FD40001880A8F58032BA42CAD39FEDF50B002285
:10FD500054EC107BC4F23032CDE909350C911146D8
:10FD60003A462346CDF814C00CF0F8F90E91002164
:10FD700005465046C4F230313A462346BA460B9700
:10FD80000F940CF0EBF941EC100B8DED260B9DF868
:10FD90009F009FEDE50B80F080008DF89F00DDE96E
:10FDA000260153EC102BCDE900230BF029FF0E9B0D
:10FDB0002A460BF095FA0D460491002107460E9055
:10FDC0004046C4F23031524623460CF0C7F9024691
:10FDD0000B46384629460BF013FF9FEDD50B53EC2D
:10FDE000102B0BF0BDFB9FEDD40B024658EC104BD3
:10FDF0000B46204641460BF073FA9FEDD10B0027CE
:10FE0000C4F2303782460D4653EC102B4FF00040C1
:10FE100039460CF0A3F941EC1A0B5046294622460C
:10FE20004346CDF81CA00D950694CDF820800CF02B
:10FE300095F902460B460BF0E3FECDE90201304690
:10FE40003C4639460B9F0F9E3A4633460CF086F9E6
:10FE500005468846484621463A463346B9460CF0A0
:10FE60007DF90E9A049B9A460BF0CAFE0C9A012A61
:10FE700040F088809FEDB40B53EC102B0BF070FB1F
:10FE80009FEDB30B04460F4653EC102B284641461A
:10FE90000BF0B6FE22463B460BF022FA00260F9FDF
:10FEA000C4F2303641EC180B584631464A463B46C0
:10FEB0000CF054F9044605980D4631464A463B4637
:10FEC0000CF04CF90E9A5346D3460BF099FE9FED79
:10FED000A20B53EC102B0BF043FB9FEDA10B06463E
:10FEE0000F4653EC102B204629460BF089FE324674
:10FEF0003B460BF0F5F9DDF81CA041EC190B0D9910
:10FF0000069A089B50460CF08DFCB0FA80F0400930
:10FF100040F0FD809FED940B0E9C51EC100B22469F
:10FF20005B460BF06DFE22465B460BF069FE9FEDD3
:10FF3000900B53EC102B0BF013FB9FED8F0B029EDD
:10FF4000039D41EC1B0B51EC100B32462B460BF082
:10FF500057FE9FED8F0B53EC102B0BF001FB9FED29
:10FF6000880B41EC1C0B51EC100B32462B460BF06E
:10FF700047FE9FED850B53EC102B0BF0F1FA41EC93
:10FF80001A0B29E1DDE900230BF0EAFA9FEDDA0B09
:10FF900004460F4653EC102B284641460BF030FE2A
:10FFA00022463B460BF09CF900260F9CC4F23036EB
:10FFB00041EC180B584631464A4623464D460CF054
:10FFC000CDF883460598894631462A4623460CF0EB
:10FFD000C5F80E9A534654460BF012FE9FEDC80B1F
:10FFE00053EC102B0BF0BCFA9FEDC70B06460F46E7
:10FFF00053EC102B584649460BF002FE32463B4666
:020000040802F0
:100000000BF06EF9DDF81CA041EC190B0D99069A66
:10001000089B50460CF006FCB0FA80F0400940F016
:10002000BB809FEDC10B0E9F56EC105B28463146FE
:100030003A4623460BF0E4FD3A4623460BF0E0FD3A
:100040009FEDBB0B53EC102B0BF08AFA41EC1B0B12
:100050002846029D039C31462A4623460BF0D0FDDC
:100060009FEDAB0B53EC102B0BF07AFA9FEDB20B1C
:100070000D9E8046894641EC1C0B51EC100B2A4624
:1000800023460BF0BDFD9FEDAE0B53EC102B0BF098
:1000900067FA9FEDAD0B83460F4641EC1A0B53EC0C
:1000A000102B504631460CF0BDFBB0FA80F04009F1
:1000B00029D19FEDA70B504653EC102B31460BF086
:1000C0000FF902460B460BF09BFD9FEDA30B044678
:1000D0000D4651EC100B22462B460BF091FD42468B
:1000E0004B460BF0FDF89FED9E0B41EC1C0B51ECC9
:1000F000100B22462B460BF083FD5A463B460BF075
:10010000EFF841EC1A0B0998DDF82C9065E0B0EEA1
:100110004ABAB0EE4ACAF0EE6ABAF0EE6ACA5BE0DA
:1001200000000000000030430000000000007040AC
:1001300000000000000060410000000000409F40FF
:10014000000000800000304300000000000060401C
:10015000000000000000F0400000000000005040DF
:1001600000000000000000410000000000002640E8
:1001700000000000000020420000000000003F409E
:100180000000000000804F400000000000004040E0
:100190000000000000002040A9469FED5D0B0E9D71
:1001A00051EC100B2A4623460BF02AFD2A46234623
:1001B0000BF026FD9FED580B53EC102B0BF0D0F9F4
:1001C0009FED570B41EC1B0BDDE9020153EC102BAB
:1001D0000BF0C6F941EC1C0B099800210F9BC4F2EF
:1001E00030314A460BF0BAFF04460D4651EC180B6D
:1001F00053EC1A2B0BF0B2FF02460B462046294661
:100200000BF0FEFC9FED580B53EC102B0BF0A8F9F4
:1002100004460D4651EC190B53EC1C2B0BF09EFFC2
:1002200002460B46204629460BF098FF0C9A012AFD
:100230000AD19FED310B53EC102B0BF091F99FED90
:10024000538A41EC100B0FE09FED490B53EC102B40
:100250000BF086F99FED480B53EC102B0BF0D0FC04
:1002600041EC100B9FED488A51EC100B0AF0D6FEC2
:100270000A9D0D990446286053EC1B2B50460BF049
:100280006DFF9FED3F0B53EC102B0BF069F90AF05B
:10029000C5FE24F000422946B2F1FF4F686026DA1D
:1002A00020F00042B2F1FF4F00EE100A1FDA9FED7E
:1002B000382A01EE104AB4EEC21AF1EE10FA16DB3B
:1002C000B4EEC81AF1EE10FA11D8BBEE041AB4EE6F
:1002D000C10AF1EE10FA4FF0000009DB9FED2D1A74
:1002E000B4EEC10AF1EE10FA98BF012000E0002040
:1002F0000872F5E400BF00BF000000000000E0400D
:100300000000000000006040000000000000F0401D
:10031000000000000000004000000000000040421B
:100320000000000000003040000000000000084015
:100330000000000000000042000000000000144027
:10034000000000000000204000000000007097C086
:1003500000000000007097400000000000001C40FA
:1003600000000000000010400000000000004041BC
:10037000000000000000C040000000000000244019
:100380000000000000005940001B374A005043485D
:1003900000007A440000AA42D0F84CC00CF01B03C5
:1003A0001B2B5AD112B11CF0040256D0C26B44F67A
:1003B00020638A1A9A4250D8026C4CF250338A1A3F
:1003C0009A424AD8426C891A44F62062914244D833
:1003D00090ED0A1A11EE101A21F00041B1F1FF4F11
:1003E0003BDA90ED0B0A10EE101A21F00041B1F14A
:1003F000FF4F32DA016B21F00041B1F1FF4F2CDAEF
:10040000C16921F00041B1F1FF4F26DA016A21F004
:100410000041B1F1FF4F20DA416A21F00041B1F112
:10042000FF4F1ADA406B20F00040B0F1FF4F14DAB2
:100430009FED0B2AB0EEC11AB4EEC21AF1EE10FA1B
:100440004FF0000088BF7047B0EEC00AB4EEC20A99
:10045000F1EE10FA98BF012070470020704700BFEE
:10046000DB0F493FF0B581B04CF6747604460025A9
:10047000C0F6020671592046E0F706FB90B304353A
:10048000582DF7D10FF2CC5120460422E0F7E7F9BE
:1004900050B30FF2C85120460422E0F7E0F9A0B3B0
:1004A0000FF2C05120460422E0F7D9F9002800F0ED
:1004B000AE802078482840F0B08160783A2840F03B
:1004C000AC81234613F8020F2D2802D02B2840F0D0
:1004D0009E812D3814F8032FB0FA80F041091046A0
:1004E000234695E1012199E1224612F8043F2D2B84
:1004F00002D02B2B40F09B80A3F12D0014F8053F78
:10050000B0FA80F04109224692E048F2A060C0F2C1
:100510000100043400216FF47A7C002325782D2D0E
:1005200001D02B2D08D1A5F12D0714F8012FB7FA12
:1005300087F74FEA571E02E04FF0000E2A46A2F15D
:100540003A0515F10A0FC0F069810025854200F3D4
:10055000658105EB850502EB45056278303DA2F12A
:100560003006092E2CD8854200F3588105EB85050D
:1005700002EB4505A278303DA2F13006092E21D8C4
:10058000854200F34B81E77805EB850502EB4502D8
:10059000A7F13005092DA2F1300516D8854200F3E8
:1005A0003D8114F8042F05EB850507EB4505A2F105
:1005B00030060A2EA5F13005C8D32646013C07E0D7
:1005C000661C05E0A61C013402E0E61C02343A4633
:1005D000BEF1000F18BF6D42A5F2D1776745C0F09C
:1005E0001D81062B04D82C2A40F01881A61C02E09D
:1005F000002A40F01381062B03F101034FF00001A4
:1006000088BF0121082B34467FF488AF06E12346DA
:1006100013F8040F2D2801D02B284FD12D3814F8B2
:10062000052FB0FA80F041091046234647E000212B
:10063000A3F13A0010F10A0FC0F0EF8048F2A06079
:100640000025C0F20100854200F3E78005EB850735
:1006500003EB47075378A7F13005A3F13006092EC5
:100660007ED8854200F3D98005EB850703EB470769
:100670009378A7F13005A3F13006092E6CD8854296
:1006800000F3CB80D77805EB850603EB4603A7F193
:100690003006092EA3F1300560D8854200F3BD80F5
:1006A00012F8043F05EB850607EB4607A3F1300679
:1006B0000A2EA7F13005C6D3013A51E00021A0F17E
:1006C0003A0212F10A0FC0F0A88048F2A062C0F20C
:1006D00001029D1C0023934200F39F8003EB8303E0
:1006E00000EB430315F8010C303BA0F13007092F54
:1006F00027D8934200F3918003EB830300EB43037D
:100700002878303BA0F13007092F1AD8934200F324
:10071000848003EB830300EB43036878303BA0F154
:100720003007092F0DD8934277DC03EB830300EBEE
:100730004303A878303BA0F130070A2F05F10405E8
:10074000C9D3002918BF5B4203F1B4010022B1F5FF
:10075000B47F98BF0122A8E0013201E002323B469B
:10076000002918BF6D42A5F5FA71B1F5FA6F4FF087
:10077000000153D82C2B51D1134613F8024F2D2CC6
:1007800001D02B2C07D1A4F12D0112F8034FB1FA9F
:1007900081F149091346A4F13A0212F10A0F3CD340
:1007A0000022824239DC02EB820204EB42025C78D6
:1007B000303AA4F13007092F00F2818082422CDC0C
:1007C00002EB820204EB42029C78303AA4F130073B
:1007D000092F70D8824220DCDF7802EB820204EB22
:1007E0004202A7F13006092EA2F1300265D88242FA
:1007F00013DC13F8044F02EB820207EB4202A4F170
:1008000030070A2FA2F13002CBD3013B57E0002181
:10081000A0F13A0212F10A0F04D2002101F0010006
:1008200001B0F0BD48F2A062C0F201029D1C00239D
:100830009342F2DC03EB830300EB430315F8010C56
:10084000303BA0F13007092F25D89342E5DC03EBBC
:10085000830300EB43032878303BA0F13007092FD6
:1008600019D89342D9DC03EB830300EB4303687888
:10087000303BA0F13007092F0DD89342CDDC03EBBC
:10088000830300EB4303A878303BA0F130070A2F25
:1008900005F10405CCD3002902F101014FF000025B
:1008A00018BF5B428B4238BF0122B0FA80F040098A
:1008B00002EA0001B2E7013301E002333C460029BD
:1008C00018BF5242A2F5FA71B1F5FA6F4FF000016C
:1008D000A4D82C2CA2D11A4612F8024F2D2C01D0EC
:1008E0002B2C07D1A4F12D0113F8034FB1FA81F19C
:1008F00049091A46A4F13A0313F10A0FFFF48DAF28
:10090000002383423FF789AF03EB830304EB4303E8
:100910005478303BA4F13007092F2FD883423FF79A
:100920007CAF03EB830304EB43039478303BA4F1E7
:100930003007092F1ED883423FF76FAFD77803EBFC
:10094000830304EB4303A7F13006092EA3F1300320
:1009500012D883423FF761AF12F8044F03EB8303D1
:1009600007EB4303A4F130070A2FA3F13003C8D3E8
:10097000013A03E0013201E002323C46002918BF8F
:100980005B42A3F5FA71B1F5FA6F4FF000013FF643
:1009900045AF2C2C7FF442AF164616F8021F2D29C6
:1009A00001D02B2908D12D3912F8037FB1FA81F13A
:1009B0004B093946164600E00023A1F13A0212F134
:1009C0000A0FFFF42AAFB51C002282423FF725AF81
:1009D00002EB820201EB420215F8011C303AA1F150
:1009E0003007092F28D882423FF717AF02EB820267
:1009F00001EB42022978303AA1F13007092F1BD8C8
:100A000082423FF70AAF02EB820201EB42026978B1
:100A1000303AA1F13007092F0ED882423FF7FDAEE0
:100A200002EB820201EB4202A978303AA1F13007D1
:100A30000A2F05F10405C8D3002B18BF5242A2F5B6
:100A4000FA700022B0F5FA6F98BF0122B1FA81F076
:100A50002DE700BF4D4F543A000000005445533A73
:100A600000000000414E473A000000002DE9F04F21
:100A700081B02DED108B9CB0DDE936981C461746F1
:100A80001B911A9000F05EFA796CA8EB010244F613
:100A900021618A424FF0000238BF0122224018949F
:100AA000012A4FF00004199215D1FA6BFB6CA8EBE8
:100AB00002028A424FF0000138BF01219A0701EA81
:100AC000030109D53A6C4CF25133A8EB02029A4269
:100AD00038BF012400E00021D9F808206AB1D9F814
:100AE00000204CF25033A8EB02029A429ABF99F8C8
:100AF0002C2002F00F05002500E0002599ED031AD7
:100B0000DDF8E8A011EE102A90ED240A90ED252AD8
:100B100090ED42AAD0ED439A22F00042B2F1FF4F8D
:100B20000ADAD9F81C204CF25133A8EB02029A429F
:100B300028BF05F00E0501E005F00E059FEDE79AD0
:100B4000BAF1000F20EE020A18BF15F0010240F0C2
:100B5000658199ED041A11EE102A22F00042B2F1DB
:100B6000FF4F0ADAD9F820204CF25133A8EB0202E9
:100B70009A4228BF05F00D0501E005F00D059FED37
:100B8000E8BABAF1000F18BF15F0020240F0668112
:100B900099ED051A11EE102A22F00042B2F1FF4F32
:100BA0000ADAD9F824204CF25133A8EB02029A4217
:100BB00028BF05F00B0501E005F00B059FEDD8CA35
:100BC000BAF1000F18BF15F0040240F0678199EDEB
:100BD000061A11EE102A22F00042B2F1FF4F0ADA93
:100BE000D9F828204CF25133A8EB02029A4228BFD0
:100BF00005F0070501E005F007059FEDC9DABAF138
:100C0000000F18BF15F0080240F06A8100297BD060
:100C100097ED0A0A9FEDC38ADFEDC18A20EE080A2C
:100C200010EE100A20F00040B0F1FF4FB0EE681A4D
:100C300017DA9FEDBD1AB4EEC10AF1EE10FAB0EE6C
:100C4000681A0EDB9FEDB91A0020B4EEC10AF1EE6E
:100C500010FA9FEDB31A98BF0120002818BFB0EE1C
:100C6000401A11EE100A0BF07DFD97ED0B0AB0EE65
:100C7000681A20EE080A10EE102A22F00042B2F1A3
:100C8000FF4F17DA9FEDAA1AB4EEC10AF1EE10FA7F
:100C9000B0EE681A0EDB9FEDA71A0022B4EEC10A6F
:100CA000F1EE10FA9FED9E1A98BF0122002A18BF9C
:100CB000B0EE401A41EC1E0B11EE100A0BF052FD83
:100CC00097ED0C0A41EC1F0B20EE080A10EE100AFB
:100CD00020F00040B0F1FF4F24DA9FED931AB4EEFC
:100CE000C10AF1EE10FA1DDB9FED901A0020B4EE60
:100CF000C10AF1EE10FADFED8A8A98BF01200028C0
:100D000018BFF0EE408A0DE043F60040CCF21C60C4
:100D10000BF028FD41EC1F0BDFED818AB0EE4FEAAE
:100D2000F0EE6FEADDE93B98DDE9386B18EE900AEA
:100D30000BF018FD41EC180B9FED790AC4B197ED4B
:100D40000D1A11EE100A20F00040B0F1FF4F0FDA3B
:100D5000B4EECA1AF1EE10FA0ADBB4EEE91A00207A
:100D6000F1EE10FA98BF0120002818BFB0EE410A3A
:100D700010EE100A0BF0F6FC41EC1A0B19EE100AFB
:100D80000BF0F0FC41EC190B1BEE100A0BF0EAFC27
:100D900041EC1B0B1CEE100A0BF0E4FC41EC1C0BAD
:100DA0001DEE100A0BF0DEFC41EC100B199897F8C1
:100DB0005010002C08BF2146189B00EA0B00FA6C6B
:100DC000002B08BF1A46CDE91060DDE91A04CDE911
:100DD00016284DF25C32CDE91491C0F6020221468C
:100DE000CDE912A58DEC04EB8DED048B8DED06ABFA
:100DF0008DED089B8DED0ABB8DED0CCB8DED0E0BB3
:100E0000DFF748FB0021A04238BF20EAE071084626
:100E10001CB0BDEC108B01B0BDE8F08F90ED1F2A27
:100E200031EE421A81EE001A11EE102A22F0004231
:100E3000B2F1FF4FBFF68DAEB4EECA1AF1EE10FA62
:100E4000FFF687AEB4EEE91A0022F1EE10FA98BF71
:100E50000122002A18BFB0EE419A7AE690ED202ACE
:100E600031EE421A81EE001A11EE102A22F00042F1
:100E7000B2F1FF4FBFF68CAEB4EECA1AF1EE10FA23
:100E8000FFF686AEB4EEE91A0022F1EE10FA98BF32
:100E90000122002A18BFB0EE41BA79E690ED212A6E
:100EA00031EE421A81EE001A11EE102A22F00042B1
:100EB000B2F1FF4FBFF68BAEB4EECA1AF1EE10FAE4
:100EC000FFF685AEB4EEE91A0022F1EE10FA98BFF3
:100ED0000122002A18BFB0EE41CA78E6003C1CC6C9
:100EE00090ED222A31EE421A81EE000A10EE100A2D
:100EF00020F00040B0F1FF4FBFF688AEB4EECA0A52
:100F0000F1EE10FAFFF682AEB4EEE90A0020F1EE3F
:100F100010FA98BF0120002818BFB0EE40DA75E63D
:100F2000003C1CC6E12E65428F0234C38F0234435D
:100F30001F05B4C21F05B44248F6D440C2F20000F7
:100F40008068704780B542F2A440C2F20000007889
:100F5000BFF35F8FC00704D04BF6E430C2F200004D
:100F600080BD42F2A440C2F2000007F065FB0028F9
:100F7000F2D0FCF7E5FD42F2A440C2F2000007F017
:100F800071FBE9E710B548F6B441C2F20001086010
:100F900048F69040C2F200000021017048F6B840C7
:100FA0000024C2F20000C4F20204017004F5806063
:100FB00001210122E3F724FC204610210122E3F75E
:100FC0001FFCFBF7A5F84CF28820C2F20000006875
:100FD000016841F0160101604CF2E821C2F2000103
:100FE00009680A6842F006020A60426942F080021B
:100FF0004261486940F08000486110BD0000000077
:10100000F0B581B02DED0C8B92B0064600F02CFAB5
:10101000002800F0F18096F82C01012840F0EC80C7
:1010200096F82D0101284FF0000040F0E68096F878
:101030008C10002900F0E1809FED830B002754EC19
:10104000105BC4F230374FF0004039462A46234641
:101050000BF084F809F0E2FF96ED138A96ED149AEE
:1010600096ED161A96ED172A31EE48AA32EE49BAD5
:1010700096ED191A96ED1A2A31EE48CA32EE49DA7F
:101080002CEE0B1A2AEE0D2A32EE411A00EE100A4F
:10109000F0EEC10A09F0A8FA96ED1C1A96ED1D2A89
:1010A00031EE488A32EE499A28EE0B1A2AEE092AC6
:1010B00032EE411AF0EEC10A09F096FA28EE0D1A46
:1010C0002CEE092A32EE411AF0EEC10A09F08CFA30
:1010D00043F6800096ED1F9AC8F2010039462A4671
:1010E0002346B0EE408A0BF039F809F097FF00EE86
:1010F000100AB4EEC09AF1EE10FA7DD44DF2C04061
:101100000021C8F20100C4F230312A4623460BF018
:1011100025F809F083FF00EE100AB4EEC09AF1EE54
:1011200010FA69DC43F68000002196ED209AC8F29F
:101130000100C4F230312A4623460BF00FF809F0C3
:101140006DFF00EE100AB4EEC09AF1EE10FA53D41F
:101150004DF2C0400021C8F20100C4F230312A46ED
:1011600023460AF0FBFF09F059FF00EE100AB4EE27
:10117000C09AF1EE10FA3FDC43F68000002196EDB4
:10118000219AC8F20100C4F230312A4623460AF0FF
:10119000E5FF09F043FF00EE100AB4EEC09AF1EE4D
:1011A00010FA29D44DF2C0400021C8F20100C4F267
:1011B00030312A4623460AF0D1FF09F02FFF00EE16
:1011C000100AB4EEC09AF1EE10FA15DC43F6800076
:1011D000002196ED229AC8F20100C4F230312A466D
:1011E00023460AF0BBFF09F019FF00EE100AB4EE27
:1011F000C09AF1EE10FA05D5002012B0BDEC0C8BB0
:1012000001B0F0BD4DF2C0400021C8F20100C4F2AF
:1012100030312A4623460AF0A1FF09F0FFFE00EE16
:10122000100AB4EEC09AF1EE10FA4FF00000E4DCC0
:101230009FED070AB4EEC08AF1EE10FAC8BF012094
:10124000DBE700BF00BF00BF0000008000003043AC
:10125000ACC527370000000070B52DED028B90B0B3
:1012600090ED008A18EE101A21F00041B1F1FF4F05
:1012700080F2C3809FED7A0B064654EC105B43F678
:1012800080000021C8F20100C4F230312A46234612
:101290000AF064FF09F0C2FE00EE100AB4EEC08A44
:1012A000F1EE10FA00F1A9804DF2C0400021C8F221
:1012B0000100C4F230312A4623460AF04FFF09F0FC
:1012C000ADFE00EE100AB4EEC08AF1EE10FA00F3A3
:1012D000948096ED018A18EE100A20F00040B0F1DB
:1012E000FF4F80F28A8043F680000021C8F201009F
:1012F000C4F230312A4623460AF030FF09F08EFE50
:1013000000EE100AB4EEC08AF1EE10FA75D44DF278
:10131000C0400021C8F20100C4F230312A46234601
:101320000AF01CFF09F07AFE00EE100AB4EEC08A43
:10133000F1EE10FA61DC96ED028A18EE100A20F048
:101340000040B0F1FF4F58DA43F680000021C8F2A8
:101350000100C4F230312A4623460AF0FFFE09F0AC
:101360005DFE00EE100AB4EEC08AF1EE10FA44D42D
:101370004DF2C0400021C8F20100C4F230312A46CB
:1013800023460AF0EBFE09F049FE00EE100AB4EE27
:10139000C08AF1EE10FA30DC96ED038A18EE100ADE
:1013A00020F00040B0F1FF4F27DA43F68000002123
:1013B000C8F20100C4F230312A4623460AF0CEFEBC
:1013C00009F02CFE00EE100AB4EEC08AF1EE10FA1D
:1013D00013D44DF2C0400021C8F20100C4F23031F4
:1013E0002A4623460AF0BAFE09F018FE00EE100A5B
:1013F000B4EEC08AF1EE10FA04DD002010B0BDECAE
:10140000028B70BD42F2A440C2F200000078BFF32C
:101410005F8FC00712D030684BF6E431C2F2000192
:10142000C8677068C1F88000B068C1F88400F068CF
:10143000C1F88800012081F82D01DFE742F2A440C5
:10144000C2F2000007F0F8F80028E4D0FCF778FBBF
:1014500042F2A440C2F2000007F004F9DBE700BF4B
:10146000000000800000304370B52DED048BB4B057
:10147000044690F88C00022800F2E2822046FCF735
:1014800029FA002800F0DC8204F12400FCF722FA9B
:10149000002800F0D5829FED0E0B012055EC106B5B
:1014A000002194ED128AC8F20000C4F230313246B5
:1014B0002B460AF053FE09F0B1FD00EE100AB4EE1F
:1014C000408AF1EE10FA1AD006E000BF00BF00BF5C
:1014D00000000080000030430021C4F230316FF082
:1014E000004032462B460AF039FE09F097FD00EE27
:1014F000100AB4EE408AF1EE10FA40F0A182E06CDE
:1015000020F00040B0F1FF4F80F29A82206D20F071
:101510000040B0F1FF4F80F29382606D20F00040F8
:10152000B0F1FF4F80F28C82A06D20F00040B0F14E
:10153000FF4F80F28582E06D20F00040B0F1FF4F58
:1015400080F27E82206E20F00040B0F1FF4F80F2EA
:101550007782606E20F00040B0F1FF4F80F2708221
:10156000A06E20F00040B0F1FF4F80F26982E06E83
:1015700020F00040B0F1FF4F80F26282206F20F037
:101580000040B0F1FF4F80F25B82606F20F00040BE
:10159000B0F1FF4F80F25482A06F20F00040B0F114
:1015A000FF4F80F24D82E06F20F00040B0F1FF4F1E
:1015B00080F24682D4F8800020F00040B0F1FF4F66
:1015C00080F23E82D4F8840020F00040B0F1FF4F5A
:1015D00080F23682D4F8880020F00040B0F1FF4F4E
:1015E00080F22E8240F28430002194ED248AC8F2E9
:1015F0000000C4F2303132462B460AF0AFFD09F04C
:101600000DFD00EE100AB4EEC08AF1EE10FAC0F241
:10161000178240F214500021C8F20000C4F23031A9
:1016200032462B460AF09AFD09F0F8FC00EE100A4B
:10163000B4EEC08AF1EE10FA00F202820920002115
:1016400094ED258AC8F20000C4F2303132462B46B0
:101650000AF084FD09F0E2FC00EE100AB4EEC08A44
:10166000F1EE10FA40F3EC810B200021C8F20000EB
:10167000C4F2303132462B460AF070FD09F0CEFC40
:1016800000EE100AB4EEC08AF1EE10FA40F1D881F3
:10169000002194ED2A8AC4F230314FF000403246E6
:1016A0002B460AF05BFD09F0B9FC00EE100AB4EE1F
:1016B000C08AF1EE10FA40F3C38118EE100A20F050
:1016C0000040B0F1FF4F80F2BB81002194ED2B8AE6
:1016D000C4F230314FF0004032462B460AF03EFD56
:1016E00009F09CFC00EE100AB4EEC08AF1EE10FA8C
:1016F00040F3A68118EE100A20F00040B0F1FF4F31
:1017000080F29E81002194ED2C8AC4F230314FF09A
:10171000004032462B460AF021FD09F07FFC00EE26
:10172000100AB4EEC08AF1EE10FA40F3898118EE87
:10173000100A20F00040B0F1FF4F80F281810021BB
:1017400094ED2D8AC4F230314FF0004032462B46E2
:101750000AF004FD09F062FC00EE100AB4EEC08A43
:10176000F1EE10FA40F36C8118EE100A20F0004000
:10177000B0F1FF4F80F26481002194ED3E8AC4F203
:1017800030314FF0004032462B460AF0E7FC09F0BA
:1017900045FC00EE100AB4EEC08AF1EE10FA40F3F8
:1017A0004F8118EE100A20F00040B0F1FF4F80F298
:1017B0004781002194ED3F8AC4F230314FF0004060
:1017C00032462B460AF0CAFC09F028FC00EE100A4B
:1017D000B4EEC08AF1EE10FA40F3328118EE100A2E
:1017E00020F00040B0F1FF4F80F22A81002194EDFB
:1017F000408AC4F230314FF0004032462B460AF0A6
:10180000ADFC09F00BFC00EE100AB4EEC08AF1EE5C
:1018100010FA40F3158118EE100A20F00040B0F1E4
:10182000FF4F80F20D81002194ED418AC4F23031E6
:101830004FF0004032462B460AF090FC09F0EEFBD8
:1018400000EE100AB4EEC08AF1EE10FAC0F2F88091
:1018500018EE100A20F00040B0F1FF4F80F2F08047
:1018600094ED420A10EE100A20F00040B0F1FF4F54
:1018700080F2E68094ED431A11EE100A20F0004049
:10188000B0F1FF4F80F2DC80B4EEC10AF1EE10FA45
:1018900040F1D68094ED448A18EE100A20F0004002
:1018A000B0F1FF4F80F2CC800021C4F230314FF014
:1018B000004032462B460AF051FC09F0AFFB00EE27
:1018C000100AB4EEC08AF1EE10FAC0F2B980B7EE99
:1018D000000AB4EEC08AF1EE10FA00F2B180D4F83A
:1018E000180144F62061401A45F20031C0F20701A8
:1018F000884200F2A58094ED478A18EE100A20F085
:101900000040B0F1FF4F80F29B800021C4F23031E3
:101910004FF0004032462B460AF020FC09F07EFBD7
:1019200000EE100AB4EEC08AF1EE10FA40F388809F
:101930009FED460AB4EEC08AF1EE10FA00F2808004
:10194000002194ED459AC4F230314FF00040324608
:101950002B460AF003FC09F061FB00EE100AB4EE1E
:10196000C09AF1EE10FA6BDDB6EE008AB4EEC89ABA
:10197000F1EE10FA64D8D4F8200142F6F821A0F56F
:101980007A7088425CD8D4F8240144F25061A0F502
:10199000FA60884254D8D4F8280141F287310138DE
:1019A00088424DD894ED260A10EE100A20F000402F
:1019B000B0F1FF4F44DA94ED271A11EE100A20F02F
:1019C0000040B0F1FF4F3BDAD4F8A00020F0004017
:1019D000B0F1FF4F34DA94ED282A21EE011A20EEFF
:1019E000000A30EE010A22EE021A31EE000A09F076
:1019F0002FF9B4EEC80AF1EE10FA21DD002194EDC2
:101A0000298AC4F230314FF0004032462B460AF0AA
:101A1000A5FB09F003FB00EE100AB4EEC08AF1EE5C
:101A200010FA0DDD18EE100A20F00040B0F1FF4F63
:101A300006DA04F1B80024A90422F4F7B9FD00E0A5
:101A4000002034B0BDEC048B70BD00BFCDCCCC3DCC
:101A500080B542F2A840C2F200000078BFF35F8F69
:101A6000C00704D04BF61450C2F2000080BD42F211
:101A7000A840C2F2000006F0DFFD0028F2D0FCF71B
:101A8000A3F942F2A840C2F2000006F0EBFDE9E73C
:101A90002DE9F041EFF3108CEFF3108272B648F6A7
:101AA000D442C2F20002D2E9003102F1100898E8F3
:101AB000E001C0E9003100F11001D2E902E4E0C127
:101AC000116AC0E902E4C0E907818CF31088BDE81F
:101AD000F0810000000000002DE9F04F81B02DEDF5
:101AE000108BE8B090F80C11012940F0BD8290F8FD
:101AF0000D11012940F0B88290ED00CA1CEE101AB9
:101B000021F00041B1F1FF4F80F2AE8290ED01BAB9
:101B10001BEE101A21F00041B1F1FF4F80F2A482B8
:101B200090ED02AA1AEE101A21F00041B1F1FF4F18
:101B300080F29A8290ED039A19EE101A21F000417A
:101B4000B1F1FF4F80F2908290ED048A18EE101AE6
:101B500021F00041B1F1FF4F80F286829FED0C0B26
:101B6000002155EC104B0746C4F230314FF00040D5
:101B700022462B460AF0F2FA09F050FA00EE100A5B
:101B8000B4EEC0CAF1EE10FA40F36E8206E000BF78
:101B90000000008000003043000000000021C4F27B
:101BA00030314FF0004022462B460AF0D7FA09F0B8
:101BB00035FA00EE100AB4EEC0BAF1EE10FAC0F237
:101BC00053820021C4F230314FF0004022462B46B0
:101BD0000AF0C4FA09F022FA00EE100AB4EEC0AA24
:101BE000F1EE10FAC0F240820021C4F230314FF021
:101BF000004022462B460AF0B1FA09F00FFA00EE37
:101C0000100AB4EEC09AF1EE10FAC0F22D82002153
:101C1000C4F230314FF0004022462B460AF09EFAC3
:101C200009F0FCF900EE100AB4EEC08AF1EE10FAE9
:101C300040F31A8240F200084FF00009C4F2303835
:101C4000384600EB090696ED05CA1CEE100A20F096
:101C50000040B0F1FF4F80F2078296ED06BA1BEE0E
:101C6000100A20F00040B0F1FF4F80F2FD8196EDA8
:101C700007AA1AEE100A20F00040B0F1FF4F80F2E0
:101C8000F38196ED089A19EE100A20F00040B0F1A9
:101C9000FF4F80F2E98196ED098A18EE100A20F0D4
:101CA0000040B0F1FF4F80F2DF814FF0004041462D
:101CB00022462B460AF052FA09F0B0F900EE100A5B
:101CC000B4EEC0CAF1EE10FA40F3CE814FF00040FE
:101CD000414622462B460AF041FA09F09FF900EEF0
:101CE000100AB4EEC0BAF1EE10FAC0F2BD814FF0A6
:101CF0000040414622462B460AF030FA09F08EF9A0
:101D000000EE100AB4EEC0AAF1EE10FAC0F2AC81F7
:101D10004FF00040414622462B460AF01FFA09F0D8
:101D20007DF900EE100AB4EEC09AF1EE10FAC0F29E
:101D30009B814FF00040414622462B460AF00EFAA6
:101D400009F06CF900EE100AB4EEC08AF1EE10FA58
:101D500040F38A8196ED14CA1CEE100A20F0004070
:101D6000B0F1FF4F80F2808196ED15BA1BEE100A9C
:101D700020F00040B0F1FF4F80F2768196ED16AA78
:101D80001AEE100A20F00040B0F1FF4F80F26C8193
:101D900096ED179A19EE100A20F00040B0F1FF4FAF
:101DA00080F2628196ED188A18EE100A20F0004049
:101DB000B0F1FF4F80F258814FF00040414622467B
:101DC0002B460AF0CBF909F029F900EE100AB4EE1F
:101DD000C0CAF1EE10FA40F347814FF0004041468F
:101DE00022462B460AF0BAF909F018F900EE100A5B
:101DF000B4EEC0BAF1EE10FAC0F236814FF00040F6
:101E0000414622462B460AF0A9F909F007F900EEEF
:101E1000100AB4EEC0AAF1EE10FAC0F225814FF01C
:101E20000040414622462B460AF098F909F0F6F8A0
:101E300000EE100AB4EEC09AF1EE10FAC0F214816E
:101E40004FF00040414622462B460AF087F909F040
:101E5000E5F800EE100AB4EEC08AF1EE10FA40F395
:101E6000038109F11409B9F13C0F38467FF4E9AE5A
:101E70009DED580A9DED5A2A8DED010A9DED590AF6
:101E80009DED5B3A8DED000A90ED230A9DED5C4AD5
:101E900010EE100A9DED5D5A9DED5E6A9DED5F7A34
:101EA000DDED600ADDED611ADDED622ADDED633AFC
:101EB000DDED644A20F00040DDED655ADDED666A37
:101EC000DDED677AB0F1FF4F80F2AA801FEDCE8A78
:101ED0000020B0EE489AB0EE48AAB0EE48BAB0EE94
:101EE00048CAB0EE48DAB0EE48EAB0EE48FAF0EE92
:101EF000488AF0EE489AF0EE48AAF0EE48BAF0EEC2
:101F000048CAF0EE48DAF0EE48EAF0EE48FA39183E
:101F100091ED241A11EE102A22F00042B2F1FF4F87
:101F20007EDAD1F8942022F00042B2F1FF4F77DA46
:101F3000D1F8982022F00042B2F1FF4F70DA20EE83
:101F4000002A32EE088A20EE012A32EE099A91ED3B
:101F5000252A91ED263A20EE024A34EE0AAA20EE16
:101F6000034A34EE0BBA21EE004A34EE0CCA21EEDD
:101F7000014A34EE0DDA21EE024A34EE0EEA21EE89
:101F8000034A34EE0FFA22EE004A23EE000A74EE02
:101F9000288A22EE014A70EE2CCA23EE010A74EE62
:101FA000299A22EE024A70EE2DDA23EE020A74EE2E
:101FB0002AAA22EE034A70EE2EEA23EE030A10301C
:101FC00074EE2BBA802870EE2FFA56D091ED270AC6
:101FD000B0EE4A2A10EE101A21F00041B1F1FF4F85
:101FE000B0EE4B3AB0EE4C4AB0EE4D5AB0EE4E6AFF
:101FF000B0EE4F7AF0EE680AF0EE691AF0EE6A2A57
:10200000F0EE6B3AF0EE6C4AF0EE6D5AF0EE6E6A5E
:10201000F0EE6F7A8DED018A8DED009AFFF677AFC5
:102020009DED010A8DED5A2A8DED580A9DED000AAD
:102030008DED5B3A8DED590A8DED5C4A8DED5D5A63
:102040008DED5E6A8DED5F7ACDED600ACDED611AA2
:10205000CDED622ACDED633ACDED644ACDED655A02
:10206000CDED666ACDED677A002707F0010068B014
:10207000BDEC108B01B0BDE8F08F0026C4F2303605
:102080004FF00040314622462B468DED588A8DEDAB
:10209000599A8DED5AAA8DED5BBA8DED5CCA8DED26
:1020A0005DDA8DED5EEA8DED5FFACDED608ACDED06
:1020B000619ACDED62AACDED63BACDED64CACDEDE6
:1020C00065DACDED66EACDED67FA0AF047F808F07B
:1020D000A5FF48904FF00040314622462B460AF0BB
:1020E0003DF808F09BFF49904FF0004031462246F2
:1020F0002B460AF033F808F091FF4A904FF0004069
:10210000314622462B460AF029F808F087FF4B900B
:102110004FF00040314622462B460AF01FF808F0E7
:102120007DFF4C904FF00040314622462B460AF08E
:1021300015F808F073FF4D904FF0004031462246ED
:102140002B460AF00BF808F069FF4E904FF0004064
:10215000314622462B460AF001F808F05FFF4F9007
:102160004FF00040314622462B4609F0F7FF08F0B9
:1021700055FF50904FF00040314622462B4609F063
:10218000EDFF08F04BFF51904FF0004031462246E2
:102190002B4609F0E3FF08F041FF52904FF000405A
:1021A000314622462B4609F0D9FF08F037FF5390FD
:1021B0004FF00040314622462B4609F0CFFF08F091
:1021C0002DFF54904FF00040314622462B4609F037
:1021D000C5FF08F023FF55904FF0004031462246DE
:1021E0002B4609F0BBFF08F019FF56904FF0004056
:1021F000314622462B4609F0B1FF08F00FFF9FED54
:10220000B59A9FEDB5AA579000264FF0000B002716
:102210000020019014E09DED571A80EE010A8AED2E
:10222000030A0198002702280BF1100B00F10100AE
:1022300088BF01270436BBF1400F01903FF415AF72
:1022400058A800EB0B0999ED008A18EE100A20F04F
:102250000040B0F1FF4FBFF608AF58A800EB0608EA
:1022600098ED000A0120002138EE400AC8F2000073
:10227000C4F2303122462B46B0EEC0BA09F06EFFF0
:1022800008F0CCFE00EE100AB0EEC81A30EE010ADB
:1022900029EE000AB4EEC0BAF1EE10FA3FF7E5AE4F
:1022A000BBF1000F04D09DED480A88EE000A09E05A
:1022B000B4EECA8AF1EE10FA7FF6D7AEB0EE480A55
:1022C00008F0C6FC48A800EB0B0ABBF1000F8AED32
:1022D000000AA6D099ED018A18EE100A20F00040FD
:1022E000B0F1FF4FBFF6C1AE98ED040A0120002106
:1022F00038EE400AC8F20000C4F2303122462B46C4
:10230000B0EEC0BA09F02AFF08F088FE00EE100A0D
:10231000B0EEC81A30EE010A29EE000AB4EEC0BAD7
:10232000F1EE10FA3FF7A1AE9AED000A9DED4C1ABE
:10233000BBF1100F20EE410A30EE080A10D110EE6A
:10234000100A20F00040B0F1FF4FBFF68EAEB4EEA1
:10235000CA0AF1EE10FA7FF688AE08F079FC03E0C5
:102360009DED4D1A80EE010ABBF1100F8AED010AB6
:102370003FF457AF99ED028A18EE100A20F00040A2
:10238000B0F1FF4FBFF671AE98ED080A01200021B1
:1023900038EE400AC8F20000C4F2303122462B4623
:1023A000B0EEC0BA09F0DAFE08F038FE00EE100A0E
:1023B000B0EEC81A30EE010A29EE000AB4EEC0BA37
:1023C000F1EE10FA3FF751AE9AED000A9DED501A6A
:1023D0009DED512A20EE410A9AED011A30EE080ACD
:1023E00021EE421ABBF1200F31EE000A10D110EE9F
:1023F000100A20F00040B0F1FF4FBFF636AEB4EE49
:10240000CA0AF1EE10FA7FF630AE08F021FC03E0C4
:102410009DED521A80EE010ABBF1200F8AED020AEF
:102420003FF4FFAE99ED038A18EE100A20F0004049
:10243000B0F1FF4FBFF619AE98ED0C0A0120002154
:1024400038EE400AC8F20000C4F2303122462B4672
:10245000B0EEC0BA09F082FE08F0E0FD00EE100A0E
:10246000B0EEC81A30EE010A29EE000AB4EEC0BA86
:10247000F1EE10FA3FF7F9AD9AED000A9DED541A0E
:102480009DED552A20EE410A9AED011A9DED563A2E
:102490009AED024A30EE080A21EE421A31EE000AA5
:1024A00024EE431ABBF1300F31EE000A7FF4B3AED5
:1024B00010EE100A20F00040B0F1FF4FBFF6D5AD8E
:1024C000B4EECA0AF1EE10FA7FF6CFAD08F0C0FB09
:1024D000A5E600BFACC52737CCBC8C2B70B5044635
:1024E00008460E46DEF79CF90546204631462A4648
:1024F000DEF7B5F908B118E070BD61190A78202A35
:1025000013D80120DFE802F013111111111111117C
:1025100011111411111411111111111111111111A5
:10252000111111111111111114000020E4E7E3E75A
:102530004A78202AF9D80120DFE802F0121111119F
:102540001111111111111311111311111111111177
:102550001111111111111111111111111300E4E7D1
:10256000CAE78A78202AE0D80120DFE802F01211B9
:102570001111111111111111131111131111111147
:10258000111111111111111111111111111113004A
:10259000CBE7B1E7CA78202A3FF6C7AF0120DFE8D2
:1025A00002F0121111111111111111111311111346
:1025B000111111111111111111111111111111110B
:1025C00011111300B1E797E7043197E7000000000D
:1025D000CCB03EA8011D0DF1C409099109F1040117
:1025E00012AF039100F116011530059007F120009C
:1025F000089007F11400049007F108009FED9CABD0
:102600009FED9DBB9FED9ECB9FED9FDB9FEDA0EBD4
:102610004BF6780507F1040B07F1100807904FF00F
:10262000000AC2F200050424002006911BE000BF4E
:10263000A14657464CF2BC404BF67805C2F200006A
:102640004FF0000AC2F200050424E7F775FE4BF6CE
:102650003C66C2F20006F064002006F01BF8F0664B
:1026600048460DF1C4090A904AF23010C2F2000047
:10267000D0F848043EA9012206F02CFE012840F0C3
:102680009481FEF75FFC044638464421DEF7D3F917
:10269000099B9DF8F8000ECB03288DF848008BE8C5
:1026A0000E00CDE949AACDF820A100F27981DFE83A
:1026B00000F002F37187059848A9EEF795FB4BF6F9
:1026C000C413C2F200039DED480A9DED491A9DED29
:1026D0004A2A93ED333A93ED344A93ED355A48F64E
:1026E000F45630EE430A31EE441A32EE452AC2F275
:1026F00000064A98DDE9481286ED000A86ED011AC7
:1027000086ED022AC3E92912C3F8AC0096E8070057
:10271000E83307C394ED003A94ED014A94ED025A70
:1027200024EE014A23EE003A94ED036A94ED047A14
:1027300033EE043A25EE024AD4ED050A34EE033AAC
:102740008DED163A27EE013A26EE004A34EE033AB2
:1027500020EE824AD4ED061AD4ED072A34EE033A6D
:102760008DED173A94ED083A3F984AF2B80122EEFF
:10277000811A21EE800AC2F2000130EE010A23EE36
:10278000021A08604AF2BC0131EE000A0120C2F2CE
:102790000001FBE0419DFEF7CFFB854208D1E8F741
:1027A000C1FA3F99401A40F6B9318842C0F01F8201
:1027B0004BF63C61C2F20001886901308861EFE0AC
:1027C00048F6F456C2F20006069806F12401EEF728
:1027D000FBFF96ED090A4BF6C410C2F2000003F0AD
:1027E00027F996ED09FA1FEE100A20F00040B0F12B
:1027F000FF4F80F2D58054EC1E6B4FF6D87000214D
:10280000C7F6FF70C4F230313246234609F0A6FC09
:1028100008F004FC00EE100AB4EEC0FAF1EE10FA73
:10282000C0F2BE8055200021C8F20000C4F2303151
:102830003246234609F092FC08F0F0FB00EE100A45
:10284000B4EEC0FAF1EE10FA00F2AA804BF6C41111
:10285000C2F2000181ED3DFA3F9881ED2CFA48F675
:10286000F051C2F2000108609AE000BF00BF00BF53
:10287000B35DA10F963110C060E5D022DB79EC3F4B
:10288000630D17B9A72BEC3F938C9C853DADF33FAF
:1028900000000080000030434BF6C416C2F2000670
:1028A000069806F1D80248A9EEF7F2FB9DED480A1A
:1028B0009DED491A9DED4A2A96ED303A96ED314A42
:1028C00096ED325A48F6F453DDE9481230EE430AE9
:1028D00031EE441A32EE452AC2F200034A9883EDE3
:1028E000030A83ED041A83ED052AC6E9261203F1D3
:1028F0000C02C6F8A00007CA06F1DC0307C394ED7A
:10290000003A94ED014A94ED025A94ED036A94ED75
:10291000047A24EE014A23EE003AD4ED050A33EEA0
:10292000043A25EE024A34EE033A27EE014A26EE37
:10293000005AD4ED061AD4ED072A35EE044A20EEEB
:10294000825A35EE044A94ED085A22EE811A21EE9D
:10295000800A30EE010A25EE021A94ED122A3F9801
:1029600048F65851C2F2000131EE000A23EE021A75
:10297000086048F65C518DED161A24EE021A20EE1E
:10298000020A0120C2F200018DED171A8DED180A1E
:10299000087048F62860C2F200003946FBF71CFFB9
:1029A0004BF67805C2F200050424E8F7BBF90646A9
:1029B000F3F7F8F948F6F050C2F20000006848F268
:1029C000A161301AC0F2010188420B960DD34CF67A
:1029D0002030C2F2000000684BF63C61C0F834A021
:1029E000C2F20001086A01300862D5F818014946B0
:1029F000002206F06FFC48F628660128C2F20006A5
:102A00003BD100BFDDE93101CDF848A0CBF8000093
:102A1000C8F800003398CBF80410C8F804103499B3
:102A2000CBF80800C8F808003598C8F80C1036999B
:102A3000C8F810003798C8F814103899C8F818006A
:102A40003998C8F81C103A99C8F820003B98C8F883
:102A500024103C99C8F828003D988DF84840C8E9F2
:102A60000B1030463946FBF7B7FED5F8180149463A
:102A7000002206F02FFC0128C4D00B9C30462146D2
:102A80000822FBF703FE311D3846224604F0A8FA5F
:102A90004BF2DC60C2F2000039465422DDF76FFFD2
:102AA0003846314604F0C8FC4BF2CC50C2F200006C
:102AB00039464422DDF763FF3846BA46FEF7E8FFA1
:102AC00012AFCFCF4BF69814C2F20004DDE9185CC8
:102AD00084E8CF001A98A561C4E907C048A801F0AE
:102AE00089F94898002800F07F800A9CA0423FF4B2
:102AF0009FAD07987421DDF79EFFDDE948904BF20A
:102B0000DC61CDE912900898C2F200015422DDF791
:102B100036FF57461CB1A9EB0400012850D14AF2F8
:102B2000BC00C2F200000078012849D148F65C5090
:102B3000C2F200000078012842D14AF2B800C2F285
:102B4000000000680B99081A40F6B831884237D85F
:102B500048F65850C2F2000000680B9940F6B832AF
:102B6000081A40F6B93188424FF0000138BF012100
:102B700090428DF8C01023D8002153EC1E2B4FF04B
:102B80000040C4F2303109F0E9FA08F047FA24AA0B
:102B900007CACDE914214BF2DC62C2F200021C32FA
:102BA0002D9B169007CA049C84E8070003F01100CF
:102BB0001138B0FA80F04FEA50108DF8C00002D002
:102BC000062000F08FFBE8F7ADF84BF21461C2F27B
:102BD0000001D1F8C4102F90084639460022022384
:102BE00006F05CF926E500BFDDF8289021E54CF2FF
:102BF000BC46C2F2000630464FF4FA61CDF81BA184
:102C0000CDF818A1E7F76EFB46A8009007200190C9
:102C100030461C210222012301260296E7F7B0FB71
:102C2000002840F0A0809DF81801C00700F09B80AC
:102C3000419DFEF781F9854240F0958046A84946BE
:102C4000CDE933AACDE931AAEDF75EFE9FED4A0B3F
:102C500051EC100B08F0E2F99FED490B0FEE100A52
:102C600051EC100B08F0DAF90FEE900A51EC1A0B48
:102C700008F0D4F908EE100A51EC1B0B08F0CEF95D
:102C800008EE900A51EC1C0B08F0C8F909EE100A86
:102C900051EC1D0B08F0C2F99DED321A9DED332A5F
:102CA0009DED343A039A4BF6C41300EE100A31EE50
:102CB0004F1A32EE6F2A33EE483A48F6F45607CAF6
:102CC000C2F2000321EE281A22EE092A23EE000A9E
:102CD000C2F2000603F1B40C86ED061A86ED072A4F
:102CE00086ED080A8CE8070006F1180207CAF833D7
:102CF00007C394ED093A94ED0A4A94ED0B5A24EE79
:102D0000024A23EE013A94ED0C6A94ED0D7A33EE0B
:102D1000043A25EE004AD4ED0E0A34EE033A8DED66
:102D2000163A27EE023A26EE014A34EE033A20EE36
:102D3000804AD4ED0F1AD4ED102A34EE033A8DED0B
:102D4000173A94ED113A22EE822A21EE811A31EEE1
:102D5000021A23EE000A30EE010A8DED180AE7F799
:102D6000E1FF149015E64BF63C61C2F20001C86920
:102D70000130C86114E600BF8ECBB8A981D62040CF
:102D8000615111A7930835C010B505F02BFD40F235
:102D90001050C2F20000046805F046FD204610BD48
:102DA000ADF52E7DE7F7BEFF4BF2D071C2F2000108
:102DB0000860E7F7D7FE4AF2C800C2F2000001211E
:102DC00001604CF658504AF2CC01C2F20000C2F247
:102DD00000016422E5F75AFD38B14DF2B940C0F662
:102DE000020040F20111E7F775FC4CF6D820C2F260
:102DF0000000016800224A626FF001020A61E5F7F3
:102E000063F838B14DF2B940C0F602004FF4827158
:102E1000E7F760FC00208DF8F7017C901DA800F119
:102E2000100130300E9051A814300C900FF2A040D9
:102E3000079141680DF1C8090B9181684BF63C6719
:102E40000A91C16800694BF2146809F12004C2F2CA
:102E500000070DF5CA7B7EADC2F20008099108900B
:102E60000D940EE03E66E7F75DFF00F009FC786E1A
:102E70007EAD86424FF0000088BF7E6605F00AFCFA
:102E8000B86601204FF0FF3105F0A2FB06467AA894
:102E900000F0B0FF022E06D3F86A30440138F86221
:102EA000072000F01FFA0DF2F7107CA900F0F8FBE4
:102EB00058465421DDF7BFFD28465021DDF7BBFD04
:102EC0004BF2CC70C2F20000006828BB4BF2D47009
:102ED000C2F20000D0F89C0059460A22002305F0F7
:102EE000DDFF012812D14BF23070C2F20000D0F8A1
:102EF000980029460A2206F0EDF9012806D151A8CA
:102F000029465022DDF73BFD0AE000BF786801301A
:102F10007860032001F012FA51A85021DDF78BFDF3
:102F200048467C21DDF787FD06F030FD064600BFF0
:102F300006F02CFD811B072910D8D8F8C400C1F178
:102F40000802494606F0C6F9012807D132987A9955
:102F5000401AEDD49DF8405101E000BF0025E7F78D
:102F6000E1FE4BF6C011C2F20001D1F800B082467A
:102F70000BF50F6021465422DDF701FD40F2602081
:102F8000C2F2000090F808020F95012862D14BF2BE
:102F9000CC70C2F20000006800285BD14BF6C41070
:102FA000C2F2000090F85900002853D19DF890011A
:102FB0002840C0074ED07EA8594603F0A7FF9DF8D1
:102FC000092220465146FDF7E7F9002842D01DA806
:102FD0005421DDF730FD01208DF87400FFF7D4FE99
:102FE0004BF6BC111E9040F20E60C2F20001CDE91A
:102FF0002100CDE92300CDE925002790096828901C
:103000000E9804F033FA9DF8F7010DF5CA7B0128FC
:1030100014D17C9800F022FA80B100208DF8F701DD
:10302000AB4811217E900B987F900A988090099868
:103030008190089882907EA8E7F7C0FD1E98E7F778
:10304000DDFB002800F008814BF63C670126C2F248
:10305000000731E04BF6C410C2F2000090F85900AE
:1030600000284FF00B0008BF062000F03BF90026B7
:103070001DA854218DF8F761DDF7DDFC01208DF8E6
:103080007400FFF781FE4BF6BC111E9040F20E60FB
:10309000C2F20001CDE92100CDE92300CDE92500F0
:1030A0002790096828900E9804F0E0F94BF63C67E9
:1030B000C2F200070DF5CA7B1E987EADE7F79EFBB6
:1030C00040B1386D0130386548F66050C2F20000FA
:1030D000FBF7EAFC28465021DDF7ADFC4BF2CC7043
:1030E000C2F20000006818BB4BF2D470C2F20000BC
:1030F000D0F89C001DA90A22002305F0CFFE01286C
:1031000010D14BF23070C2F20000D0F8980029467E
:103110000A2206F0DFF8012804D19DF84402C00716
:1031200006D008E0786801307860032001F006F9E5
:10313000052001F003F948F65050C2F20000006883
:10314000016849688847B86A0130B862E7F7EAFD64
:103150007B99A0EB010A41F60A20824509D3F86D5C
:103160000130F865072000F0BDF80120002105F0CE
:103170002FFAE7F7D7FD40F21451C2F200010978A7
:1031800001294FD14BF62461C2F20001096848F2CF
:10319000A062411AC0F20102914243D34BF624616E
:1031A000C2F20001086040F21851C2F20001096841
:1031B00046B14BF2CC76C2F200063268B2FA82F225
:1031C000520904E04BF2CC760022C2F2000640F233
:1031D00060234BF62865C2F20003C2F20005002905
:1031E00093F80832366818BF01212C88002E04F1AC
:1031F000010418BF01262C800C9DA4B2CDE900501B
:1032000002A84EC00F987EAD0D9A00F0010328462B
:10321000C0210694FDF72AFC18B181B22846E7F7D1
:10322000CDFC0D9CE7F77EFD7B9941F60922924586
:10323000A0EB01063FF616AE41F60A208642FFF4E7
:1032400011AEF86D0130F865072000F04BF8012051
:10325000002105F0BDF905E601204BF6C0118DF8FF
:1032600080007B98C2F20001096810AD1F902846CB
:1032700003F04CFE48F660517EA8C2F200012246DF
:103280002B46CDF800A0FBF737FC9DF8180201286B
:1032900011D1DDE97EA180AF0DF5037E07988CCFBB
:1032A0009EE84050C0E900A100F1080114308CC133
:1032B00080E8405005E0082000F014F800208DF868
:1032C00080004BF63C67C2F200070126F4E600BF1F
:1032D0004354524C3D41524D45442045534B460DBD
:1032E0000A00000010B5044605F07CFA4BF2CC70E1
:1032F000C2F200000068002840F21850C2F200003C
:103300000CD1016800294BF63C61C2F2000104D0E7
:10331000CA68002A08BFCC6000E0CC60016871B9BF
:10332000012101604BF2F410C2F2000000210160A3
:1033300040F21050C2F2000001680131016000202B
:10334000E7F70EFCBDE8104005F06EBAACB04BF2EA
:10335000D4794BF2307B4CF268474BF63C66002048
:10336000C2F2000915AC01AD0DF1A80AC2F2000BC2
:10337000C2F20007C2F200060FF25008CDE92A009F
:1033800015E000BF28462146524600F047FDDBF815
:10339000980029464FF0FF32002305F07FFD3846A4
:1033A000E6F7CAFFB064002005F074F93067D9F879
:1033B0009C0021464FF0FF3205F08CFF0128E1D040
:1033C00040467321E7F786F9DCE700BF2E2E2F2E4B
:1033D0002E2F75736572436F64652F7461736B7301
:1033E0002F5372632F507265737375726550776DCA
:1033F0005461736B2E6370700000000080B582B062
:103400000029014619D04AF23010C2F20000002211
:10341000D0F84804019201AA002305F06FFE01993B
:10342000A9B14EF60451CEF200014FF080520A606D
:10343000BFF34F8FBFF36F8F09E04AF23010C2F233
:103440000000D0F848040022002305F027FD0138D1
:10345000B0FA80F0400902B080BD000010B504460B
:1034600005F0C0F940F21050C2F20000006884423A
:103470000BD14BF2F410C2F20000006828B14BF2FD
:10348000CC70C2F20000006820B1002405F0CCF935
:10349000204610BD4BF67400C2F200000068002800
:1034A000F3D0E7F73FFC4AF27C51C2F20001096811
:1034B000401A4AF21F11C0F207018842E5D840F2D3
:1034C0006020C2F2000090F8080200240128DDD13B
:1034D00040F21850C2F20000046001200124E7F716
:1034E0003FFBD3E7B2B00DF106084AF280594CF623
:1034F00058574BF63C6408F10205C2F200096E46CB
:10350000C2F20007C2F200040AE000BF3846E5F745
:10351000E5FA606C01306064002005F0BBF860677C
:10352000D9F8680C41464FF0FF3205F0D3FE00BFDA
:1035300000204FF0FF313246002306F0E5FA012863
:10354000F6D0BDF8062038462946E6F765F800288B
:10355000DCD100204FF0FF3132461E2306F0D4FAB2
:103560000128D3D100980128D6D0CFE710B5EFF3CA
:103570001084EFF3108272B640F21852C2F20002C9
:10358000136873B9012313604BF2F412C2F2000204
:103590000023136040F21052C2F20002136801339C
:1035A00013604BF2CC72C2F2000213680BB131B956
:1035B00010E04BF63C63C2F20003D86051B11068D2
:1035C00040B9012010604BF63C60C2F200008168F7
:1035D000013181600020E7F7C3FA84F3108810BD41
:1035E000B0B5EFF31084EFF3108172B640F21851CA
:1035F000C2F200010A6812B184F31088B0BD4BF624
:103600007402C2F2000212685AB14AF27C52C2F24B
:1036100000021268801A4AF22012C0F20702904299
:10362000EAD34BF63C60C2F200000268013202604D
:10363000EFF31085EFF3108272B60A6872B90122B7
:103640000A604BF2F411C2F2000100220A6040F25B
:103650001051C2F200010A6801320A604BF2CC71CB
:10366000C2F200010968002904BF0121C1600020E5
:10367000E7F776FA85F3108884F31088B0BD000070
:103680004BF2D071C2F2000108604BF2CC70C2F272
:1036900000000068002818BF7047E7F75BBA000019
:1036A0002DE9F04FDFB00F910646FFF76DFB40F2BA
:1036B000D471C2F2000109684BF6C0158842C2F20B
:1036C00000050ED0044605F047FA2868EEF72CFAFC
:1036D00006F0AAFA40F2D470C2F2000004600020A2
:1036E00030704AF21F18C0F20708E7F71BFBFFF71C
:1036F00077FF30784AF27C590128C2F2000908D1DC
:10370000E7F710FBD9F80010401A404584BF0020AD
:10371000307043A800F10A070F3040F6347410905F
:1037200008F10100C2F200044FF0000B11900FE00D
:103730004BF2CC70C2F2000000685446002800F042
:103740007E8000BF0BF1010BBBF1080F00F0F4828B
:103750004BF2FC10C2F20000D0F8C80343A90022CB
:1037600005F0B8FD012840F0E782A246FFF70CFB08
:1037700040F2D471C2F20001096888420ED00446BA
:1037800005F0EAF92868EEF7CFF906F04DFA40F2B5
:10379000D470C2F20000046000203070BDF8144103
:1037A000022C07D138460FF298510222DDF70CF8AF
:1037B0000028BDD038460FF28C51FEF78FFE58B16D
:1037C00040F214510120C2F2000108704DF2343071
:1037D0001821C0F602002EE038460FF27051FEF7B5
:1037E0007DFE68B94DF28B413846C0F60201FEF706
:1037F00075FE28B938460FF26051FEF76FFEA0B390
:103800004DF28B413846C0F60201FEF767FE40F2EA
:103810001451C2F20001087000284DF229304DF217
:103820003431C0F60200C0F6020118BF08464FF05E
:103830000A0118BF1821E7F7C1F9544682E7E7F7F4
:1038400071FA4499401A11998842BFF47BAF04F091
:10385000C9FF44980121C9F800004BF67400C2F278
:103860000000016004F0E0FF6CE738460FF2F4411D
:103870000322DCF7A9FF00284CD038460FF2E841BC
:10388000FEF72CFE002859D04BF63C640E96C2F28F
:103890000004206E4BF6C4150D90606EC2F2000558
:1038A0000A904BF2CC50C2F20000D4F85C90D4F8ED
:1038B0003880A66C0169C0690B910C90D5F8F400B2
:1038C00008F050FF41EC100B95F85900E168CDE984
:1038D0000286CDE908010A984DF20042CDE90009BF
:1038E0000B98DDE90C63049012A8C021C0F6020217
:1038F0008DED060B0596DCF7CDFD411EBE2903D8E4
:1039000081B212A8E7F75AF90E9E4BF6C015C2F223
:10391000000531E138460FF2D441FEF7DFFD002803
:10392000544646D040F64B50C0F20A00139044F281
:103930004620C4F63D701290072051E038460FF241
:103940003041FEF7CBFD00284FD040F26020C2F29C
:10395000000090F808E2BEF1010F40F0D2804BF277
:10396000CC70C2F20000006800284FF0000040F068
:10397000C9804BF6C411C2F2000191F85920002A07
:1039800040F0C080286800F50F69E7F7CBF9296897
:10399000044612A803F0BAFA9DF859204846214679
:1039A000FCF7FAFC40F26021C2F2000191F808E253
:1039B000A8E04BF63C61C2F2000148694DF24D327D
:1039C00001304DF2E643486112A86021C0F60202C0
:1039D000C0F60203DCF75EFD411E5E293FF6B2AE83
:1039E00081B212A8E7F7EAF8ACE6032C6ED19DF895
:1039F00016014F286AD19DF81701462866D19DF817
:103A00001801462862D13846DFA10522DCF7DCFE2A
:103A1000002800F0BA803846FCF724FD002800F0AA
:103A2000C7800E96BDF814619DF816419DF8179158
:103A3000032E08BF4F2C09D1B9F1460F06D19DF8CE
:103A40001801462802D10E98002101703846D4A1F1
:103A50000322DCF7B9FE20B1388844F64F61884272
:103A600012D138463146F8F779FA0E9E4AF27C595F
:103A70000028C2F2000954463FF464AEBDF8146158
:103A80009DF816419DF81791022EC0F0A080432C9E
:103A900040F09D80B9F1410F40F099800A20FFF776
:103AA00021FCCB48CAA4261D12904FCEAC46A56976
:103AB0000DF14C0E8EE84F0012A81821189565469E
:103AC000E7F77CF80E9E0020307059E0439CFFF72A
:103AD0005BF9844205D1E7F725F94499401A40453E
:103AE00091D94DF24D3212A86021C0F60202A2A374
:103AF000DCF7D0FC411E5E293FF69FAE81B212A8D2
:103B000099E6002040F21851C2F200010B682A68C1
:103B10004BF2CC71C2F20001A846D2F83C9992F85F
:103B200040290D684BF63C61C2F20001002B18BF22
:103B30000123CC6840F26021C2F20001D1E978C1D2
:103B4000002D18BF0125CDE902924DF2A432CDE936
:103B5000000E069112A8C021C0F60202CDE904545D
:103B6000CDF81CC0DCF796FC411EBE2903D881B2FB
:103B700012A8E7F723F845464AF21F18C0F20708D3
:103B80004AF27C59C2F2000957E628681099EEF70C
:103B900043F9002854467FF4C5AE4DF24D324DF244
:103BA000AA4312A86021C0F60202C0F6020311E780
:103BB0004DF24D3212A86021C0F6020274A3DCF768
:103BC00069FC411E5E2954463FF6BCAD08E7384605
:103BD0003146F8F7C3F94AF27C594AF2C00400288A
:103BE000C2F20009C2F2000469D02646439CFFF7E6
:103BF000CBF8844213D14BF2CC70C2F200000068C3
:103C000068B940F26020C2F2000090F80802012872
:103C100005D1E7F787F84499401A404527D94CF673
:103C2000CC70C0F60200AE46D0E90554D0E900C120
:103C300000F108060D94C4694CCE0C94CDE912C174
:103C400014A94CC1D0E9084100F128060C984CCECB
:103C500019900D98CDE91A41189012A830211795A6
:103C60007546CDE91C231E96E6F7A8FF46E02868B6
:103C700000F50F69E7F756F82968044612A803F023
:103C800045F99DF8592048462146FCF785FBB8B315
:103C900004F0A8FD44984AF27C59C2F20009C9F820
:103CA00000004BF67400C2F200000124046004F02E
:103CB000BBFD0E9943980C700F993446086004F0D0
:103CC0004BFF2068A0B126460024504639466422A6
:103CD000DCF710FE48F65450C2F20000006850F8BD
:103CE0002400016889688847306801348442ECD335
:103CF00050466421DCF77DFE05F096FF0E9E9CE5A4
:103D0000284828A404F1040E12909EE84F50A946BA
:103D1000256A13901491D4E9090115921C91CDE9FB
:103D20001A5012A82921169317964D46CDE918CEA0
:103D3000E6F744FF0E9E23E700205FB0BDE8F08F5A
:103D400048420000464C4F473A4F4E00464C4F47C2
:103D50003A4F464600000000564F46413A4F46460D
:103D60000000000046423A0044494147000000007C
:103D700053544154000000007374616C655F636FBD
:103D80006D6D616E64000000465345543A000000BA
:103D9000696E76616C69645F636F6D6D616E6400FE
:103DA000544553004354524C3D52454A45435420D8
:103DB000666565646261636B5F6E6F745F72656197
:103DC0006479205553455F535441540D0A00000057
:103DD00043414C3D524553544152545F41545F530B
:103DE0005552464143450D0A0000000046423A45FF
:103DF000534B460010B5044604F0F4FC4BF6941007
:103E00004BF2C851C2F20000C2F20001006809681A
:103E1000C4E9000104F008FD10BD00002DE9F04FD9
:103E20008FB08946502115460446DCF704FE99F808
:103E3000000041F2883102284CF26840C2F20000D2
:103E400004BF41F20021C0F27A01E6F74BFA99F87B
:103E50000000022831D0002840F0BD8040F26026EA
:103E6000C2F200063046F1F7BFFE4BF62C62C2F2FA
:103E70000002716C1068814215D04BF67800C2F2D6
:103E80000000D0F81801116006F13C010022002367
:103E900005F004F8012806D04BF63C60C2F20000A1
:103EA000016901310161D6F88C006968884241D00E
:103EB0006860E6F737FF28603CE040F26026C2F217
:103EC000000696F8A001002800F0918196F8A10163
:103ED000002800F08C8196F8A201002800F087816C
:103EE00096F8A301002800F08281D6F8342206F566
:103EF0000A730BCB0C9209AA0BC2012086F8A4020C
:103F00003046F1F7EDFE0020316F86F8380086F874
:103F10007400C6F8A8024CF268400131C2F20000F9
:103F20003167E6F7E1FA28B909AB0FCB06F50A7C51
:103F30008CE80F0040F26020C2F20000D0E92712A6
:103F40002160D0F8A4106260D0F8A820A160D0F859
:103F5000AC10E260C26B2161016C6261426CA161D4
:103F6000816CE261C26C2162016D6262426DA1628C
:103F7000816DE262C26D2163016E6263426EA16374
:103F8000816EC4E90F21C16E2A68616490F8A011A6
:103F9000A26400294FF000010BD090F8A12142B19A
:103FA00090F8A2212AB190F8A321002A18BF90F816
:103FB000741001F0010084F84D004CF26840C2F228
:103FC0000000E6F791FA002818BF012084F84C00A1
:103FD0000FB0BDE8F08F0420EBF706FE99F80C0057
:103FE00001280BD1E6F79EFED9F80810401A41F6D9
:103FF0000A21884202D30720FFF774F999F80C00D0
:10400000019550B1D9F80400E6F7F8FB00210E91B4
:104010000D9128B9D9F8102005E000200E900D90E0
:1040200040F20E6201214FF4FA60B2F5FA6FB8BFA8
:10403000104642F2107E48F6AD3B0EEB0030C6F65D
:10404000DB0BA0FB0B03580B0792B2F57A7FB8BFCE
:10405000CD200890D9F8142000294FF4FA6018BF39
:1040600040F20E62B2F5FA6FB8BF10460EEB0030A8
:10407000A0FB0B034FEA5338B2F57A7FD9F818004A
:104080000692B8BF4FF0CD0800294FF4FA6318BF6D
:1040900040F20E60B0F5FA6FB8BF03460EEB033383
:1040A000A3FB0B377D0BB0F57A7FD9F81C20059068
:1040B000B8BFCD2500294FF4FA6318BF40F20E6255
:1040C000B2F5FA6FB8BF13460EEB0333A3FB0B3701
:1040D0007F0BB2F57A7FD9F820000492B8BFCD27C4
:1040E00000294FF4FA6318BF40F20E60B0F5FA6F82
:1040F000B8BF03460EEB0333A3FB0B32530BB0F5F3
:104100007A7F0390B8BFCD23D9F8246000294FF4FB
:10411000FA6218BF40F20E66B6F5FA6FB8BF3246C3
:104120000EEB0232A2FB0B204FEA503CB6F57A7F31
:104130000296B8BF4FF0CD0CD9F8286000294FF493
:10414000FA6018BF40F20E66B6F5FA6FB8BF304697
:104150000EEB0030A0FB0B02500BB6F57A7FB8BF18
:10416000CD20D9F82CA000294FF4FA6118BF40F2F5
:104170000E6ABAF5FA6FB8BF51460EEB0131A1FBDA
:104180000B120899ADF83000ADF8241099F85010D2
:10419000500BBAF57A7FADF82680ADF82850ADF80F
:1041A0002A70ADF82C30ADF82EC0B8BFCD20ADF8D8
:1041B0003200E1B1D9F83020A2F10C0010F1040F67
:1041C00015D3D9F840006FF4FA63A0F6C5119942EF
:1041D0000DD30003A0FB0B01D9F834004B0BA0F169
:1041E0000C0111F1040F09A921F8123002D20FB00D
:1041F000BDE8F08F012707FA02FC874017EA0C0F91
:10420000F5D1D9F844206FF4FA63A2F6C5159D42A2
:10421000EDD31203A2FB0B23D9F838205B0BA2F1DC
:104220000C0515F1040F21F81030E0D301234CEAFE
:10423000070C03FA02F717EA0C0FD8D1D9F8483067
:104240006FF4FA60A3F6C5158542D0D31803D9F8E8
:104250003C30A0FB0B05680BA3F10C0515F1040F16
:1042600021F81200C3D34CEA0700D840C007BED1E2
:10427000D9F84C006FF4FA67A0F6C512BA42B6D36B
:104280000003A0FB0B02500B21F8130000200C22AE
:10429000EBF75EFC0028AAD00799069A40F20E6060
:1042A000414042401143059A42401143049A424022
:1042B0001143039A42401143029A4240114386EA55
:1042C0000002114380EA0A00084399F80C10B0FA82
:1042D00080F001294FEA50150BD1E6F723FDD9F8FC
:1042E0000810401A41F60A21884202D30720FEF73F
:1042F000F9FFA5B9D9F80400E6F780FAE0B140F279
:104300003D10C0F23D1009900A900B900C9009A945
:1043100000200822EBF71CFC00283FF468AF4CF2A9
:104320006840C2F20000E6F7DFF828B14BF2F41063
:10433000C2F2000001210160019DFBE510B5EFF321
:104340001084EFF3108172B640F21851C2F20001EE
:104350000A6872B901220A604BF2F411C2F200013C
:1043600000220A6040F21051C2F200010A680132D4
:104370000A604BF2CC71C2F200010A6822B94BF616
:104380003C62C2F20002D060086840B901200860B7
:104390004BF63C60C2F20000816801318160002070
:1043A000E6F7DEFB84F3108810BD0000000000007B
:1043B0002DE9F041ADF58C6D9FEDF90B002755EC23
:1043C000106BC4F2303704464FF000403946324695
:1043D0002B4607F0C3FE06F021FEC4F8B4004FF0F0
:1043E0000040394632462B4607F0B8FE06F016FE6E
:1043F0004FF00008C4E92E084FF00040394632461D
:104400002B46C4E93088C4F8C88007F0A7FE06F040
:1044100005FEC4F8CC004FF00040394632462B462A
:1044200007F09CFE06F0FAFDC4F8D0004FF0004003
:10443000394632462B4607F091FE06F0EFFDC4F8F0
:10444000D4004FF00040394632462B4607F086FE36
:1044500006F0E4FDC4F8D8004FF00040394632467B
:104460002B4607F07BFE06F0D9FDC4F8DC004FF0C8
:104470000040394632462B4607F070FE06F0CEFD6E
:10448000C4F8E0004FF00040394632462B4607F0B2
:1044900065FE06F0C3FDC4F8E4004FF00040394665
:1044A00032462B4607F05AFE06F0B8FDC4F8E80085
:1044B0004FF00040394632462B4607F04FFE06F0DB
:1044C000ADFDC4F8EC004FF00040394632462B46B3
:1044D00007F044FE06F0A2FDC4F8F0004FF00040E3
:1044E000394632462B4607F039FE06F097FDC4F8F0
:1044F000F4004FF00040394632462B4607F02EFEBE
:1045000006F08CFDC4F8F8004FF000403946324602
:104510002B4607F023FE06F081FDC4F8FC004FF0A7
:104520000040394632462B4607F018FE06F076FD6D
:10453000C4E940084FF00040394632462B46C4E9F2
:104540004288C4F8108107F009FE06F067FDC4F840
:1045500014014FF00040394632462B4607F0FEFD6D
:1045600006F05CFDC4F818014FF0004039463246B1
:104570002B4607F0F3FD06F051FDC4F81C014FF087
:104580000040394632462B4607F0E8FD06F046FD6E
:10459000C4F820014FF00040394632462B4607F060
:1045A000DDFD06F03BFDC4F824014FF00040394624
:1045B00032462B4607F0D2FD06F030FDC4F8280144
:1045C0004FF00040394632462B4607F0C7FD06F053
:1045D00025FDC4F82C014FF00040394632462B46E9
:1045E00007F0BCFD06F01AFDC4F830014FF00040A2
:1045F000394632462B4607F0B1FD06F00FFDC4F8F0
:1046000034014FF00040394632462B4607F0A6FDF4
:1046100006F004FDC4F838014FF000403946324638
:104620002B4607F09BFD06F0F9FCC4F83C014FF067
:104630000040394632462B4607F090FD06F0EEFC6E
:10464000C4F840014FF00040394632462B4607F08F
:1046500085FD06F0E3FCC4F844014FF00040394604
:1046600032462B4607F07AFD06F0D8FCC4E9520822
:104670004FF00040394632462B46C4E95488C4F80E
:10468000588107F06BFD06F0C9FCC4F85C014FF0DF
:104690000040394632462B4607F060FD06F0BEFC6E
:1046A000C4F860014FF00040394632462B4607F00F
:1046B00055FD06F0B3FCC4F864014FF000403946E4
:1046C00032462B4607F04AFD06F0A8FCC4F8680104
:1046D0004FF00040394632462B4607F03FFD06F0CA
:1046E0009DFCC4F86C014FF00040394632462B4621
:1046F00007F034FD06F092FCC4F870014FF0004062
:10470000394632462B4607F029FD06F087FCC4F8EF
:1047100074014FF00040394632462B4607F01EFD2B
:1047200006F07CFCC4F878014FF000403946324670
:104730002B4607F013FD06F071FCC4F87C014FF026
:104740000040394632462B4607F008FD06F066FC6D
:10475000C4F880014FF00040394632462B4607F03E
:10476000FDFC06F05BFCC4F884014FF000403946C4
:1047700032462B4607F0F2FC06F050FCC4F88801E4
:104780004FF00040394632462B4607F0E7FC06F072
:1047900045FCC4F88C014FF00040394600F004B8E5
:1047A000000000800000304332462B4607F0D6FC64
:1047B00006F034FCC4E9640800F000B84FF0004093
:1047C000394632462B46C4E96688C4F8A08107F012
:1047D000C5FC06F023FCC4F8A4014FF000403946A4
:1047E00032462B4607F0BAFC06F018FCC4F8A801C4
:1047F0004FF00040394632462B4607F0AFFC06F03A
:104800000DFCC4F8AC014FF00040394632462B464F
:1048100007F0A4FC06F002FCC4F8B0014FF0004021
:10482000394632462B4607F099FC06F0F7FBC4F8F0
:10483000B4014FF00040394632462B4607F08EFC5B
:1048400006F0ECFBC4F8B8014FF0004039463246A0
:104850002B4607F083FC06F0E1FBC4F8BC014FF0E7
:104860000040394632462B4607F078FC06F0D6FB6E
:10487000C4F8C0014FF00040394632462B4607F0DD
:104880006DFC06F0CBFBC4F8C4014FF00040394684
:1048900032462B4607F062FC06F0C0FBC4F8C801A4
:1048A0004FF00040394632462B4607F057FC06F0E1
:1048B000B5FBC4F8CC014FF00040394632462B46D8
:1048C00007F04CFC06F0AAFBC4F8D0014FF0004002
:1048D000394632462B4607F041FC06F09FFBC4F8F0
:1048E000D4014FF00040394632462B4607F036FCE3
:1048F00006F094FBC4E976084FF000403946324692
:104900002B46C4E97888C4F8E88107F027FC06F054
:1049100085FBC4F8EC014FF00040394632462B4687
:1049200007F01CFC06F07AFBC4F8F0014FF00040E1
:10493000394632462B4607F011FC06F06FFBC4F8EF
:10494000F4014FF00040394632462B4607F006FC92
:1049500006F064FBC4F8F8014FF0004039463246D7
:104960002B4607F0FBFB06F059FBC4F8FC014FF0A7
:104970000040394632462B4607F0F0FB06F04EFB6E
:10498000C4F800024FF00040394632462B4607F08B
:10499000E5FB06F043FBC4F804024FF00040394643
:1049A00032462B4607F0DAFB06F038FBC4F8080263
:1049B0004FF00040394632462B4607F0CFFB06F059
:1049C0002DFBC4F80C024FF00040394632462B460E
:1049D00007F0C4FB06F022FBC4F810024FF00040C1
:1049E000394632462B4607F0B9FB06F017FBC4F8F0
:1049F00014024FF00040394632462B4607F0AEFB1A
:104A000006F00CFBC4F818024FF00040394632465D
:104A10002B4607F0A3FB06F001FBC4F81C024FF085
:104A20000040394632462B4607F098FB06F0F6FA6E
:104A3000C4E988084FF00040394632462B46C4E9A5
:104A40008A88C4F8308207F089FB06F0E7FAC4F8D8
:104A500034024FF00040394632462B4607F07EFBC9
:104A600006F0DCFAC4F838024FF00040394632460E
:104A70002B4607F073FB06F0D1FAC4F83C024FF066
:104A80000040394632462B4607F068FB06F0C6FA6E
:104A9000C4F840024FF00040394632462B4607F03A
:104AA0005DFB06F0BBFAC4F844024FF00040394603
:104AB00032462B4607F052FB06F0B0FAC4F8480223
:104AC0004FF00040394632462B4607F047FB06F0D0
:104AD000A5FAC4F84C024FF00040394632462B4646
:104AE00007F03CFB06F09AFAC4F850024FF0004081
:104AF000394632462B4607F031FB06F08FFAC4F8F0
:104B000054024FF00040394632462B4607F026FB50
:104B100006F084FAC4F858024FF000403946324695
:104B20002B4607F01BFB06F079FAC4F85C024FF045
:104B30000040394632462B4607F010FB06F06EFA6D
:104B4000C4F860024FF00040394632462B4607F069
:104B500005FB06F063FAC4F864024FF000403946E2
:104B600032462B4607F0FAFA06F058FAC4E99A08DA
:104B70004FF00040394632462B46C4E99C88C4F8C1
:104B8000788207F0EBFA06F049FAC4F87C024FF09D
:104B90000040394632462B4607F0E0FA06F03EFA6E
:104BA000C4F880024FF00040394632462B4607F0E9
:104BB000D5FA06F033FAC4F884024FF000403946C3
:104BC00032462B4607F0CAFA06F028FAC4F88802E3
:104BD0004FF00040394632462B4607F0BFFA06F048
:104BE0001DFAC4F88C024FF00040394632462B467D
:104BF00007F0B4FA06F012FAC4F890024FF0004041
:104C0000394632462B4607F0A9FA06F007FAC4F8EF
:104C100094024FF00040394632462B4607F09EFA88
:104C200006F0FCF9C4F898024FF0004039463246CD
:104C30002B4607F093FA06F0F1F9C4F89C024FF006
:104C40000040394632462B4607F088FA06F0E6F96E
:104C5000C4F8A0024FF00040394632462B4607F018
:104C60007DFA06F0DBF9C4F8A4024FF000403946A3
:104C700032462B4607F072FA06F0D0F9C4F8A802C3
:104C80004FF00040394632462B4607F067FA06F0EF
:104C9000C5F9C4F8AC024FF00040394632462B4605
:104CA00007F05CFA06F0BAF9C4E9AC084FF000402E
:104CB000394632462B46C4E9AE88C4F8C08207F0B4
:104CC0004DFA06F0ABF9C4F8C4024FF00040394683
:104CD00032462B4607F042FA06F0A0F9C4F8C802A3
:104CE0004FF00040394632462B4607F037FA06F0BF
:104CF00095F9C4F8CC024FF00040394632462B46B5
:104D000007F02CFA06F08AF9C4F8D0024FF0004000
:104D1000394632462B4607F021FA06F07FF9C4F8EF
:104D2000D4024FF00040394632462B4607F016FABF
:104D300006F074F9C4F8D8024FF000403946324604
:104D40002B4607F00BFA06F069F9C4F8DC024FF0C5
:104D50000040394632462B4607F000FA06F05EF96D
:104D6000C4F8E0024FF00040394632462B4607F0C7
:104D7000F5F906F053F9C4F8E4024FF00040394663
:104D800032462B4607F0EAF906F048F9C4F8E80283
:104D90004FF00040394632462B4607F0DFF906F067
:104DA0003DF9C4F8EC024FF00040394632462B463C
:104DB00007F0D4F906F032F9C4F8F0024FF00040E1
:104DC000394632462B4607F0C9F906F027F9C4F8F0
:104DD000F4024FF00040394632462B4607F0BEF948
:104DE00006F01CF9C4E9BE084FF0004039463246CF
:104DF0002B46C4E9C088C4F8088307F0AFF906F071
:104E00000DF9C4F80C034FF00040394632462B46EA
:104E100007F0A4F906F002F9C4F810034FF00040BF
:104E2000394632462B4607F099F906F0F7F8C4F8F0
:104E300014034FF00040394632462B4607F08EF9F6
:104E400006F0ECF8C4F818034FF00040394632463B
:104E50002B4607F083F906F0E1F8C4F81C034FF085
:104E60000040394632462B4607F078F906F0D6F86E
:104E7000C4F820034FF00040394632462B4607F075
:104E80006DF906F0CBF8C4F824034FF00040394622
:104E900032462B4607F062F906F0C0F8C4F8280342
:104EA0004FF00040394632462B4607F057F906F0DE
:104EB000B5F8C4F82C034FF00040394632462B4673
:104EC00007F04CF906F0AAF8C4F830034FF00040A0
:104ED000394632462B4607F041F906F09FF8C4F8F0
:104EE00034034FF00040394632462B4607F036F97E
:104EF00006F094F8C4F838034FF0004039463246C3
:104F00002B4607F02BF906F089F8C4F83C034FF064
:104F10000040394632462B4607F020F906F07EF86D
:104F2000C4E9D0084FF00040394632462B46C4E968
:104F3000D288C4F8508307F011F906F06FF8C4F86E
:104F400054034FF00040394632462B4607F006F92D
:104F500006F064F8C4F858034FF000403946324672
:104F60002B4607F0FBF806F059F8C4F85C034FF045
:104F70000040394632462B4607F0F0F806F04EF86E
:104F8000C4F860034FF00040394632462B4607F024
:104F9000E5F806F043F8C4F864034FF000403946E2
:104FA00032462B4607F0DAF806F038F8C4F8680302
:104FB0004FF00040394632462B4607F0CFF806F056
:104FC0002DF8C4F86C034FF00040394632462B46AA
:104FD00007F0C4F806F022F8C4F870034FF0004060
:104FE000394632462B4607F0B9F806F017F8C4F8F0
:104FF00074034FF00040394632462B4607F0AEF8B6
:1050000006F00CF8C4F878034FF0004039463246F9
:105010002B4607F0A3F806F001F8C4F87C034FF024
:105020000040394632462B4607F098F805F0F6FF67
:1050300001462046C4F880130DF58C6DBDE8F08163
:105040002DE9F04F81B08046E5F7CEFB20B101B0ED
:10505000BDE8F04FFAF72CBA4CF28820C2F20000FB
:10506000016846F29F0946F2A043C4F2020946F2E3
:105070003F4EC4F2020308204945C4F2020E10DD7F
:10508000714523DC46F2A002C4F2020291422CD008
:1050900046F21042C4F20202914238D046F2284051
:1050A0002EE046F23F02C4F20202914220DD46F2B7
:1050B0004002C4F20202914217D046F27002C4F2DA
:1050C0000202914223D046F2880019E046F24042A3
:1050D000C4F20202914208D046F27042C4F20202C7
:1050E000914214D046F288400AE04FF400200EE0CE
:1050F00046F21002C4F20202914208D046F22800A1
:10510000C4F20200814240F053824FF400704945DE
:105110004FF0040610DD714523DC46F2A002C4F214
:10512000020291422CD046F21042C4F20202914295
:1051300038D046F228422EE046F23F02C4F2020284
:10514000914220DD46F24002C4F20202914217D0A1
:1051500046F27002C4F20202914223D046F2880263
:1051600019E046F24042C4F20202914208D046F2EF
:105170007042C4F20202914214D046F288420AE020
:105180004FF480260EE046F21002C4F20202914271
:1051900008D046F22802C4F20202914240F00F8287
:1051A0004FF4807649454FF0010A10DD714523DC4C
:1051B00046F2A002C4F2020291422CD046F2104202
:1051C000C4F20202914238D046F228422EE046F262
:1051D0003F02C4F20202914220DD46F24002C4F2D4
:1051E0000202914217D046F27002C4F202029142CA
:1051F00023D046F2880219E046F24042C4F202028D
:10520000914208D046F27042C4F20202914214D098
:1052100046F288420AE04FF4803A0EE046F210026D
:10522000C4F20202914208D046F22802C4F20202FD
:10523000914240F0CF814FF0400A4CF2E822C2F296
:105240000002146808274C4510DD744523DC46F243
:10525000A002C4F2020294422CD046F21042C4F2E0
:105260000202944238D046F228422EE046F23F0233
:10527000C4F20202944220DD46F24002C4F202026D
:10528000944217D046F27002C4F20202944223D034
:1052900046F2880219E046F24042C4F20202944209
:1052A00008D046F27042C4F20202944214D046F290
:1052B00088420AE04FF400270EE046F21002C4F2E2
:1052C0000202944208D046F22802C4F2020294423A
:1052D00040F08B814FF400774C454FF0040210DD15
:1052E000744523DC46F2A003C4F202039C422CD096
:1052F00046F21043C4F202039C4238D046F22842E0
:105300002EE046F23F03C4F202039C4220DD46F247
:105310004003C4F202039C4217D046F27003C4F269
:1053200002039C4223D046F2880219E046F2404331
:10533000C4F202039C4208D046F27043C4F2020356
:105340009C4214D046F288420AE04FF480220EE0DC
:1053500046F21003C4F202039C4208D046F228022F
:10536000C4F20202944240F04B814FF48072304309
:105370004C454FF0010314DD46F2A0467445C4F2DB
:10538000020627DC46F2A005C4F20205AC4230D08A
:1053900046F21045C4F20205AC423BD046F2284327
:1053A00032E046F23F05C4F2020546F2A046AC42A6
:1053B000C4F2020620DD46F24005C4F20205AC420A
:1053C00017D046F27005C4F20205AC4222D046F274
:1053D000880319E046F24045C4F20205AC4208D009
:1053E00046F27045C4F20205AC4213D046F288433F
:1053F0000AE04FF480330DE046F21005C4F20205D6
:10540000AC4207D046F22803C4F202039C4240F0AB
:105410000281402342EA070540EA0A0C46F2080BE3
:10542000A6F14807A6F19C00C4F2020BB94202465D
:1054300012D80BF1B002914202D90BF57E720BE04B
:105440000BF15006B14246F2A046ABF10802C4F29D
:10545000020688BFABF10402126845EA030A12EAA9
:105460000C0F14D1BC420ED80BF1B000844202D90B
:105470000BF57E7007E00BF15002ABF1080094428F
:1054800088BFABF10400006810EA0A0F54D0B9429B
:10549000A6F194020FD946F27040C4F20200814294
:1054A0003FD046F28840C4F2020081423CD14FF422
:1054B0000065134601E10BF1B000814212D946F2BA
:1054C0001040C4F202008142A6F1980300F0AD80C2
:1054D00046F22840C4F20200814200F0A38046F266
:1054E000404015E00BF15000814248D946F270006F
:1054F000C4F2020081420BF1040300F0968046F2F0
:105500008800C4F20200814200F08C8046F2A000C4
:10551000C4F2020081420CBF4FF400154FF0006549
:10552000CBE020251346C8E04FF00065B14208BF2C
:105530004FF400151346C0E04CF62820C2F20000DC
:10554000C06C0168B94272D956F89C0C49454FF0BD
:10555000200240F39680714500F3CC8046F2A00310
:10556000C4F20203994200F0D48046F21043C4F220
:105570000203994200F02B8146F2284220E146F2D4
:105580001000C4F20200814200F0958046F228002B
:10559000C4F20200814200F08B8046F24000C4F267
:1055A000020081420CBF4FF400154FF0006583E00C
:1055B0004FF00070994208BF4FF40020A7E546F273
:1055C000A0424FF08076C4F20202914208BF4FF42D
:1055D0008026E7E546F2A0424FF4800AC4F20202B8
:1055E000914208BF4FF4803A27E646F2A0424FF0BE
:1055F0000077C4F20202944208BF4FF400276BE622
:1056000046F2A0434FF08072C4F202039C4208BFEE
:105610004FF48022ABE64FF48003B44208BF4FF44E
:105620008033F7E64FF4006547E0202545E00BF1B5
:10563000B006B1421ED9DBF8F80349454FF020020D
:1056400040F3868046F2A0477145C4F2020700F39A
:10565000E78046F2A003C4F20203994200F0FE8004
:1056600046F21043C4F20203994200F00C8146F264
:10567000284201E10BF15005A9424FD95BF8042CF7
:105680004EE046F23F03C4F20203994240F3908099
:1056900046F24003C4F2020399423AD046F2700344
:1056A000C4F20203994200F0928046F2880287E039
:1056B0004FF4006500E020255B4645EA0C00BC4243
:1056C00018600DD80BF1B000844202D9A6F19802FF
:1056D00006E00BF15000844288BF0BF1040B5A46E0
:1056E0000520C2F800A088F81C0201B0BDE8F04F08
:1056F000E5F754B846F24043C4F20203994208D099
:1057000046F27043C4F20203994260D046F28842E6
:1057100056E04FF4001202425CD16DE15BF8082CB8
:1057200049454FF020032EDD714500F3888046F295
:10573000A000C4F20200814200F0938046F21040C3
:10574000C4F20200814200F0AF8046F22840A5E09A
:1057500046F23F03C4F2020346F2A0479942C4F264
:10576000020740F3818046F24003C4F202039942EB
:1057700074D046F27003C4F20203994200F08380B1
:1057800046F2880278E046F23F00C4F2020081420D
:105790007CDD46F24000C4F20200814261D046F254
:1057A0007000C4F2020081427ED046F2880075E0AB
:1057B00046F21003C4F20203994208D046F22802CE
:1057C000C4F20202914240F0BB804FF400620242F8
:1057D00000F0128146F27040C4F2020081420ED005
:1057E00046F28840C4F2020046F2A0428142C4F26E
:1057F00002020CD14FF4006042F8940CE2E046F251
:10580000A0422020C4F2020242F8940CDAE04FF0E9
:105810000060914208BF4FF4001042F8940CD1E0B0
:1058200046F24043C4F20203994217D046F2704355
:10583000C4F20203994226D046F288421CE046F2A6
:105840004040C4F2020081420BD046F27040C4F2E4
:105850000200814228D046F288401FE04FF4001237
:1058600011E04FF400131FE046F21003C4F20203EC
:10587000994208D046F22802C4F20202914240F056
:1058800080804FF40062024215D1B5E046F210006C
:10589000C4F20200814207D046F22800C4F202009E
:1058A000814275D14FF4006303EA0200002800F042
:1058B000A380B1421CD946F21040C4F202008142DA
:1058C00036D046F22840C4F2020046F2A04281429D
:1058D000C4F2020227D046F24040C4F202008142E4
:1058E0000CBF4FF400104FF0006042F8980C69E0D4
:1058F000A9422FD946F27000C4F2020081425AD068
:1059000046F28800C4F2020081424CD046F2A00068
:10591000C4F2020081420CBF4FF400104FF000604F
:10592000CBF804004EE04FF4006042F8980C49E0D8
:1059300046F2A0422020C4F2020242F8980C41E054
:105940004FF00062B14208BF4FF4001202427FF4F0
:1059500041AF51E046F21000C4F2020081422ED065
:1059600046F22800C4F20200814221D046F24000F3
:10597000C4F2020081420CBF4FF400104FF00060EF
:105980001EE04FF00062B94208BF4FF400127AE700
:1059900046F2A0404FF00063C4F20200814208BF0B
:1059A0004FF4001380E74FF40060CBF8040009E0E7
:1059B0004FF4006004E02020CBF8040002E0202037
:1059C000CBF8000098F81C02032828D0022816D033
:1059D000012811D10020C4F2020000F580600121ED
:1059E0000122DEF70DFF0221404688F81C1201B0AB
:1059F000BDE8F04F00F01AB901B0BDE8F08F00200B
:105A0000C4F2020010210122DEF7FAFE0321404613
:105A100088F81C1201B0BDE8F04F00F0E3B8002098
:105A2000C4F2020010210122DEF7EAFE04205AE649
:105A300070B52DED048B86B0044690F85800B0EE9A
:105A4000408A28B9DEF7E2FE6065012084F858003C
:105A500018EE100A20F00040B0F1FF4F0DDA9FED74
:105A60005E0AB4EEC08AF1EE10FA06D49FED5B0A2E
:105A7000B4EEC08AF1EE10FA02DB012084F859007E
:105A800094F8500060B9DEF7C1FE616D401A4BF624
:105A90002071C0F20201884224BF022084F859001C
:105AA00094F8590070B104F1080000F089FB00205F
:105AB0004CF62031C2F200010968486306B0BDEC23
:105AC000048B70BD94F8500000283ED09FED440A2E
:105AD00004F10800F0EE480A00F0F2FB10EE100AA4
:105AE00020F00040B0F1FF4F61DAB0EE408A9FED48
:105AF000380B002655EC104BC4F230364FF0004006
:105B0000314622462B4606F029FB05F087FA09EEBE
:105B1000100A40F2D070C8F20000314622462B46EF
:105B200006F01CFB05F07AFA00EE100AF0EE480AC7
:105B300004F07EFDF0EE400AB0EE490A04F054FD98
:105B4000BDEEC00A10EE100AB2E79FED250AB4EED2
:105B5000C08AF1EE10FA2EDBB4F85200013081B2A7
:105B6000C729A4F8520029D904F1080000F028FB45
:105B70009FED170B40F2D070002153EC102BC8F2B0
:105B80000000C4F2303106F0E9FA05F047FA00EE01
:105B9000100AB0EE001A80EE010A94ED0A1A0120F4
:105BA00084F8500080EE010A84ED080A8EE7012097
:105BB00084F859007BE70020A4F8520040F2CF702F
:105BC000B4EEC08AF1EE10FAA8BF4FF47A706FE716
:105BD0000000008000003043000020C200005C4252
:105BE000000034424CF62821C2F200018A6C12688F
:105BF0001268D20718BF7047C96C09680968C907DD
:105C000012D110B50021C4F2020104460846102149
:105C10000022DEF7F5FD04F1920004F18E0104226A
:105C2000BDE81040EAF706B8704700004CF628219E
:105C3000C2F200018A6C12681268D20718BF70475E
:105C4000C96C09680968C90712D110B50021C4F2EE
:105C500002010446084610210022DEF7D1FD04F1BE
:105C6000830004F178010B22BDE81040E9F7E2BFA0
:105C700070470000000000002DE9F04FA7B04CF67F
:105C80002031C2F2000109680446002084F85A005D
:105C90004863E5F75BF8EBF773FDE9F727FC28B1FC
:105CA000012084F85A0027B0BDE8F08FEAF784FDA0
:105CB0000028F5D0E9F754FD08B10220F1E74CF2D5
:105CC000BC40C2F20000E4F70FFC0028F5D09FEDC5
:105CD0005C0B40F2000855EC106B40F2DC50C4F253
:105CE0003038C8F20000414632462B4606F036FAFC
:105CF00005F094F99FED540B019051EC100B05F059
:105D00008DF983464FF00040414632462B4606F05F
:105D100025FA05F083F9074640F2D070C8F200007A
:105D2000414632462B4606F019FA05F077F98146CE
:105D30004FF00040414632462B46159706F00EFACA
:105D400005F06CF916904FF0000A4FF00040414604
:105D500032462B46CDE917AACDE919AA06F0FEF97D
:105D600005F05CF91B9001984146CDE91C0B4FF002
:105D7000004032462B461E9706F0F0F905F04EF92A
:105D80001F904FF00040414632462B4606F0E6F9A0
:105D900005F044F920904FF00040414632462B4632
:105DA00006F0DCF905F03AF9CDE921094FF00040A1
:105DB000414632462B46CDE9239706F0CFF905F050
:105DC0002DF9CDE9250904F1080015A900F074F9B1
:105DD0004FF07E50C4E9410A45F62940C3F68F5082
:105DE00041F27B4104F1C002CBF62E6182E803044C
:105DF0004CF62820C2F20000A4F852A084F850A06B
:105E0000A4F858A0C4E943AAC4E945AAC4F81CA14F
:105E1000C4E933AAC4F8D4A0E1F7FAFB08B103201F
:105E20003FE704F1680104F170000822E9F700FD82
:105E300084F81CA227B0BDE8F08F00BF00BF00BFF0
:105E400000000080000030437B14AE47E17AB43F8D
:105E500010B5044690F81C0228BBDEF7D7FC20667C
:105E6000012084F81C024CF62820C2F20000816C4C
:105E700009680968C90718BF10BDC06C00680068D0
:105E8000C00710D140F20040C4F2020001210022FC
:105E9000DEF7B6FC04F1680104F170000822BDE8E9
:105EA0001040E9F7C7BE10BD10B5044640F6347087
:105EB000C2F200001AA10322DAF786FC002804BF10
:105EC0000120607140F63470C2F2000015A1032277
:105ED000DAF77AFC002804BF0020607140F63470C5
:105EE000C2F2000010A10722DAF76EFC28B94CF6C6
:105EF0009C50C2F200000121017040F63470C2F2E1
:105F000000000BA10722DAF75FFC002818BF10BDC4
:105F10004CF69C50C2F200000021017010BD00BF81
:105F200042454700454E44004956413A42454700E4
:105F30004956413A454E44002DE9F0412DED028B82
:105F400086B00C46DEF762FC4BF63068C2F2000801
:105F50009FED470BD8F8007055EC106B0021C01B6B
:105F6000C4F2303132462B4606F0F8F805F056F808
:105F7000002F4AD09FED400B002708EE100A40F298
:105F8000FD20C4F2303753EC102BC8F20000394624
:105F900006F0E4F805F042F800EE100A2046394613
:105FA00032462B4628EE008A06F0D8F805F036F87F
:105FB00000EE100A88EE008A4BF63464C2F2000448
:105FC00094ED000A48F22B01C2F6D52138EE000A02
:105FD000BCEEC00A10EE100AA0FB0112D10940F27B
:105FE000FD2201FB120148F2810288B25043C00D2C
:105FF000A0EB002211448AB282F0FF010AD00228ED
:106000000AD100230846114609E0DEF7FFFBC8F875
:10601000000025E0134602E010460B4600211A025C
:1060200042EA014140EA03220B0C1B02A3EB11419F
:106030004CF6B033C2F20003C2F307221B68C2EB76
:106040000222C0EB002058639A63D963DEF7DEFBBF
:1060500094ED000AC8F8000030EE080A84ED000A4A
:1060600006B0BDEC028BBDE8F08100BF00BF00BFF1
:1060700000000000000030430000008000003043BA
:1060800010B54CF6B034C2F2000420460021E2F70D
:1060900011FB20460421E2F70DFB20460821BDE854
:1060A0001040E2F707BB00004FF4FA71FFF744BF5E
:1060B0007047000000000000F0B597B0044619B129
:1060C00020464822DAF75BFC9FED3B0B002755EC9E
:1060D000106BC4F230374FF00040394632462B4641
:1060E00006F03CF804F09AFF20604FF0004039467B
:1060F00032462B4606F032F804F090FF60604FF015
:106100000040394632462B4606F028F804F086FF58
:10611000A0604FF00040394632462B4606F01EF88C
:1061200004F07CFFE0604FF00040394632462B46D9
:1061300006F014F804F072FF20614FF00040394679
:1061400032462B4606F00AF804F068FF60614FF013
:106150000040394632462B4606F000F804F05EFF58
:10616000A0614FF00040394632462B4605F0F6FF5D
:1061700004F054FFA0624FF00040394632462B46EF
:1061800005F0ECFF04F04AFFE0624FF000403946B2
:1061900032462B4605F0E2FF04F040FF20634FF04B
:1061A0000040394632462B4605F0D8FF04F036FF52
:1061B000206417B0F0BD00BF000000800000304335
:1061C000F0B597B09FED3C0B002755EC106BC4F277
:1061D000303704464FF00040394632462B4605F032
:1061E000BDFF04F01BFF20604FF0004039463246EF
:1061F0002B4605F0B3FF04F011FF60604FF0004044
:10620000394632462B4605F0A9FF04F007FFA0608F
:106210004FF00040394632462B4605F09FFF04F010
:10622000FDFEE0604FF00040394632462B4605F057
:1062300095FF04F0F3FE20614FF0004039463246EE
:106240002B4605F08BFF04F0E9FE60614FF0004043
:10625000394632462B4605F081FF04F0DFFEA0618F
:106260004FF00040394632462B4605F077FF04F0E8
:10627000D5FEA0624FF00040394632462B4605F06D
:106280006DFF04F0CBFEE0624FF00040394632462D
:106290002B4605F063FF04F0C1FE20634FF0004081
:1062A000394632462B4605F059FF04F0B7FE20640C
:1062B00017B0F0BD00BF00BF0000008000003043F9
:1062C000F0B581B02DED108BB6B010EE101A21F0A4
:1062D0000041B1F1FF4F044680F2AD8010EE900A0C
:1062E00020F00040B0F1FF4F80F2A580D4ED069A77
:1062F00019EE900A20F00040B0F1FF4F80F29B8031
:1063000094ED04EA1EEE100A20F00040B0F1FF4FB9
:1063100080F2918094ED07DA1DEE100A20F0004023
:10632000B0F1FF4F80F2878094ED08FA1FEE100A5B
:1063300020F00040B0F1FF4F7DDAD4ED098A18EE6D
:10634000900A20F00040B0F1FF4F74DA94ED0DCACE
:106350001CEE100A20F00040B0F1FF4F6BDA94ED14
:106360000EBA1BEE100A20F00040B0F1FF4F62DAC7
:1063700094ED0F8A18EE100A20F00040B0F1FF4FA4
:1063800059DA94ED119A19EE100A20F00040B0F19C
:10639000FF4F50DA9FEDF41B002155EC116BC4F256
:1063A00030314FF0004032462B46B0EE60AAF0EE9E
:1063B00040AA05F0D3FE04F031FE00EE100AB4EE60
:1063C000C0CAF1EE10FA36D40021C4F230314FF0D9
:1063D000004032462B4605F0C1FE04F01FFE00EEE1
:1063E000100AB4EEC0BAF1EE10FA24D40021C4F2BF
:1063F00030314FF0004032462B4605F0AFFE04F03E
:106400000DFE00EE100AB4EEC08AF1EE10FA12D4BE
:106410000021C4F230314FF0004032462B4605F0E7
:106420009DFE04F0FBFD00EE100AB4EEC09AF1EE02
:1064300010FA40F185809FEDD60B002755EC106BCC
:10644000C4F230374FF00040394632462B4605F053
:1064500085FE04F0E3FD20604FF0004039463246EF
:106460002B4605F07BFE04F0D9FD60604FF0004044
:10647000394632462B4605F071FE04F0CFFDA06090
:106480004FF00040394632462B4605F067FE04F0D7
:10649000C5FDE0604FF00040394632462B4605F01E
:1064A0005DFE04F0BBFD20614FF0004039463246EE
:1064B0002B4605F053FE04F0B1FD60614FF0004043
:1064C000394632462B4605F049FE04F0A7FDA0618F
:1064D0004FF00040394632462B4605F03FFE04F0AF
:1064E0009DFDA0624FF00040394632462B4605F034
:1064F00035FE04F093FDE0624FF00040394632462D
:106500002B4605F02BFE04F089FD20634FF0004080
:10651000394632462B4605F021FE04F07FFD20640B
:106520004FF00040394632462B4605F017FE04F086
:1065300075FD00EE100A36B0BDEC108B01B0F0BD59
:1065400084ED01AA3AEECAAA00212AEE0DDAC4F2BD
:1065500030314FF0004032462B46C4ED00AA84EDA6
:1065600005AA84ED0ADA05F0F9FD04F057FD00EE06
:10657000100AB4EE40FAF1EE10FA16D0B0EECF0ADF
:106580008BEE002A39EE8A0A84ED060AB1EE421A31
:10659000B4EEC10AF1EE10FA14D4B4EEC20AF1EE70
:1065A00010FAB0EE421A0DDC10E00021C4F23031D6
:1065B0004FF0004032462B4605F0D0FD04F02EFD92
:1065C00001EE100AB0EE410A84ED061A20EE0FFA31
:1065D0003AEE4E0A002120EE28EAC4F230316FF084
:1065E000004032462B4684ED0BFA84ED0CEA05F0B0
:1065F000B5FD04F013FD00EE100A20EE0C0AB4EE17
:10660000C0DAF1EE10FA0FD50021C4F230316FF08C
:10661000004032462B4605F0A1FD04F0FFFC00EEE1
:10662000100A20EE0CCA04E0B4EECCDAF1EE10FA57
:1066300003DDB0EE4CDA84ED0ACA0021C4F2303139
:106640006FF0004032462B4605F088FD04F0E6FC72
:1066500000EE100A20EE0B0AB4EEC0FAF1EE10FACA
:106660000FD50021C4F230316FF0004032462B4686
:1066700005F074FD04F0D2FC00EE100A20EE0BBA17
:1066800004E0B4EECBFAF1EE10FA03DDB0EE4BFA13
:1066900084ED0BBA0021C4F230316FF00040324675
:1066A0002B4605F05BFD04F0B9FC00EE100A20EE6D
:1066B000080AB4EEC0EAF1EE10FA0FD50021C4F2D8
:1066C00030316FF0004032462B4605F047FD04F0B4
:1066D000A5FC00EE100A20EE088A04E0B4EEC8EA39
:1066E000F1EE10FA03DDB0EE48EA84ED0C8A3DEEDF
:1066F0000F0A30EE0E8A18EE100A20F00040B0F1BA
:10670000FF4F84ED108A23DA0021C4F230316FF09C
:10671000004032462B4605F021FD04F07FFC00EEE0
:10672000100A20EE090AB4EEC08AF1EE10FA1FD565
:106730000021C4F230316FF0004032462B4605F0A4
:106740000DFD04F06BFC00EE100A20EE099A14E037
:106750002046FFF735FD0021C4F230314FF00040F4
:10676000E1E600BF00BF00BF000000800000304332
:10677000B4EEC98AF1EE10FA03DDB0EE498A84ED79
:10678000109AB0EE480A84ED04AAD4E600BF00BF18
:1067900000000080000030432DE9F0478AB09FEDF3
:1067A000420B0027804655EC106B48F28040C4F243
:1067B0003037C0F21E00394632462B4605F0CEFC7B
:1067C00004F02CFC9FED3E0A01EE100A81EE000A57
:1067D00041F28830C8F200003946BDEEC00A10EE22
:1067E000104A9FED330B59EC10AB52464B4605F067
:1067F000B5FC04F013FC00EE100AB7EE001A21EE0F
:10680000000A10EE100A05F0ADFF9FED2B0B53ECC4
:10681000102B05F0F5F905F09FF898F80C100027FB
:10682000002904BF012188F80C10611E8CB24CF6BF
:106830006831C2F200010968C4F23037B0EB540F7E
:1068400088BF6008CC62C863394632462B4605F0E3
:1068500085FC04F0E3FB2046394632462B4605F022
:106860007DFC04F0DBFB0220C8F2000039465246F2
:106870004B4605F073FC04F0D1FBB420DDF7DCFDE2
:1068800098F80C0060B100224CF66830C2F20000AB
:10689000082188F80C200AB0BDE8F047E1F78CBF6A
:1068A0000AB0BDE8F08700BF0000000000003043E0
:1068B0000000008000003043000000000000E03FC6
:1068C00000007A4410B54CF668340021C2F200048E
:1068D000816001732068532181622046E1F7A4FAA8
:1068E00020460821BDE81040E1F7E4BE00000000AA
:1068F0002DE9F04F81B02DED048B8EB0D0F808B0AB
:106900000446BBF1030F00F283809FED4D0B002680
:1069100058EC109B3220C4F23036C8F200003146E9
:106920004A46434605F01AFC04F078FB08EE100ACC
:106930000120C8F2000031464A46434605F00EFCED
:1069400004F06CFB9FED400B09EE100A5AEC105B53
:1069500048F28040C0F21E0031462A46534605F0F8
:10696000FDFB04F05BFB00EE100A80EE080A41F22A
:106970008830C8F2000031464A464346BDEEC00AA0
:1069800010EE107A05F0EAFB04F048FB00EE100A66
:1069900029EE000A10EE100A05F0E4FE9FED2C0B24
:1069A00053EC102B05F02CF904F0D6FF217B0026C8
:1069B000002904BF01212173791E8FB24CF6683182
:1069C000C2F200010968C4F23036B0EB570F88BF3D
:1069D0007808CF62C86331462A46534605F0BEFBAD
:1069E00004F01CFB384631462A46534605F0B6FBF8
:1069F00004F014FB0220C8F2000031464A46434628
:106A000005F0ACFB04F00AFB0BF10100A06010E004
:106A1000207B70B100224CF66830C2F200000821E1
:106A200022730EB0BDEC048B01B0BDE8F04FE1F76E
:106A3000C3BE0EB0BDEC048B01B0BDE8F08F00BF4B
:106A400000000080000030430000000000003043E0
:106A5000000000000000E03F704700000000000060
:106A600091F82000012818BF70472DE9F04381B04C
:106A70002DED028B88B0086948F6AD380003C6F6E4
:106A8000DB0850FB08F09FED440B421340F2000975
:106A900002EBD07054EC105BC4F230390F7880F008
:106AA00000400E4649462A46234605F057FB04F0AF
:106AB000B5FA00EE100AB6EE008A30EE080A03F0CE
:106AC0005BFDBCEEC00A10EE102A38460021E8F744
:106AD000E1FC70693779000350FB08F0411301EBCA
:106AE000D07080F0004049462A46234605F036FB28
:106AF00004F094FA00EE100A30EE080A03F03CFDB0
:106B0000BCEEC00A10EE102A38460021E8F7C2FC9D
:106B1000B069377A000350FB08F0411301EBD070E5
:106B200080F0004049462A46234605F017FB04F052
:106B300075FA00EE100A30EE080A03F01DFDBCEEF7
:106B4000C00A10EE102A38460021E8F7A3FCF069CD
:106B5000377B000350FB08F0411301EBD07080F04D
:106B6000004049462A46234605F0F8FA04F056FA52
:106B700000EE100A30EE080A03F0FEFCBCEEC00A7C
:106B800010EE102A3846002108B0BDEC028B01B08F
:106B9000BDE8F043E8F77EBC000000800000304311
:106BA000042B18BF70472DE9F04184B00D464DF21B
:106BB000D2511446C0F6020128460422D9F74FFEEE
:106BC000002840F0868048F2A061C0F201012B1D30
:106BD00000206FF4FA6EEC4600251A782D2A01D0B9
:106BE0002B2A07D12D3A13F8017FB2FA82F24FEA2D
:106BF000521802E04FF000081746A7F13A0212F1CE
:106C00000A0F5DD300268E425ADC5A7806EB8606C0
:106C100007EB4606A2F13007092FA6F130062AD865
:106C20008E424DDC9F7806EB860602EB4602A7F10A
:106C30003006092EA2F130061FD88E4240DCDA78E9
:106C400006EB860607EB4606A2F13007092FA6F1F0
:106C5000300615D88E4233DC13F8047F06EB860627
:106C600002EB4602A7F130060A2EA2F13006CAD383
:106C70001F46013B06E05F1C04E09F1C013301E05E
:106C8000DF1C0233B8F1000F18BF7642A6F6C5121A
:106C9000724515D3022D4CF8256004D83A782C2A79
:106CA0000ED19F1C01E03A7852B9022D05F1010581
:106CB0004FF0000088BF0120042D3B467FF48DAFCC
:106CC000C00706D09DE80F0040F6B837BA1A029206
:106CD0000FC404B0BDE8F0417047000000000000A0
:106CE0002DE9F0472DED028B8AB040F23811C2F247
:106CF000000109780446042924D8DFE801F00317CD
:106D00000D12080040F25C00C2F2000012E040F2F6
:106D10009C00C2F200000DE040F27C00C2F20000D4
:106D200008E040F28C00C2F2000003E040F26C0088
:106D3000C2F20000016842688368C068A160E26036
:106D4000236160610420E8F74FFF00200021EAF78B
:106D500083FD9FED430B40F2000855EC106B322091
:106D6000C4F23038C8F20000414632462B4605F0E6
:106D7000F5F904F053F900EE100AE8F7D1FB40F200
:106D80003319C8F2000940F2DC5A277A48464146D6
:106D900032462B46C4F818A005F0E0F904F03EF99D
:106DA00000EE100AB6EE008A30EE080A03F0E4FBAB
:106DB000BCEEC00A10EE102A38460021E8F76AFB44
:106DC000277B4846414632462B46C4F81CA005F0B6
:106DD000C5F904F023F900EE100A30EE080A03F0BA
:106DE000CBFBBCEEC00A10EE102A38460021E8F7B3
:106DF00051FB277C4846414632462B46C4F820A02A
:106E000005F0ACF904F00AF900EE100A30EE080AB9
:106E100003F0B2FBBCEEC00A10EE102A3846002187
:106E2000E8F738FB277D4846414632462B46C4F8F2
:106E300024A005F093F904F0F1F800EE100A30EE0A
:106E4000080A03F099FBBCEEC00A10EE102A38467F
:106E500000210AB0BDEC028BBDE8F047E8F71ABB91
:106E60000000008000003043F0B589B004460420E3
:106E7000E8F7BAFE00200890EFF3108CEFF31082D1
:106E800072B6D4E9041E04F11807D4E90223E0CF56
:106E9000646ACDE9021E04A9CDE90023E0C107948C
:106EA0008CF3108804AF8ECFA2F5FA72A1F5FA71B7
:106EB000B1F5FA6F4FF0000198BF0121B2F5FA6FFA
:106EC0004FF00002A3F5FA7398BF0122B3F5FA6FF1
:106ED0004FF00003A7F5FA7798BF0123B7F5FA6FD3
:106EE00098BF012018401040084069468DF82000E6
:106EF000FFF7B6FD09B0F0BD40F6347100F118029D
:106F0000C2F200010423FFF74BBE00002DE9F0415F
:106F1000CB6A4A6BD1F83CE04FF0000CC0E901327B
:106F200091F8693091ED0A0A9FED2B1AC0E903EC44
:106F300001F1080E91F8682043749EE8085020EE95
:106F4000010A01F1140880ED000A027498E8F001CA
:106F500040F8143F00F10C03012AC0E901CEF0C350
:106F6000C0F81C8018BFBDE8F08191F86D20D1F801
:106F7000A03591F8747501EB021291F87865D2F89A
:106F8000C45440F82730D1F8A43591F8757540F80D
:106F90002650D2F8C86440F8273091F87935D2F8F5
:106FA000CC7440F82360D1F8A83591F8766591F853
:106FB0007A5540F8263040F82570D1F8AC3591F874
:106FC0007775D2F8D02491F87B1540F8273040F837
:106FD0002120BDE8F08100BF0AD7233C000000005B
:106FE0002DE9F04F81B02DED108B8EB00E460F467F
:106FF00056F8041F9246331D04460DCB04F12805B4
:10700000C4E9001028462C21C4E90223D9F713FD56
:1070100006F1100207CA96ED040A96ED051A96EDE0
:10702000062A96ED073A96ED084A96ED095A04F1BC
:10703000100307C333EE400A34EE411A35EE422AFC
:107040003046294684ED070A84ED081A84ED092AA2
:10705000EEF786FFD6F8DC0006F1F40304F1340CF9
:107060000ECBD6F804518CE80F04B6F810019FED52
:10707000EE0B40F20008A564A4F850005BEC105B36
:107080000120C4F2303896ED00BA96ED018A96EDF3
:10709000029A96ED03AAC8F2000041462A465B46D2
:1070A00005F05CF803F0BAFF01900220C8F200007E
:1070B00041462A465B4605F051F803F0AFFF814692
:1070C0004FF0004041462A465B4605F047F803F082
:1070D000A5FF96ED0ACA1CEE101A21F00041B1F18D
:1070E000FF4F23DA396B21F00041B1F1FF4F1DDA78
:1070F000796B002621F00041B1F1FF4F17DA002132
:10710000C4F2303180464FF000402A465B4605F01D
:1071100025F803F083FF014600EE101A4046B4EE56
:10712000C0CAF1EE10FAA8BF012600E0002697EDD4
:107130000CFA97ED0DEA97ED11DA6EB31DEE101A09
:1071400021F00041B1F1FF4F26DAD7ED128A18EE97
:10715000901A21F00041B1F1FF4F1DDAF96C0026C1
:1071600021F00041B1F1FF4F17DA0021C4F23031B4
:1071700080464FF000402A465B4604F0EFFF03F0E4
:107180004DFF014600EE101A4046F4EEC08AF1EEC3
:1071900010FAA8BF012600E00026D7ED12AAD7ED0D
:1071A000139AD7ED178A66B318EE901A21F00041B2
:1071B000B1F1FF4F25DA396E21F00041B1F1FF4FF7
:1071C0001FDA796E002621F00041B1F1FF4F19DA84
:1071D0000021D7ED19BAC4F2303180464FF000409B
:1071E0002A465B4604F0BAFF03F018FF014600EEA2
:1071F000101A4046F4EEC0BAF1EE10FAA8BF01260C
:1072000000E0002697F81611012940F0CF8097F88A
:107210001711C90700F0CA80002E00F0C7802BEEBE
:107220000A0A28EE091A31EE002A31EE400A2BEE46
:10723000091A28EE0A3A33EE414A33EE011A2BEED0
:10724000083A29EE0A5A35EE436A35EE033A2AEE39
:107250000A5A29EE097A68EE080A019977EE051AAA
:1072600030EE855A30EE877A00EE909A60EEE11AA1
:1072700002EE901ADFED6E3A71EEA21A20EE822A2B
:1072800022EE232A61EEA31A20EEC55A20EE844A8C
:1072900020EE800A20EE811A20EE866A20EE833AE4
:1072A00020EEC77AF7EE000A31EE822A24EE204A59
:1072B00034EE022A35EE224A24EE234A20EE230A37
:1072C00037EE225A30EE040A26EE234A21EE231A24
:1072D00023EE203A33EE000A31EE041A25EE203A6E
:1072E00033EE011A03EE100A22EE0C4A33EE0C3A8A
:1072F00024EE424A34EE033A22EE0F4A24EE404A8C
:1073000034EE033A22EE0E4A24EE414A34EE033ABA
:1073100020EE0D4A33EE2A3A24EE424A34EE033A86
:1073200020EE2A4A24EE404A34EE033A20EE294A5F
:1073300024EE414A34EE033A97ED194A21EE285AD9
:1073400025EE422A97ED185A33EE043A32EE032A1C
:1073500021EE053A23EE400A30EE020A21EE042A1D
:1073600022EE411A31EE000A10EE100A20F0004021
:10737000B0F1FF4F1ADA9FED2F1AB4EEC10AF1EE09
:1073800010FA13DB386890ED471AB4EEC10AF1EE3B
:1073900010FA0BD8D7F81011D0F81801AAEB010198
:1073A000814203D8E06C40F00100E06497F81801D6
:1073B000012803D1E06C40F00200E06497F8190165
:1073C00001280DD1D7F8040148F2A061AAEB000012
:1073D000C0F20101884203D8E06C40F00400E06490
:1073E0003868F9F70DFE18B1E06C40F00800E06471
:1073F00097F81A01012811D197F8170101280DD12A
:107400003868D7F8FC10D0E94802AAEB0101104413
:10741000814203D8E06C40F01000E0640EB0BDEC97
:10742000108B01B0BDE8F08F0000008000003043F9
:1074300000000000BD3786B5F0B581B041F284266A
:107440000C468F1901F5907144220546D9F797FA39
:10745000A059D5E908120844D7E90113AF6A1144CD
:10746000FA1805F1200307C301B0F0BD2DE9F04182
:1074700000220262EFF3108CEFF3108372B6D1E9B1
:10748000023E01F1100898E8F001496AC0E9003EA7
:1074900000F1080383E8F001C1618CF3108800F16A
:1074A00010078ACFC669A1F5FA71B1F5FA6F4FF0EE
:1074B0000001A3F5FA7398BF0121B3F5FA6F4FF0FD
:1074C0000003A7F5FA7798BF0123B7F5FA6F4FF0DD
:1074D0000007A6F5FA7698BF0127B6F5FA6F98BFB0
:1074E00001223A401A40114080F82010BDE8F08196
:1074F0002DE9F0410029044665D08846B1F1804F5E
:1075000080F0A2804FEA880002F025FC216820600C
:1075100011B1084600F028FD08F003000022B8F180
:10752000040F4FF00001C4F8048019D34FF6FC712A
:10753000C3F6FF7108EA0103002100BF266846F880
:107540002120266806EB81067260266806EB81061C
:10755000B260266806EB810604318B42F260EDD101
:1075600080B123680022012843F821200AD0236833
:10757000022803EB81035A6004D0206800EB8100ED
:1075800000218160204650F8083F23B34FF0553169
:1075900001EA5801A8EB01014FF0333202EA9102EF
:1075A00021F0CC31114401EB111121F0F0314FF0F9
:1075B000013251435D68090E0129A8F1010C0CD874
:1075C00005EA0C050FE0206800250028256018BF9B
:1075D00000F0CAFC6560BDE8F081454503D3B5FB0A
:1075E000F8F202FB1855226842F8250018680028B6
:1075F00008BFBDE8F08100BF4268012902D802EA55
:107600000C0205E0424503D3B2FBF8F606FB182254
:10761000AA420FD0266856F8227097B107681F60FB
:10762000276857F822703F680760276857F82220BC
:10763000106018462A460346006815460028DBD12C
:10764000C9E746F82230F6E700F06EFC00000000C3
:107650002DE9F04F81B02DED048B8CB04E6814787D
:107660008B460390CEB14FF0553101EA5601721AA4
:107670004FF0333101EA920122F0CC32114401EB98
:10768000111121F0F0324FF0013151430D0E012D57
:1076900004D8711E01EA040808E027E0A642A046CB
:1076A00004D8F1B2B4FBF1F202FB1148DBF8001090
:1076B00051F82810D1B10F68C7B1711E06E000BFA4
:1076C0003A7AA24200F0CA803F687FB17A68A2424B
:1076D000F6D0012D02D80A4006E000BFB24203D323
:1076E000B2FBF6F303FB16224245EDD01A9D0C20A7
:1076F00002F031FB07464FF0000A2868C7E900A4F2
:1077000000789FED7B0B3872DBF80C0000250094AD
:1077100054EC109BC4F23035013029464A462346CA
:1077200087F809A0029004F019FD03F077FC09EE38
:10773000100A304629464A462346CDF8049025468D
:1077400004F00CFD03F06AFC9BED048A00EE100AC5
:1077500020EE080AB4EEC09AF1EE10FA5A46C8BFFD
:107760004FF0010A26B1BAF1000F01D192468EE026
:10777000032E4FEA460004D3711E314018BF012189
:1077800000E00121DDE9009BA84641EA0005002157
:1077900002989246C4F230315A46434604F0DEFC69
:1077A00003F03CFC00EE100A80EE080A02F078FDBF
:1077B000BCEEC00A10EE104AA54288BF2C46012C30
:1077C00001D1022408E0601E044205D0204600F0EA
:1077D00093F8DAF804600446B44204D950462146CE
:1077E000FFF786FE43E042D2DAF80C000021C4F233
:1077F00030315A46434604F0B1FC03F00FFC9AEDD9
:10780000040A01EE100A81EE000A02F049FDBCEE06
:10781000C00A032E10EE100A22D34FF0553101EAB0
:107820005601711A4FF0333202EA910221F0CC3145
:10783000114401EB111121F0F0314FF001325143AD
:10784000090E01290CD8411EB1FA81F1C1F12001C4
:107850000122022828BF02FA01F003E000203EE0E6
:1078600000F04AF8844298BF0446B442B6D3DAF82E
:107870000460701E064202D100EA090807E04E4586
:1078800001D9C84603E0B9FBF6F000FB1698DAF818
:10789000001051F8280010B10168396018E00AF1B1
:1078A0000800026807603A6041F82800386880B133
:1078B0004068711E0E4201D1084005E0B04203D37A
:1078C000B0FBF6F101FB1600DAF8001001EB8000C6
:1078D0000760DAF80C000130CAF80C0001200399A7
:1078E0000F6008710CB0BDEC048B01B0BDE8F08FE7
:1078F00000000000000030432DE9F041D32816D8E5
:107900004DF270013022C0F6020100BF530801EBB6
:10791000830757F8046B6FEA520586423CBF531940
:107920003946002B1A46F1D10868BDE8F08110F104
:10793000040F80F0B1824CF29D024108C9F6094261
:10794000A1FB02124FEA9218D2224DF2301E08FB20
:107950001200C0F6020E08FB02F43027724600BF88
:107960007B0802EB830656F8045B6FEA57018542F9
:107970003CBF7B183246002B1F46F1D1A2EB0E0014
:107980004DF270038210C0F602034FF0D20C5EF885
:1079900022002044052400BF53F82450B0FBF5F624
:1079A000AE42C2D306FB05F1884200F06982013481
:1079B0002F2CF1D140F2A314A4F1D005B0FBF5F6C1
:1079C000AE42B2D306FB05F1884200F05982A4F121
:1079D000C606B0FBF6F70A35AF42A6D307FB06F1A1
:1079E000884200F04D82A4F1C406B0FBF6F70235E0
:1079F000AF429AD307FB06F1884200F04182A4F11E
:107A0000C006B0FBF6F70435AF428ED307FB06F194
:107A1000884200F03582A4F1BE06B0FBF6F70235CD
:107A2000AF42FFF482AF07FB06F1884200F02882E4
:107A3000A4F1BA06B0FBF6F70435AF42FFF475AF18
:107A400007FB06F1884200F01B82A4F1B406B0FBEC
:107A5000F6F70635AF42FFF468AF07FB06F1884240
:107A600000F00E82A4F1B206B0FBF6F70235AF4289
:107A7000FFF45BAF07FB06F1884200F00182A4F13E
:107A8000AC06B0FBF6F70635AF42FFF44EAF07FB8E
:107A900006F1884200F0F481A4F1A806B0FBF6F7E5
:107AA0000435AF42FFF441AF07FB06F1884200F016
:107AB000E781A4F1A606B0FBF6F70235AF42FFF46A
:107AC00034AF07FB06F1884200F0DA81A4F1A20688
:107AD000B0FBF6F70435AF42FFF427AF07FB06F122
:107AE000884200F0CD81A4F19C06B0FBF6F7063584
:107AF000AF42FFF41AAF07FB06F1884200F0C081E5
:107B0000A4F19606B0FBF6F70635AF42FFF40DAFD1
:107B100007FB06F1884200F0B381A4F19406B0FBA4
:107B2000F6F70235AF42FFF400AF07FB06F18842DB
:107B300000F0A681A4F18E06B0FBF6F70635AF4241
:107B4000FFF4F3AE07FB06F1884200F09981A4F13F
:107B50008A06B0FBF6F70435AF42FFF4E6AE07FB4A
:107B600006F1884200F08C81A4F18806B0FBF6F79C
:107B70000235AF42FFF4D9AE07FB06F1884200F0B0
:107B80007F81A4F18206B0FBF6F70635AF42FFF421
:107B9000CCAE07FB06F1884200F07281A4F17E06AC
:107BA000B0FBF6F70435AF42FFF4BFAE07FB06F1BA
:107BB000884200F06581A4F17806B0FBF6F706353F
:107BC000AF42FFF4B2AE07FB06F1884200F05881E5
:107BD000A4F17006B0FBF6F70835AF42FFF4A5AE8E
:107BE00007FB06F1884200F04B81A4F16C06B0FB64
:107BF000F6F70435AF42FFF498AE07FB06F1884272
:107C000000F03E81A4F16A06B0FBF6F70235AF4200
:107C1000FFF48BAE07FB06F1884200F03181A4F13E
:107C20006606B0FBF6F70435AF42FFF47EAE07FB05
:107C300006F1884200F02481A4F16406B0FBF6F757
:107C40000235AF42FFF471AE07FB06F1884200F047
:107C50001781A4F16006B0FBF6F70435AF42FFF4DC
:107C600064AE07FB06F1884200F00A81A4F15806D1
:107C7000B0FBF6F70835AF42FFF457AE07FB06F14D
:107C8000884200F0FD80A4F15206B0FBF6F70635FD
:107C9000AF42FFF44AAE07FB06F1884200F0F080E5
:107CA000A4F14E06B0FBF6F70435AF42FFF43DAE4B
:107CB00007FB06F1884200F0E380A4F14806B0FB20
:107CC000F6F70635AF42FFF430AE07FB06F1884207
:107CD00000F0D680A4F14606B0FBF6F70235AF42BD
:107CE000FFF423AE07FB06F1884200F0C980A4F13F
:107CF0004206B0FBF6F70435AF42FFF416AE07FBC1
:107D000006F1884200F0BC80A4F13C06B0FBF6F717
:107D10000635AF42FFF409AE07FB06F1884200F0DA
:107D2000AF80A4F13A06B0FBF6F70235AF42FFF49C
:107D3000FCAD07FB06F1884200F0A280A4F13406F6
:107D4000B0FBF6F70635AF42FFF4EFAD07FB06F1E7
:107D5000884200F09580A4F12E06B0FBF6F70635B8
:107D6000AF42FFF4E2AD07FB06F1884200F08880E5
:107D7000A4F12A06B0FBF6F70435AF42FFF4D5AD07
:107D800007FB06F188427BD0A4F12806B0FBF6F78A
:107D90000235AF42FFF4C9AD07FB06F188426FD050
:107DA000A4F12406B0FBF6F70435AF42FFF4BDADF5
:107DB00007FB06F1884263D0A4F11E06B0FBF6F77C
:107DC0000635AF42FFF4B1AD07FB06F1884257D04C
:107DD000A4F11C06B0FBF6F70235AF42FFF4A5ADE7
:107DE00007FB06F188424BD0A4F11606B0FBF6F76C
:107DF0000635AF42FFF499AD07FB06F188423FD04C
:107E0000A4F11206B0FBF6F70435AF42FFF48DADD6
:107E100007FB06F1884233D0A4F11006B0FBF6F759
:107E20000235AF42FFF481AD07FB06F1884227D04F
:107E3000A4F10C06B0FBF6F70435AF42FFF475ADC4
:107E400007FB06F188421BD0A4F10A06B0FBF6F747
:107E50000235AF42FFF469AD07FB06F188420FD04F
:107E6000B0FBF4F605F10A018E4238BFBDE8F0819F
:107E700006FB04F1884204F1D2047FF49DAD00BFFB
:107E8000501C302808BF08F10108B0F1300218BFBB
:107E9000024608FB0CF47AE501A000F01CF800BFD4
:107EA0005F5F6E6578745F7072696D65206F76656F
:107EB00072666C6F7700000084B0844601A80EC023
:107EC00040F6900001AAC2F2000061460092D8F785
:107ED000F9FED9F782F901464DF28860C0F602003A
:107EE000FFF7EAFF4BF63860C2F200000068704707
:107EF00001A0FFF7E1FF00BF6261645F616C6C6F1E
:107F00006320776173207468726F776E20696E20CA
:107F10002D666E6F2D657863657074696F6E732062
:107F20006D6F64650000000001A0FFF7C5FF00BF92
:107F30006261645F61727261795F6E65775F6C65C3
:107F40006E67746820776173207468726F776E2033
:107F5000696E202D666E6F2D657863657074696F2C
:107F60006E73206D6F646500D8F723BE00207047E4
:107F7000FEE700004FF0FF30704700000020704720
:107F8000012070474FF0FF3070470000002070471D
:107F9000704700002DE9F04FBBB0DDF757FFE3F766
:107FA00083FDE3F701F8E2F7FDFD8046E2F7B6FF57
:107FB000E3F7C2FAE3F7AAF9E3F75AFAE3F73CFB6F
:107FC000E3F762F9E3F760FBE2F7FCFEE2F730FF6C
:107FD000E3F7FAFBE3F73AFCE3F718FCE2F75EFF9E
:107FE000E2F77CFFE3F7BEF8E3F7DEF8E3F7FEF82D
:107FF000E3F726F9E3F74CFCE2F7A8FEDA480DF1C7
:10800000BC0E2E90D8A0071D8ECFD0E9056C8EE84F
:108010008E0000F12403D0E907450ECB006BCDE9BB
:1080200036513A902EA831213396CDE93823CDE947
:1080300034C4E2F7C3FDB8F1000F47D0E2F792FD78
:108040004CF2684048F2A061C2F20000C0F20101A7
:10805000E2F748F942F2AC40C2F20000EAF718FC3D
:10806000CE480DF1340E0C90CCA0071D8ECFD0E978
:10807000056C8EE88E0000F12403D0E907450ECB95
:10808000006B1196CDE91623CDE91451CDE912C448
:108090001890DCF7BBFBA0F57A750CAC03E000BFD1
:1080A0001420DCF7C9F90020E2F75AFDE2F752FD8F
:1080B000DCF7ACFB401BB0F57A7FF1D3DCF7A6FB15
:1080C000054620463021E2F779FDE9E74CF6D82451
:1080D000C2F200044CF2C06B20460021C0F22D0B0E
:1080E0004FF00008E0F7E6FA20460421E0F7E2FA54
:1080F00020460821E0F7DEFA20460C21E0F7DAFA04
:108100004CF68844C2F2000420460021E0F7D2FA7F
:1081100020460421E0F7CEFA20460821E0F7CAFA0B
:108120004CF62030C2F200000021E0F7C3FA4CF216
:1081300068454CF2BC4440F2602A4BF6C4190CAFBF
:10814000C2F20005C2F20004C2F2000AC2F2000943
:1081500012E000BF4DF2276238464021C0F602020D
:108160003346D8F797F981B23846E2F727FD08F190
:108170000108B8F1050F6AD095A050F8286038467C
:10818000402198A23346D8F785F981B23846E2F704
:1081900015FD28465946E2F7A5F820465946E2F76C
:1081A000A1F840F21C20C2F2000050F8280001683B
:1081B000096888472846E2F797F910B32046E2F7A6
:1081C00093F9F0B1B8F1010F02D8E8F7FBFBC0B1A9
:1081D000B8F1030F08D0B8F1020FBBD199F85A00DB
:1081E0000028B7D00DE000BF9AF8A00148B19AF876
:1081F000A10130B19AF8A20118B19AF8A3010028A0
:10820000A8D14CF62030C2F2000000680021416382
:108210000020E2F7A5FC4DF2F554C0F602040CADC7
:1082200004E000BF4FF47A70DCF706F999F85A7051
:1082300028464021224633460097D8F72BF9411EA5
:108240003E29EFD881B22846E2F7B8FCEAE74DF2C2
:108250000000C0F6020090E88E000DF1900ED0E90B
:108260000465D0E9064C8EE88E00D0E90801CDE91E
:108270002865CDE92BC02D9124A826212A94E2F768
:108280009DFC5046ECF71CFD04464DF21E614DF27C
:10829000D750C0F60201C0F60200002C18BF0846F5
:1082A0004FF01D0118BF0821E2F788FCDAE97737A3
:1082B000DAF8E4614DF234620CADC0F602022846F1
:1082C0006021CDE90067D8F7E5F881B22846E2F7EA
:1082D00075FC4CB142F6FC54C2F200042046FEF795
:1082E000F1FA2046FEF758FA4DF26070C0F602002F
:1082F00090E88E000DF1080ED0E90465D0E9064C37
:108300008EE88E00D0E90801CDE90665CDE909C007
:108310000B9102A827210894E2F750FC4CF6286044
:10832000C2F2000001210170DCF770FA4CF62C61FA
:10833000C2F20001086042F6F45740F21C2042F2FB
:10834000AC4242F60C63C2F20007C2F20000C2F275
:108350000002C2F2000305210097E8F739FB002074
:108360003BB0BDE8F08F00BF424F4F543D56333312
:108370002045534B465F564F46415F3230323630D0
:108380003931365F52322055415254365F313135E2
:108390003230305F3845310D0A00000043414C3D1A
:1083A0004C4F434B5F5741544348444F475F5245FE
:1083B00053455420504F5745525F4359434C455FF6
:1083C00041545F535552464143450D0A0000000099
:1083D00077D6020870D6020881D6020867D602084E
:1083E00063D60208424F4F543D494E49545F2573AE
:1083F0000D0A0000F0B581B00D464CF6B0614CF6A8
:10840000A456C2F20001C2F200060F6831680446A9
:10841000081D00F02DF910B1601C0FD01AE0306873
:108420004CF64862C06AC2F200020121136801FAE8
:1084300000F023EA00001060601C0BD155B13068D9
:10844000011D4CF69C60C2F2000001B0BDE8F04096
:1084500000F0B0B93068E41944600BD34CF6AC506E
:10846000C2F2000000683168043101B0BDE8F0409C
:1084700000F070B94CF6A850C2F2000000683168F4
:10848000043100F067F94CF67860C2F20000016830
:108490008C4238BF046001B0F0BD00004CF6B05013
:1084A0004EF60451C2F20000CEF200014FF08052AD
:1084B0000368022BFCD30A60BFF34F8FBFF36F8FAB
:1084C000F6E7000008480068006880F308884FF06D
:1084D000000080F3148862B661B6BFF34F8FBFF31C
:1084E0006F8F00DF00BF000008ED00E080B582B0B4
:1084F0000020019040F2E070C2F2000000680130FC
:1085000006D04DF27850C0F60200E321E2F7E2F81F
:108510004FF0500080F31188BFF36F8FBFF34F8F80
:10852000019830B9019820B9019810B90198002834
:10853000F6D002B080BD0000F0B581B0044600F076
:1085400051F994F94560012E0FDB04F1240500BFB9
:10855000286850B1284601F01FFB002818BF00F022
:108560002BFA70B2013E0128F2DCFF2684F8456048
:1085700000F05AF900F036F994F94470012F0EDB3F
:1085800004F11005286850B1284601F005FB0028C9
:1085900018BF00F011FA78B2013F0128F2DC84F82C
:1085A000446001B0BDE8F04000F03EB9034648F237
:1085B000ED4021F00101C0F602004FF0807C03E99C
:1085C00003106FF00201A3F1440043E90912704760
:1085D00070B50D46044600F005F94CF6A456C2F2FB
:1085E00000063068406C90B93068012180F848106E
:1085F0006DB12846FFF7FEFE4EF60450CEF20000A5
:108600004FF080510160BFF34F8FBFF36F8F00F0C9
:108610000BF900F0E7F83068456C2DB131680020A7
:10862000002C08BF681E48643068002180F848109C
:1086300000F0FAF8284670BD017809B100207047B3
:108640004178012903D08A0705D402224270481ECE
:1086500018BF0120704780B54DF2CC60C0F6020013
:1086600000F004F80121017041707047D8F7B5FDA2
:108670000169D0E90132D1F804C09A6084455360A1
:1086800008BF4A6000220261086801380860086873
:108690007047000020B94CF6A450C2F200000068F8
:1086A000016B0878A5281CBF00207047022000BF7E
:1086B0000A1812F8013CA52B0DD10B5CA52B0BD190
:1086C0005378A52B0BD192780430A52AF0D002382C
:1086D000C0F38F0070470138C0F38F00704701303E
:1086E000C0F38F007047000048F64443C2F2000315
:1086F000036042F63460C2F2000008604FF48070FC
:10870000106070470420FBF719FEEFF3108072B67B
:108710004BF63C60C2F2000002A181670021C167F4
:10872000FEE700BF737461636B206F766572666CE1
:108730006F7700004FF0FF31024642F8081F00211A
:108740004260C0E90322016070470000002101611E
:108750007047000010B5D1F800C01CF1010213D021
:1087600000F1080462681368634511D853681C68F7
:10877000644510D85A68146864450ED85468236854
:10878000A6466345EED90AE00269D2F804E006E0A5
:108790009646224603E09E4601E096461A46C1F8F8
:1087A00004E0CEF808108A60516008610168013168
:1087B000016010BDD0F800C0436808619A68C1E943
:1087C0000132516099600CF10101016070470000B5
:1087D000DFF80C00016841F470010160704700008F
:1087E00088ED00E04FF0500080F31188BFF36F8FE9
:1087F000BFF34F8F40F2E070C2F2000001684A1CE4
:108800000029026018BF70474EF60450CEF20000F7
:108810000068000607D04DF27850C0F6020040F222
:108820009F11E1F757BF704710B540F2E074C2F2F4
:108830000004206840B94DF27850C0F602004FF4B1
:10884000D371E1F747FF20680138206018BF10BDE1
:10885000002080F3118810BD4EF21000CEF200000F
:1088600000210160816049F23F01C0F202014160D4
:10887000072101607047000080B5EFF305801028E4
:1088800013D34EF2F031CEF20001405C4CF6306171
:10889000C2F200010978884207D24DF27850C0F642
:1088A000020040F2F221E1F715FF4EF60C50CEF235
:1088B00000004CF634610068C2F20001096800F45F
:1088C000E060884298BF80BD4DF27850C0F602004B
:1088D00040F20231BDE88040E1F7FCBE70B50028EF
:1088E00050D04CF64065C2F200050446286838B105
:1088F0004DF21A50C0F6020040F24451E1F7EAFE90
:108900002868013028604CF6B0604CF6A455C2F2DD
:108910000000C2F20005066828680430FFF7A8FED0
:1089200060B928684CF64862C06AC2F200020121B0
:10893000136801FA00F023EA000010602868A41907
:10894000446009D34CF6AC50C2F2000000682968BC
:108950000431FFF7FFFE10E04CF6A850C2F2000011
:10896000006829680431FFF7F5FE4CF67860C2F222
:10897000000001688C4238BF046001F055F90028FE
:1089800018BF70BD4EF60450CEF200004FF080517B
:108990000160BFF34F8FBFF36F8F70BD4CF67C61EA
:1089A000C2F20001096801604CF6B061C2F2000138
:1089B00009684160704700004CF6B460C2F20000E4
:1089C0000121016070470000F0B581B005460C46FA
:1089D00038B94DF21A50C0F6020041F2A831E1F761
:1089E00079FEFFF749FFEFF311874FF0500080F356
:1089F0001188BFF36F8FBFF34F8F022195F84800A6
:108A000085F84810696C012801F10101696442D1BF
:108A1000A86A38B14DF21A50C0F6020041F2CE31C8
:108A2000E1F758FE4CF64060C2F20000006830B139
:108A30004CF6846005F11801C2F2000016E02E1D0C
:108A40003046FFF715FE4CF64862E86AC2F20002B3
:108A5000012113688140194311604CF6B05100EBBD
:108A60008000C2F2000101EB80003146FFF7A2FE58
:108A70004CF6A451C2F20001E86A0968C96A88424A
:108A800009D9002C1CBF012020604CF6B460C2F252
:108A900000000121016087F3118801B0F0BD0000E2
:108AA000B0B50C4650B94DF21A51C0F60201054658
:108AB000084640F6FA31E1F70DFE28464CF6A4517F
:108AC000C2F2000109681831FFF744FE2046012177
:108AD000BDE8B040FFF78EBC10B586B0002405A8F5
:108AE00004A903AACDE90444FFF7FEFDDDE9032054
:108AF00005990023CDE9010148F29D40C0F602002E
:108B000013A1009400F03AFD4CF67461C2F200012A
:108B10000860D8B14FF0500080F31188BFF36F8F19
:108B2000BFF34F8F4CF67860C2F200004FF0FF3178
:108B300001604CF69860C2F20000012101604CF621
:108B4000B060C2F20000046000F066F806B010BD2C
:108B500049444C45000000004CF64060C2F2000061
:108B600001680131016070474CF64060C2F20000BC
:108B7000006830B14CF6B460C2F20000012101601F
:108B80007047B0B54CF6B460C2F2000000214CF65C
:108B9000A4540160C2F200042068006B0168B1F1C6
:108BA000A53F0BD14168B1F1A53F07D18168B1F173
:108BB000A53F03D1C068B0F1A53F04D0206821686B
:108BC0003431FFF79FFD4CF64860C2F200000068A8
:108BD000B0FA80F0C0B2C0F11F004CF6B05100EB0B
:108BE0008000C2F2000151F8202001EB80053AB963
:108BF0004DF21A50C0F6020040F6E131E1F76AFD8D
:108C0000686805F1080140688842686001D14068E1
:108C10006860C0682060B0BDB0B584B04EF200445A
:108C2000CEF200044CF27025C4F20F15D4F80009FE
:108C3000691C884207D14DF27850C0F602004FF40B
:108C40009471E1F747FDD4F80009A84207D14DF22D
:108C50007850C0F6020040F22911E1F73BFD207880
:108C60004CF630610290FF2020702078C2F20001A3
:108C70008DF807009DF807004CF6346500F05000B1
:108C80000870C2F20005072028609DF90700B0F1C6
:108C9000FF3F37DC032000BFC11C29609DF807207F
:108CA00052008DF807209DF90720B2F1FF3F24DC28
:108CB000811C29609DF8072052008DF807209DF93E
:108CC0000720B2F1FF3F18DC411C29609DF8072006
:108CD00052008DF807209DF90720B2F1FF3F0CDC10
:108CE00028609DF80710043849008DF807109DF999
:108CF0000710B1F1FF3FCFDD011D032902D14FF471
:108D000040700CE04DF27850C0F602004FF4AD71A7
:108D1000E1F7E0FC28684FF4E06101EA00202860F8
:108D200002982070D4F8200940F47000C4F820099B
:108D3000D4F8200940F07040C4F82009FFF78CFDFA
:108D400040F2E074C2F2000400252560FFF740FD08
:108D50004EF63470CEF20000016841F040410160EF
:108D6000FFF7B0FBFFF700FF03952068013006D046
:108D70004DF27850C0F60200E321E1F7ABFC4FF072
:108D8000500080F31188BFF36F8FBFF34F8F00BF88
:108D9000039830B9039820B9039810B903980028B4
:108DA000F6D0002004B0B0BD80B54FF0500080F385
:108DB0001188BFF36F8FBFF34F8F00F0EDFD30B11F
:108DC0004EF60450CEF200004FF0805101600020BA
:108DD00080F3118880BD0000F0B581B01C461546B7
:108DE00006460F4610B15CB19FB116E04DF24950F6
:108DF000C0F602004FF49D71E1F76CFC002CF3D13A
:108E00004DF24950C0F602004FF49F71E1F762FC49
:108E10001FB915B14FF4A17103E047B13DB940F25C
:108E200043114DF24950C0F60200E1F753FC4820CF
:108E300000900098482807D04DF24950C0F6020033
:108E400040F24B11E1F746FC00981CB3002F08BF1D
:108E500025462560C4E90F67FFF7C4FC2068D4E904
:108E60000F12002702FB0103013901FB0201A76376
:108E7000C4E90103FF20E16084F8440084F8450060
:108E800004F11000FFF756FC04F12400FFF752FC38
:108E9000FFF7CAFC204601B0F0BD00002DE9F04FFD
:108EA00083B01D4617468A460446029218B1BAF1AD
:108EB000000F15D10AE04DF24950C0F6020040F211
:108EC000EA21E1F707FCBAF1000F09D1206C38B1B3
:108ED0004DF24950C0F6020040F2EB21E1F7FAFBF7
:108EE000022D0AD1E06B012807D04DF24950C0F69F
:108EF00002004FF43B71E1F7EDFB00F033FD40B9A8
:108F00003FB14DF24950C0F6020040F2EF21E1F7C7
:108F1000E1FBFFF767FCA06B022D55D0E16B8842A7
:108F200052D30298002800F0E2806846FFF736FD31
:108F3000FFF77AFCFFF710FEFFF754FC94F84400AB
:108F4000FF2804BF002084F8440094F84500FF285F
:108F500004BF002084F84500FFF766FC684602A9BC
:108F600000F0C6FA28B12046FFF7E6FA00F05CFEF2
:108F7000BFE004F11008FFF735FCA76BE66BFFF7C5
:108F800053FCB74215D102994046FFF789FD2046B0
:108F9000FFF7D2FA00F048FE80B94EF60450CEF248
:108FA00000004FF080510160BFF34F8FBFF36F8F10
:108FB00004E02046FFF7C0FA00F036FEFFF712FC8F
:108FC000A06BE16B884244D2A76B226C3AB3CDB15F
:108FD000E0685146D7F78EFCE168206C2268091AD8
:108FE0009142E16003D2A16840420844E060A81EBB
:108FF000B0FA80F040093946002F18BF012108401F
:109000003F1A0CE060685146D7F774FCD4E90101BF
:10901000226C10448842606001D320686060781C34
:10902000A06354F8240F70B1204600F0B5FD50B194
:109030004EF60450CEF200004FF080510160BFF3B5
:109040004F8FBFF36F8FFFF7EFFB012003B0BDE839
:10905000F08FE94602AF0AE02046FFF76DFA00F014
:10906000E3FDFFF7BFFBA06BE16B8842ACD3029836
:1090700000283CD0FFF7D8FBFFF76EFDFFF7B2FBEF
:1090800094F84400FF2804BF002084F8440094F8BA
:109090004500FF2804BF002084F84500FFF7C4FB0B
:1090A0004846394600F024FA00287FF45CAFFFF709
:1090B00099FBA66BD4F83CB0FFF7B6FB5E45CBD16D
:1090C00002994046FFF7ECFC2046FFF735FA00F026
:1090D000ABFD0028C5D14EF60450CEF200004FF093
:1090E00080510160BFF34F8FBFF36F8FB9E7FFF778
:1090F0009BFB002003B0BDE8F08F00002DE9F04796
:109100001E46904605460F4608B19FB908E04DF24D
:109110004950C0F602004FF46F71E1F7DBFA4FB926
:10912000286C38B14DF24950C0F6020040F2BD3112
:10913000E1F7D0FA022E0AD1E86B012807D04DF2F0
:109140004950C0F6020040F2BE31E1F7C3FAFFF722
:1091500093FBEFF3118A4FF0500080F31188BFF3B7
:109160006F8FBFF34F8FA86B022E07D0E96B884239
:1091700004D300208AF31188BDE8F08795F8459064
:10918000A86BAC6B2A6C3AB3CEB1E8683946D7F716
:10919000B1FBE968286C2A68091A9142E96003D298
:1091A000A96840420844E860B01EB0FA80F0400967
:1091B0002146002C18BF01210840241A0CE06868E1
:1091C0003946D7F797FBD5E901012A6C104488424C
:1091D000686001D328686860601CB9F1FF0FA8635C
:1091E00011D155F8240F90B1284600F0D5FC014666
:1091F000B8F1000F4FF0010018BF00290CD18AF31D
:109200001188BDE8F08709F1010085F845000120CB
:109210008AF31188BDE8F087C8F800008AF3118846
:10922000BDE8F08770B505460C4638B94DF2495097
:10923000C0F6020040F26441E1F74CFA286C38B104
:109240004DF24950C0F602004FF48D61E1F742FA49
:10925000286848B9A86838B14DF24950C0F60200F4
:1092600040F26D41E1F736FAFFF706FBEFF31186A6
:109270004FF0500080F31188BFF36F8FBFF34F8F13
:10928000A96BE86B814215D295F845000131FF28A2
:10929000A96313D155F8240F98B1284600F07CFC3F
:1092A0000146002C4FF0010018BF00290DD186F3B4
:1092B000118870BD002086F3118870BD013085F8DB
:1092C0004500012086F3118870BD206086F3118867
:1092D00070BD00002DE9F04F83B016460D460446E0
:1092E000029208B19DB908E04DF24950C0F6020063
:1092F00040F20451E1F7EEF94DB9206C38B14DF26E
:109300004950C0F602004FF4A161E1F7E3F900F023
:1093100029FB40B93EB14DF24950C0F6020040F27F
:109320000D51E1F7D7F9FFF75DFAD4F838A0BAF19B
:10933000000F28D0226C52B1D4E902011144E1603F
:10934000814224BF2168E1602846D7F7D3FAAAF109
:109350000100A06354F8100F70B1204600F01CFC0F
:1093600050B14EF60450CEF200004FF08051016033
:10937000BFF34F8FBFF36F8F0124FFF755FA2046DD
:1093800003B0BDE8F08F0298002800F0AF80684677
:10939000FFF704FBFFF748FAFFF7DEFBFFF722FABF
:1093A00094F8440004F12408FF2804BF002084F846
:1093B000440094F84500FF2804BF002084F84500CD
:1093C000FFF732FA684602A900F092F860B1204631
:1093D000FFF7B2F800F028FCFFF704FAA66BFFF7DE
:1093E00023FA16BB0024CAE7FFF7FCF9A66BFFF7C8
:1093F0001BFA2EB12046FFF79FF800F015FC14E091
:1094000002994046FFF74CFB2046FFF795F800F025
:109410000BFC50B94EF60450CEF200004FF08051D4
:109420000160BFF34F8FBFF36F8FFFF7DBF9D4F805
:1094300038A0BAF1000F7FF47DAF4FF00009EB4682
:1094400002AE13E02046FFF777F800F0EDFBFFF7E0
:10945000C9F9A76BFFF7E8F9002FC3D0FFF7C2F9EE
:10946000D4F838A0BAF1000F7FF464AF0298002856
:109470003CD0FFF7D9F9FFF76FFBFFF7B3F994F88A
:109480004400FF2808BF84F8449094F84500FF2862
:1094900008BF84F84590FFF7C7F95846314600F0F9
:1094A00027F80028CED1FFF79DF9A76BFFF7BCF98D
:1094B0002FB12046FFF740F800F0B6FBCEE7029947
:1094C0004046FFF7EDFA2046FFF736F800F0ACFB18
:1094D0000028C3D14EF60450CEF200004FF0805168
:1094E0000160BFF34F8FBFF36F8FB7E7002444E7EE
:1094F00070B504460D4620B36DB3FFF773F94CF613
:10950000B06EC2F2000EDEF8003029684A1C2BD083
:109510004CF67C6CC2F2000CD4E90002DCF800606E
:10952000864201D0934223D29A1A91421ED9881AB8
:109530002860DCF800002060DEF800006060002495
:1095400017E04DF21A50C0F6020040F6CE41E1F7A6
:10955000C1F8002DD1D14DF21A50C0F6020040F6EC
:10956000CF41E1F7B7F8C8E7002402E00020286007
:109570000124FFF759F9204670BD00002DE9F0479E
:1095800082B0DDE90B45984617468A468146BCB154
:1095900005B34C20019001984C2807D04DF21A5089
:1095A000C0F6020040F25921E1F794F80198002C2E
:1095B0004FF0000018BF002D15D102B0BDE8F087B4
:1095C0004DF21A50C0F602004FF41471E1F782F820
:1095D000002DDED14DF21A50C0F6020040F25121AA
:1095E000E1F778F8D5E70A9EB9002046A5222C635A
:1095F000D7F7F7F9286BBAF1000F00EB8700A0F15D
:10960000040020F0070456D09AF80000002885F8DE
:1096100034004CD09AF80100002885F8350046D077
:109620009AF80200002885F8360040D09AF8030026
:1096300085F83700D8B39AF8040085F83800B0B33D
:109640009AF8050085F8390088B39AF8060085F87D
:109650003A0060B39AF8070085F83B0038B39AF8EF
:10966000080085F83C0010B39AF8090085F83D0021
:10967000E8B19AF80A0085F83E00C0B19AF80B00EC
:1096800085F83F0098B19AF80C0085F8400070B159
:109690009AF80D0085F8410048B19AF80E0085F857
:1096A000420000281CBF9AF80F0085F843000020F4
:1096B00085F8430002E0002085F834002F1D38466D
:1096C000052E28BF0526EE62FFF740F805F11800C9
:1096D000FFF73CF8C6F10600A86100202D616D621D
:1096E000686485F84800204649464246FEF75EFF1A
:1096F0002860FFF777F84CF63C60C2F20000016882
:109700004CF6A45601310160C2F2000631684CF6F5
:10971000986A4CF6B054C2F2000AC2F2000451B189
:10972000DAF80000002847D13068E96AC06A884248
:1097300098BF356040E03560006801283CD1204684
:10974000FEF7F8FF04F11400FEF7F4FF04F128001F
:10975000FEF7F0FF04F13C00FEF7ECFF04F15000CF
:10976000FEF7E8FF04F16400FEF7E4FF4CF64C68F6
:10977000C2F200084046FEF7DDFF4CF66069C2F217
:1097800000094846FEF7D6FF4CF68460C2F200009E
:10979000FEF7D0FF4CF69C60C2F20000FEF7CAFF55
:1097A0004CF6A850C2F20000C0F800804CF6AC5055
:1097B000C2F20000C0F800904CF64460C2F2000013
:1097C00001684CF6486201310160E86AC2F20002A9
:1097D000012113688140194300EB8000116004EB04
:1097E00080003946FEF7E6FFFFF71EF8DAF80000C2
:1097F00078B13068E96AC06A88420AD24EF60450ED
:10980000CEF200004FF080510160BFF34F8FBFF3E5
:109810006F8F284602B0BDE8F08700002DE9F041C7
:109820001F46164604460D4638B94DF21A50C0F68A
:10983000020041F22831E0F74DFFFFF71DF8EFF38A
:1098400011884FF0500080F31188BFF36F8FBFF382
:109850004F8F002F1CBF606C386094F84870022056
:10986000042E84F848001CD8DFE806F02603110D0A
:109870000600606C28430CE0022F04D1002088F31E
:109880001188BDE8F0816564012F17D004E0606C99
:1098900001306064012F11D0012088F31188BDE8E8
:1098A000F081606C013007D04DF21A50C0F6020012
:1098B00041F26B31E0F70EFF012FEDD1A06A38B114
:1098C0004DF21A50C0F6020041F27631E0F702FF85
:1098D0004CF64060C2F20000006830B14CF6846083
:1098E00004F11801C2F2000016E0251D2846FEF71B
:1098F000BFFE4CF64862E06AC2F200020121136822
:109900008140194311604CF6B05100EB8000C2F267
:10991000000101EB80002946FEF74CFF4CF6A451F4
:10992000C2F20001E06A0968C96A88420ED9069845
:1099300000281CBF012101604CF6B461C2F2000195
:109940000120086088F31188BDE8F081012088F3C8
:109950001188BDE8F08100004CF6A450C2F200006E
:10996000006870474CF69860C2F20000006800285A
:1099700004BF012070474CF64060C2F2000000684E
:10998000B0FA80F040094000704700004CF6B0602B
:10999000C2F20000006870472DE9F04F81B04CF62C
:1099A0004060C2F20000006840B14CF68060C2F234
:1099B00000000168002401310160A1E04CF6B060B4
:1099C000C2F2000001684CF6786511F1010BC2F299
:1099D0000005C0F800B028D34CF6A854C2F2000429
:1099E0002068006838B14DF21A50C0F6020040F607
:1099F000A921E0F76FFE4CF6AC51C2F200012068DD
:109A00000A68226008604CF67C60C2F200000168BF
:109A1000013101602068006820B12068C068C0681A
:109A2000406801E04FF0FF30286028684CF6A45AE7
:109A30008345C2F2000A01D200244BE04CF6A8563E
:109A4000C2F20006306800240068C8B34CF64868CB
:109A50000127C2F200081EE0D9F82C00D8F8001047
:109A600007FA00F21143C8F800104CF6B05100EBB1
:109A70008000C2F2000101EB80002946FEF79AFE49
:109A8000D9F82C00DAF80010C96A326888421068E8
:109A900028BF3C46B8B13068C068D0F80C904D463D
:109AA00055F8040F834510D32846FEF7E1FDD9F899
:109AB00028000028D0D009F11800FEF7D9FDCBE727
:109AC0004FF0FF3005E04FF0FF304CF67865C2F202
:109AD00000052860DAF800004CF6B051C06AC2F206
:109AE000000100EB800051F8200001284CF6B46022
:109AF000C2F2000088BF01240068002818BF0124BA
:109B0000204601B0BDE8F08F2DE9F0411E46154614
:109B100088460746FEF766FE4CF6A454C2F20004DF
:109B2000206890F84800022818D02068416C21EA8B
:109B30000701416420684FF0010180F848106EB1C0
:109B40003046FEF757FC4EF60450CEF200004FF0C0
:109B500080510160BFF34F8FBFF36F8FFEF764FE3C
:109B6000FEF740FE15B12068406C28602068002593
:109B700090F848100020022905D1216801254A6C7F
:109B800022EA08024A64216881F84800FEF74CFE88
:109B90002846BDE8F0810000B0B5C068C5683DB991
:109BA0004DF21A50C0F6020040F65541E0F792FD22
:109BB00005F118042046FEF75BFD4CF64060C2F24A
:109BC0000000006820B14CF68460C2F2000015E08D
:109BD0002C1D2046FEF74CFD4CF64862E86AC2F2A6
:109BE0000002012113688140194311604CF6B05105
:109BF00000EB8000C2F2000101EB80002146FEF77D
:109C0000D9FD4CF6A451C2F20001E86A0968C96A9C
:109C1000884291BF00204CF6B461C2F200010120DD
:109C200088BF0860B0BD00002DE9F04F81B04CF650
:109C30004064C2F20004206838B94DF21A50C0F6F0
:109C4000020040F69901E0F745FDFEF7CBFD2068E4
:109C500001382060206830B10024FEF7E5FD204681
:109C600001B0BDE8F08F4CF63C60C2F20000006825
:109C70000028F1D04CF68466C2F2000630684CF63B
:109C8000B4680028C2F2000843D04CF648654CF690
:109C9000B0594CF6A45A4FF0010BC2F20005C2F2C3
:109CA0000009C2F2000A00BFF068C76807F1180097
:109CB000FEF7DEFC3C1D2046FEF7DAFCF86A296858
:109CC0000BFA00F2114300EB8000296009EB8000E1
:109CD0002146FEF76FFDF86ADAF80010C96A88427B
:109CE00028BFC8F800B030680028DDD14CF6A85075
:109CF000C2F200000168096821B10068C068C0684C
:109D0000406801E04FF0FF304CF67861C2F200018C
:109D100008604CF68064C2F20004256855B1012643
:109D2000FFF73AFE002818BFC8F80060013DF7D1E0
:109D300000202060D8F8000000288DD04EF6045096
:109D4000CEF200004FF080510160BFF34F8F01242D
:109D5000BFF36F8F81E780B5E7F794FD00B180BD59
:109D6000FEF7C6F8FFF7F7BF80B5E7F79FFD00B134
:109D700080BDFEF7BDF8FFF7F7BF03B401984100BF
:109D8000009850EAC12018BF04204A0D18BF40F0C7
:109D9000010040F2FF72B2EB515F08BF40F00200D9
:109DA000012808BF052002B070474100080218BF13
:109DB00004200A0E18BF40F001004FF07F4232EA43
:109DC000010108BF40F00200012808BF05207047CC
:109DD00030B52DED048B81B0B0EE408AF0EE608A94
:109DE0006A4651EC180B01F087F800989FED329B02
:109DF0007E300090002821DC53EC192B51EC180B1D
:109E000001F070FD1AD0002140F6080002F020FF9A
:109E1000044651EC180B01F001F908EE100A40F667
:109E2000080004EA000102F013FFB5EEC08AF1EE6B
:109E300010FA04BF0220D6F73FFF2DE00098FF285C
:109E400030DB0021084602F003FF00F4400553EC2C
:109E5000192B51EC180B02F027F98CBF00240124B8
:109E60000220D6F729FF9FED168A4DB1002C0CBFBA
:109E70004FF400004FF48000A84218BF9FED118AF4
:109E80000421084602F0E4FE002C01BFB1EE480AAE
:109E900001B0BDEC048B30BDB0EE480A01B0BDECA2
:109EA000048B30BD51EC180B01F0B8F801B000EE96
:109EB000100ABDEC048B30BD000000000000000063
:109EC0000000807FFFFF7F7F10B54FF00E402DED2B
:109ED000028BB0EE408A18EE104A00EB4400B0F15D
:109EE000506F4AD84FF0FC40B0EB440F22D2B0EE96
:109EF000C80AF7EE000A30EEC00AF6EE000A60EE7D
:109F0000208A18EE900A01F03DF801EE100A14F0D4
:109F1000004F1DBFDFED2D0A9FED2D0AB1EE411A56
:109F2000DFED2C0A08BF9FED2C0AF8EE001A21EE97
:109F3000218A05E0DFED290A68EE088AB0EE600AA2
:109F40009FED271ADFED271A30EE080A48EE811A36
:109F50009FED251A08EEA11ADFED241A48EE811AAA
:109F60009FED231A08EEA11A68EE281ABDEC028BA9
:109F700001EE810A30EE200A10BD4FF0E440B0EB54
:109F8000440F0CD918EE100AFFF70FFF042808BF82
:109F900000F0D4FEB0EE480ABDEC028B10BD4FF0CD
:109FA0007F40B0EB440F07D2B0EE480ABDEC028B05
:109FB000BDE8104000F0ACBE0120D6F77DFEBDEC40
:109FC000028BBDE8104000F0A9BE00000000C9BF30
:109FD00022AAFDB90000C93F22AAFD3900000000F5
:109FE00024FE1C3DC78AD83C1E67383D1B93993D13
:109FF000AFAA2A3E70B54FF068422DED048BF0EE0B
:10A00000408A18EE900AB0EE608A18EE101A02EB41
:10A010004003B3F1654F3CBF02EB4102B2F1654F23
:10A020007DD200BFC0F3C753C1F3C7529A1A1B2A8F
:10A0300009DD10F0004F14BF9FED830A9FED830AE6
:10A04000BDEC048B70BD12F11A0F36DA11F0004F1F
:10A0500009D010F0004F0CBF9FED7D0A9FED7D0AE7
:10A06000BDEC048B70BD88EE889A19EE100AFFF7DC
:10A070009CFE042808BF00F061FE18EE900AFFF76E
:10A0800094FE054618EE100AFFF78FFE044619EEFF
:10A09000100AFFF78AFE042D18BF052D08D1042CE5
:10A0A00018BF052C04D1002804BF0220D6F704FEF7
:10A0B000B0EE490ABDEC048B70BD4200B2EB410F1B
:10A0C0003AD910F0004F19BFDFED630A9FED630A24
:10A0D000DFED630A9FED630AB0EE481A0A46B1EE5F
:10A0E000688A80F00041F0EE418A10460A1A520058
:10A0F000B2F1807F34D2484010F0004FDFED5A1AA1
:10A100009FED5A2A1DBFBEEE001A70EEE10A30EE36
:10A11000420AB6EE001A08BF70EEA10A00E040E065
:10A1200008BF30EE020AB0EE682A01EE482A08EEB7
:10A13000818AC2EE081A15E011F0004F04BF9FEDAE
:10A140004C0AF0EE400AD1D010F0004F19BFDFEDFD
:10A15000490A9FED490ADFED490A9FED490AC5E723
:10A16000C8EE881A21EEA11A9FED462ADFED462A95
:10A1700041EE022A9FED452A01EE222ADFED442A14
:10A1800041EE022A9FED432ABDEC048B01EE222A08
:10A1900021EE811A01EE020A30EE210A30EE200A89
:10A1A00070BD4FF07F42B2EB400F28BFB2EB410FC2
:10A1B00009D2F0EE480AB0EE680ABDEC048BBDE8A7
:10A1C000704000F0A8BD40EA01035B0008BF41F009
:10A1D000FF410BD0B2EB400F08BFB2EB410F08D1EB
:10A1E00020F0804008EE900A21F0804108EE101A1D
:10A1F00018E7B2EB400F12BF5FEA410340F0FF40A7
:10A2000001F000413FF40EAFB2EB410F12BF5FEA25
:10A21000400200F0004041F0FF413FF403AF4A002C
:10A2200092EA40033FF5FEAE002AACBF9FED1A0A4A
:10A230009FED1A0A68EE808A28EE008A18EE900ACE
:10A2400018EE101AEEE60000DB0FC9BFDB0FC93FA6
:10A25000DB0F4940DB0F49C00000C9BF22AAFDB98E
:10A260000000C93F22AAFD390060ED3EC30ACE3787
:10A2700000000000000049C022AA7DBA0000494049
:10A2800022AA7D3A2DAD65BD8FB8D53D0FB511BE63
:10A2900061C84C3EA8AAAABE0000804F0000802FD3
:10A2A00010EE100AC0F3C7517F391729A8BF7047B5
:10A2B000DFED140A002970EE200A0CDAF5EEC00A70
:10A2C000F1EE10FA1ADD0028C8BF4FF07E50B8BF7B
:10A2D0004FF0004012E00C4A22FA01F2104208BF8F
:10A2E0007047F5EEC00AF1EE10FA07DD002804DD34
:10A2F0004FF4000323FA01F10844904300EE100AE2
:10A3000070470000CAF24971FFFF7F0010EE101A7B
:10A3100008B5444A6846B2EB410F28D94FF0E640F1
:10A32000B0EB410F94BF00204FF0FF300090009839
:10A33000002861DB60EE000A10F0010F45D010F03C
:10A34000020FDFED391A9FED391A00EEA11ADFED89
:10A35000381A40EE811A21EEA01AF0EE400A40EEC3
:10A36000010A08BFF1EE600AB0EE600A08BD314B89
:10A3700021F0004293423CD911F0004FDFED2E0A4C
:10A3800020EE201ADFED2D0A19BF31EE601A71EEB2
:10A39000200A31EE201A71EE600ABDEEE01A11EECD
:10A3A000100A9FED271A00F0030000EEC10A9FED8E
:10A3B000251A009000EEC10A9FED231A00EEC10A93
:10A3C0009FED221A00EEC10AB1E79FED211A9FED21
:10A3D000210A10F0020F00EE810A9FED1F1A00EE15
:10A3E000801AB7EE000A00EE810A18BFB1EE400AEB
:10A3F00008BD00F0B5FC9AE710EE100A4000B0F17D
:10A400007F4F3CBFB7EE000A08BD07D14FF00100F7
:10A41000D6F752FCBDE8084000F080BCBDE808401B
:10A4200000F076BCB61F927E336D4CB9DA82083CE0
:10A43000A0AA2ABE490E494683F9223F0000004BDC
:10A440000000C93F00A0FD390020A2331A61342C5E
:10A45000B93AB2BACA9F2A3DDDFFFFBE0000000034
:10A460002DE9F0412DED020B9FED3D0B2DED028B03
:10A470009FED3D8BDDE90254C4F30A50A0F2FF3694
:10A48000142E37DA002E18DA53EC102B9DED020B48
:10A4900051EC100B00F024FF53EC182B01F004FEDC
:10A4A00057D2002CA4BF0024254652DA24F00040E5
:10A4B000284318BF2E4C4CD01AE02E4820FA06F73D
:10A4C00004EA070028431FD053EC102B9DED020B2C
:10A4D00051EC100B00F004FF53EC182B01F0E4FDDD
:10A4E00037D2002C03DA4FF48010F0400444BC4310
:10A4F00000252EE0332E07DCA6F114004FF0FF31CB
:10A5000021FA00F73D4206D19DED020BBDEC028B16
:10A5100002B0BDE8F08153EC102B9DED020B51EC25
:10A52000100B01F0F3FD53EC182B01F0BDFD10D220
:10A53000002C0DDA142E08BF641C09D0C6F13400BB
:10A54000012101FA00F02844A84238BF641C0546E6
:10A55000BD43CDE902549DED020BD7E7000000009A
:10A560009C7500883CE4377E00000000000000007D
:10A570000000F0BFFFFF0F0010EE100AC0F3C7513C
:10A580007F391729A8BF7047DFED140A002970EE44
:10A59000200A0DDAF5EEC00AF1EE10FA1ADD0028F5
:10A5A000A8BF002016DAB0F1004F18BF0C4811E028
:10A5B0000C4ACA40104208BF7047F5EEC00AF1EEDF
:10A5C00010FA07DD002804DA4FF4000323FA01F142
:10A5D0000844904300EE100A70470000CAF2497127
:10A5E000000080BFFFFF7F0010B52DED028BB0EEA5
:10A5F000608AF0EE408A18EE101A18EE900A02F007
:10A6000025F900F07040B0F1005F0CD018EE100A90
:10A6100020F00040C0F1FF40C00F02BFB0EE480A7A
:10A62000BDEC028B10BDB0EE680ABDEC028B10BD14
:10A6300010B52DED028BB0EE608AF0EE408A18EE78
:10A64000101A18EE900A02F001F900F07040B0F113
:10A65000004F0CD018EE100A20F00040C0F1FF406F
:10A66000C00F02BFB0EE480ABDEC028B10BDB0EEC9
:10A67000680ABDEC028B10BD10B52DED040B86B041
:10A680009DED060B10EE100A10EE901A8DED000BEA
:10A69000002818BF0120084320F00040C0F17F606F
:10A6A00000F1E040C00F21D19DED080B10EE101A13
:10A6B00010EE900A8DED000B002918BF0121084310
:10A6C00020F00040C0F17F6000F1E040C00F0DD1EC
:10A6D00029490798B1EB400F04BF0698002842D0E3
:10A6E0000998400004BF089800283CD09DED080B55
:10A6F00053EC102B9DED060B51EC100B01F0E4FB1D
:10A70000CDE902019DED020B40F2FF7110EE900ABF
:10A710008DED000B31EA105021D00798039900F01D
:10A72000004001F00041884219D09DED080B8DEDED
:10A73000040B9DED020B8DED000B10EE900A0599B8
:10A7400061F31E0005909DED041B9DED020B51EC85
:10A75000110B53EC102B01F0D9FCCDE902019DED5A
:10A76000020B0AB010BD0120D6F7A6FA0AB0BDE868
:10A77000104000F09DBA00000000E0FF10B52DED84
:10A78000028BF0EE408A18EE900AB0EE608A20F05C
:10A790000040C0F1FF40C00F07D118EE100A20F0B2
:10A7A0000040C0F1FF40C00F2BD018EE101A18EE79
:10A7B000900A02F01FF900EE100A10EE100A6FEA7C
:10A7C000D05010F0FF0F04BFBDEC028B10BD18EE8F
:10A7D000900A00F0004110EE100A00F000408142A3
:10A7E00004BFBDEC028B10BD18EE101A10EE100A5B
:10A7F000BDEC028B61F31E0000EE900A30EE600AA1
:10A8000010BD18EE900A4FF07F41B1EB400F1CBF16
:10A8100018EE100A5FEA4000C7D10120D6F74CFAC3
:10A82000BDEC028BBDE8104000F078BA70B510EEB8
:10A83000100A2DED028B20F0004510EE900A20F05A
:10A840000044AC4202DD28462546044608EE105A74
:10A8500008EE904A281BB0F1686FC2BF38EE280A94
:10A86000BDEC028B70BD0026B5F1BC4F29DDB5F102
:10A87000FF4F1DDBF0EE680AB0EE480A30EE200A0A
:10A880006FF0FF4057492A188A4227BF2044884268
:10A89000BDEC028B70BD6802400A08BFB0EE480AEA
:10A8A000B4F1FF4F08BFB0EE680ABDEC028B70BD7B
:10A8B000A5F12055A4F1205408EE105A08EE904A54
:10A8C0005026B4F1185F15DAB4F5000F09DA002C40
:10A8D0007ED09FED450A783E68EE808A28EE008A99
:10A8E00008E005F1205104F1205008EE101A08EE9E
:10A8F000900A503E38EE681AF4EEC18AF1EE10FA72
:10A9000018D218EE100A68EEE80A00F500606FF33E
:10A910000B0000EE100A38EE401A78EE001A41EEF5
:10A92000610A50EE000A10EE900A00F02BFB00EED8
:10A93000100A29E018EE900A38EE080AF0EE002A14
:10A9400000F500606FF30B0000EE900A10EE100AA5
:10A9500038EEE02A00F500606FF30B0001EE900A7C
:10A9600061EEA21A30EE610A21EE822A00EE282A58
:10A9700021EE410A30EE420A11EEA00A10EE100A52
:10A9800000F000FB00EE100A002E04BFBDEC028BAD
:10A9900070BDF7EE000A10EE100A06EBD050FF284B
:10A9A00008DB0220D6F788F9BDEC028BBDE87040C9
:10A9B00000F0BCB910EE900A00EBC65000EE900A11
:10A9C00020EE808A18EE100AFFF7EFF9042800E065
:10A9D00002E008BF00F0B2F9B0EE480ABDEC028B0D
:10A9E00070BD0000FFFF3F000000807B0000000002
:10A9F00030B540F2FF742DED048BF0EE608A18EE56
:10AA0000901A85B0B0EE408A9FED2B9B05468DEDE8
:10AA1000008B34EA115147D053EC192B51EC180B31
:10AA200000F060FF40D02A4651EC180B02F07EF98E
:10AA300041EC180B18EE900A8DED008B34EA1050A3
:10AA40001CD053EC192B51EC180B00F04BFF2BD101
:10AA50000220D6F731F900F04BF910EE901A18EEFB
:10AA6000900A8DED020B8DED008B61F31E000390BB
:10AA70009DED020B05B0BDEC048B30BD0220D6F776
:10AA80001BF900F025F910EE901A18EE900A8DEDE2
:10AA9000020B8DED008B61F31E0003909DED020B08
:10AAA00005B0BDEC048B30BD05B0B0EE480AF0EE49
:10AAB000680ABDEC048B30BD0000000000000000FF
:10AAC00000B510EE101A2DED028B81B0524A684687
:10AAD000B2EB410F2ED94FF0E640B0EB410F94BFDF
:10AAE00000204FF0FF3000900098B0EE408A002820
:10AAF0006ADB10F0010F4BD068EE080A9FED471A91
:10AB00009FED470A00EE810A9FED461A10F0020FF2
:10AB100000EE801AB7EE000A00EE810A02BF01B013
:10AB2000BDEC028B00BD00BF01B0B1EE400ABDEC30
:10AB3000028B00BD3C4B21F00042934241D911F001
:10AB4000004FDFED3A0A20EE201ADFED390A19BF77
:10AB500031EE601A71EE200A31EE201A71EE600AB1
:10AB6000BDEEE01A11EE100A9FED321A00F003005C
:10AB700000EEC10A9FED301A009000EEC10A9FED71
:10AB80002F1A00EEC10A9FED2E1A00EEC10AABE7A4
:10AB900028EE080A9FED2B1ADFED2B0A10F0020FAA
:10ABA00040EE010A9FED291A00EE201A61EE000A1C
:10ABB000B0EE480A08EE200AB6D101B0BDEC028B17
:10ABC00000BD00F0CDF88FE718EE100A4000B0F19C
:10ABD0007F4F0DD218EE100AFFF7E7F8042808BFE0
:10ABE00000F0ACF8B0EE480A01B0BDEC028B00BD3D
:10ABF00009D10120D6F760F801B0BDEC028B5DF8F9
:10AC000004EB00F08BB801B0B0EE480ABDEC028B4B
:10AC10005DF804EB00F07CB8B61F927EB93AB2BA88
:10AC2000CA9F2A3DDDFFFFBE490E494683F9223FF8
:10AC30000000004B0000C93F00A0FD390020A233F6
:10AC40001A61342C336D4CB9DA82083CA0AA2ABEB2
:10AC500010B52DED028BB1EEC08A18EE100A20F06F
:10AC60000040C0F1FF40C00F0AD010EE100A20F0E3
:10AC70000040C0F1FF40C00F04BF0120D6F71CF810
:10AC8000B0EE480ABDEC028B10BD000008B59FED88
:10AC9000060A0A4601468DED000A6846D6F799FA7B
:10ACA0009DED000A08BD000000000000000000004B
:10ACB0009FED050B10B553EC102B51EC100B00F071
:10ACC0004FFC41EC100B10BD000000000000000024
:10ACD0009FED050B10B553EC102B51EC100B00F051
:10ACE0008FFF41EC100B10BD000000000000007051
:10ACF0009FED050B10B553EC102B51EC100B00F031
:10AD00007FFF41EC100B10BD0000000000000010A0
:10AD100030EE000A704730EE200A7047DFED020A7D
:10AD200080EEA00A70470000000000009FED020ABC
:10AD300020EE000A70470000000000709FED020A3C
:10AD400020EE000A704700000000001010B5044615
:10AD500091ED000BFFF73CF884ED000A10BD0000F8
:10AD60002DE9F0014FF07F42B2EB410F9FBF4FF052
:10AD7000FF310160BDE8F00170474FF0004242EA48
:10AD80000123C1F3C752783A551112F01F0C434CFE
:10AD9000CCF120067C44C1F3C752A2F178024FEAFD
:10ADA000621204EB820254F8254008BFD2E9015632
:10ADB00012D0556804FA0CF425FA06F73C4397685C
:10ADC00005FA0CF527FA06F8D26807FA0CFCF240EF
:10ADD00045EA08054CEA0206A4FB034CA5FB035216
:10ADE000A6FB03631D449D4234BF012600261319B0
:10ADF000334416B1934202D903E0934201D20122B7
:10AE000000E00022624402F1200C9206DC0C42EACF
:10AE1000443200EE102A5B03DFED210AF8EEC01A7F
:10AE200000EE103A4FEA9C1C11F0004FB8EE400AB9
:10AE3000C0F800C020EE201A00EE105ADFED190A0B
:10AE4000B8EE400A20EE200A71EE810A70EE800A08
:10AE500010EE902A02F500626FF30B0200EE902ACA
:10AE600070EEE11A31EEC11ADFED101A30EE411A20
:10AE70009FED0D0A20EE800A01EE210A9FED0C1ACB
:10AE800000EE810A04BFBDE8F0017047CCF18051AB
:10AE90000160BDE8F001B1EE400A704740210000BA
:10AEA000000000360000802C22AAFD29DB0FC92FEC
:10AEB0000000C92F10B5044690ED000B0846FFF7BF
:10AEC00097FD84ED000B10BD30380A2801D2012017
:10AED0007047002070478A68002A02DC0022D7F7FA
:10AEE0007BBD521E8A604A68C0B2531C4B60107012
:10AEF000704700000000000010B582B01446CDE994
:10AF000000010023009A2360194B21F00040984271
:10AF10002ADA024328D0B0F5801FA8BF226810DAD1
:10AF20009FED150B53EC102B9DED000B51EC100B0E
:10AF300000F066FECDE900016FF0350221F000401F
:10AF400022600F4B6FF31E5103EB20501044206022
:10AF500041F0FF5040F0005001909DED000B00BF0C
:10AF600002B051EC100B10BD9DED000BF8E7000096
:10AF70000000F07F000000000000000000005043CF
:10AF800002FCFFFF10B500EE100A2DED028BB1EEB2
:10AF9000C08A18EE100A20F00040C0F1FF40C00F38
:10AFA0000AD010EE100A20F00040C0F1FF40C00FA0
:10AFB00004BF0120D5F780FE18EE100ABDEC028B0D
:10AFC00010BD000010B500290AD00878002807D06D
:10AFD00005487844D5F758FD002801D0002010BD61
:10AFE0000248784410BD0000D6270000CE2700009C
:10AFF00010B500290AD00878002807D00548784401
:10B00000D5F742FD002801D0002010BD0248784449
:10B0100010BD0000BA280000B228000021F0004254
:10B0200001F00043A2F16052B2F5801F28BFD2F1B7
:10B030007E6C51D9F1EE10CA1CF4400F14D15FEAB6
:10B04000C00C43EAC20202EB507008BF70475FEACF
:10B050004C0CDFF884C240F1000041F08D8228BF23
:10B0600020F0010001F088BAC30001F0004343EA78
:10B07000C20202EB507008BF70471B4248BF4FEA44
:10B080004C0C1CF4000F08BF401CDFF84CC201F050
:10B0900073BAC30001F0004343EAC20202EB5072EC
:10B0A00004BF104670471B4248BF4FEA4C0C1CF4CB
:10B0B000000FDFF824C218BF104641F05D8208BFC0
:10B0C000521C12F4000F08BF104601F0558221F007
:10B0D000004201F0004330E050EA410C04BF084652
:10B0E00070475FEA125CBCF1FE0F1ED1F1EE10CA90
:10B0F0001CF4400FCDD15FEAC00C9BD05FEA001C6E
:10B100004FEAC20C4CEB507C04BFC2002CEAD27C4C
:10B110001CF4000F04BF4CEA0300DFF8BCC101F0CF
:10B120002B8221F00042A2F160524FEA410CB2F5AD
:10B13000801F2ADB1CF5001F16D2F1EE10CA1CF48A
:10B14000806F06D02CF0005C4CF0805CA1F1406177
:10B150002AE04FF07F4043EA5000DFF880C101F061
:10B160000BBA084601F0D1BC70B500F029FE00BF53
:10B17000000000B988000004FFF7F3BF21F070421F
:10B1800043EA507040EAC2007047F1EE10CA2CF05A
:10B19000805C4CF0005C1CF4006F25D04B00B3F5D4
:10B1A000001F51D301F140611CF4400F40F07E803C
:10B1B0000CF0405C4CF0880CC30011D05CF0404CAB
:10B1C00010F0805F0CD0034610F1005041F10001F7
:10B1D000020108BF20F00050834218BF2CF0004C41
:10B1E00000F0604001F030BE1CF4400F1AD01B424A
:10B1F00048BF4FEA4C0C1CF4000F13D112F140620F
:10B2000048BF22F07F424FEAC00CBCF1010F43EA75
:10B21000C20242EB50704FF0880228BF42F08042D9
:10B2200001F078BC12F1406248BF22F07F425FEA31
:10B23000C00C43EAC20242EA50704FF0880218BFC5
:10B2400042F0404201F066BC01F0004321F00041B1
:10B25000094214D0B1FA81FCACF10B0C01FA0CF1EB
:10B26000CCF1200220FA02F241EA020100FA0CF0CD
:10B270004FEA0C52A1EB020181EA03010FE0B0FAA0
:10B2800080F200FA02F002F115024FEAD0214FEAF3
:10B2900040504FEA0252A1EB020181EA0301F1EEB4
:10B2A00010CA2CF0805C4CF0005C7BE762460CF02E
:10B2B000405C4CF0880CC30092D05CF0404C0942DA
:10B2C00048BF520012F4000F8AD110F1005041F132
:10B2D00000012CF0004C83D1880000408800001051
:10B2E00010B5DFF840E211F5801C13F580141EEA5A
:10B2F0004C0F18BF1EEA440F00F0C88091EA030FFC
:10B3000048BF83F0004300F13E87841A71EB030CC1
:10B3100005D2121943EB0C03001B61EB0C014FEA41
:10B320001154A4EB135C21EA045123EA6E0343F4A5
:10B330008013DCF1200E53D322FA0CFE10EB0E002A
:10B3400023FA0CFE41EB0E01CCF1200E03FA0EFEA7
:10B3500010EB0E00CCF1200E51F10001B1F5801F71
:10B3600053D201EB045112FA0EF2BDE8104008BFAF
:10B370007047F1EE10CA1CF4400F1ED192F0000F7E
:10B380004FF0110C4CF0804C41F1F680401C38BF5E
:10B390005FEA420241F0F080002814BF20F0010073
:10B3A00041F100014FEA410313F5001F24BF4CF0A7
:10B3B000805CA1F1C04101F0DFB811F0004F54BF33
:10B3C0001CF4000F1CF4800F4FF0110C4CF0804C5B
:10B3D00041F0D280401CC1F0CF8041F10001E1E793
:10B3E000012A43EB0302ACF1200CDCF11F0E32BF4B
:10B3F0004FF0000E23FA0CF310EB030041EB045165
:10B40000B4EB115FAFD0A1EB045101F580114908F5
:10B4100001EB04515FEA300002FA0EF242EA420206
:10B420005FEA320213D0BDE81040F1EE10CA1CF4FE
:10B43000400F1AD192F0000F4FF0110C4CF0804CDD
:10B44000B0D5401C38BF5FEA4202ABD1A4E7BDE8EB
:10B4500010404FEA410313F5001F38BF7047DFF873
:10B46000C8C0A1F1C04101F087B811F0004F54BF2E
:10B470001CF4000F1CF4800F4FF0110C4CF0804CAA
:10B4800090D1401C8ED341F100018BE74EF4001E99
:10B490003EEA410418BF3EEA430439D091EA030F63
:10B4A00048BF83F0004300F16B87841A71EB030CF3
:10B4B00005D2121943EB0C03001B61EB0C014FEAA0
:10B4C0001154A4EB135C52EA430E13D05FEA445EBE
:10B4D00021EA04511CBF23F00043ACF1010C7FF4BE
:10B4E00028AFBDE81040801841EB03014FF0110C6C
:10B4F00000F02DBF5FEA445EBDE8104018BF704702
:10B5000050EA410C08BF70474FF0110C00F01FBF0C
:10B51000BDE8104070B500F053FC00BF64FBBE3EB8
:10B52000110000040000C0FF1100001011F4002FF2
:10B5300008BF4CF4804C01F01F800CF04F02482AE9
:10B5400041F09A8301F018B8491058BFC1F1404149
:10B550005B1058BFC3F140438B42EFF3008070474C
:10B560002DE9C04130B4DFF86CC33CEA111418BFB8
:10B570003CEA131400F04F811CEA111481EA030520
:10B5800044EAD57418BF1CEA131500F02181A4EB1E
:10B59000050404F17F7404F500344FF0004545EADA
:10B5A000C12145EAC32341EA505143EA52534FEACD
:10B5B000C0204FEAC222994208BF904200F0D480D6
:10B5C0004FEA13650FF20C26765D4FEA134506FB32
:10B5D00005F7C7F1807706FB07F74FEAD737A7FBD8
:10B5E00003687642A7FB06CEC8F5803838BFA8F1BD
:10B5F000010807FB08E6A6FB028C4FF0000EE6FBF5
:10B6000003CED8F100086FEA0C0C5CF1000C6FEA75
:10B610000E0E4EF1004EA6FB0C584FF00007E6FB55
:10B620000E87A1FB08C6A0FB07CE16EB0E064FF057
:10B63000000545F10005E1FB076515F1E04E7EBF11
:10B64000A4F580345FEA46066D4116F1800745F1A6
:10B6500000054FEA172747EA05674FEA1525F1EE7F
:10B6600010CA1CF4400F37D14FEA4666A6F15E4679
:10B67000B6F1085F30D9B4F1FE6F2DD8384605EB2E
:10B68000C47124F0010C01EB0C11BCF1FE6FDFF86A
:10B6900048C202D8F0BCBDE8004140F26D872442A8
:10B6A0005CBF01F5801E9EEAC47F02D4F0BCBDE8F9
:10B6B000004140F16187244200F17880A1F1C0414E
:10B6C000DFF818C256EA080E18BF4CF0804CF0BCE8
:10B6D000BDE8004100F050BF4FEAD02040EA4150A1
:10B6E0004FEAD1214FEAD22242EA43524FEAD32312
:10B6F000A7FB028607FB036605FB02661EEA0E0F28
:10B7000058BFA6EB0056B6EB00564FEA520E4EEA73
:10B71000C37E18EB0E0E56EB530E05D518EB020840
:10B720005E417F1C55F1000556EA080E24D01CF43A
:10B73000400FA3D014F0010F18BF4FEA4C0C1CF4BB
:10B74000000F08D0364299D4B8EB02089E417F1E04
:10B7500075F1000592E7364290D518EB02085E417C
:10B760007F1C55F1000589E74FF480154FF0000765
:10B770004FF000064FF00008384605EBC47124F086
:10B78000010C01EB0C11BCF1FE6F02D8F0BCBDE85E
:10B7900000811CEA0C0F5CBF01F5801E9EEAC47F8D
:10B7A00002D4F0BCBDE80081244287D501F1C0413C
:10B7B00056EA080C1CBF06F0004C4CF0804C4CF0D4
:10B7C000005C4CF0140CF0BCBDE8004100F016BE6B
:10B7D0000CEA131550EA410E0BD052EA430E13D077
:10B7E00000F024FC641B240486EA460644EAD6746E
:10B7F000CFE652EA430E00F0268081EA030101F011
:10B800000041F0BCBDE80081F0BCBDE80041DFF8BC
:10B81000D0C000F0B1BEF0BCBDE8004170B500F092
:10B82000CFFA00BF097EFC3E1400000400F007B808
:10B830004FF0000081EA030101F00041704781EA06
:10B84000030100F02BBCF0BCBDE800415FF828C04C
:10B8500000F092BEFFFDFBF9F7F5F4F2F0EEEDEB30
:10B86000E9E8E6E4E3E1E0DEDDDBDAD8D7D5D4D3FE
:10B87000D1D0CFCDCCCBCAC8C7C6C5C4C2C1C0BF4A
:10B88000BEBDBCBBBAB9B8B7B6B5B4B3B2B1B0AF50
:10B89000AEADACABAAA9A8A8A7A6A5A4A3A3A2A134
:10B8A000A09F9F9E9D9C9C9B9A99999897979695EF
:10B8B00095949393929191908F8F8E8E8D8C8C8B8B
:10B8C0008B8A898988888787868585848483838213
:10B8D000828181800000FF071400004014000010E6
:10B8E0001400000851EA030C11D41CF5801F00F16C
:10B8F0000680994218BF704708BF9042704711F503
:10B90000801F58BF13F5801F18D4994270471CF54B
:10B91000801F09D550EA410C0EBF52EA430C8B42FE
:10B92000704708BF824270474FF4001C1CEB410F68
:10B9300038BF1CEB430F01D28B42704770B500F04B
:10B940003FFA00BF92244938190012044FF0005109
:10B950004FF08053FFF7F8BD80B54FEA41034FEA3F
:10B960005353A3F58063D3F11E03C8BFD3F1210C59
:10B970001FDD4FF0004242EAC12242EA505232FA41
:10B9800003FC62FA03F787EA0C0757EAC0270BD0DB
:10B9900032FA03FC8CEAE17CACEBE170DFF878C0B2
:10B9A000BDE8804000F0E8BD8CEAE17CACEBE170E2
:10B9B00080BD50EA410C00D180BD102B07DD4FF057
:10B9C0000000DFF854C0BDE8804000F0D5BD03F5AD
:10B9D000787CBCF1FF3F14D0002B02BF7FEA210C22
:10B9E0005FEA013C5FEA505C05D100284FF000405F
:10B9F000D4D100D180BDDFF824C0BDE8804000F084
:10BA0000BBBDBDE8804070B500F0DAF9000000BFB2
:10BA1000C800030480B5DFE7C8000240C800020484
:10BA20007FEAE17202D1101A62EB0101B1FA81F3EF
:10BA30000B3B24D3994012D1B0FA80F310FA03F1F2
:10BA400008BF7047C3F11D0303F5406303EBC22336
:10BA50004FEAD1224FEA415002EB03517047C3F144
:10BA6000200C20FA0CFC41EA0C019840C3F132038F
:10BA700003F5406303EBC22301EB03517047C3F1AD
:10BA8000320C0CF5406C0CEBC22210B5C3F1000473
:10BA9000C4F1200E01FA0EFC21FA04F100FA0EF3B3
:10BAA000E04040EA0C00BDE8104001EB02511B42AF
:10BAB00008BF7047F1EE10CA1CF4400F0CD15A00B9
:10BAC00006D3401C41F100015B0008BF20F00100DB
:10BAD000DFF81CC000F050BD094248BF4FEA4C0CD3
:10BAE0001CF4000FF4D1401C41F10001F0E700BF4D
:10BAF00098020040B1FA81F201FA02F1C2F11D028E
:10BB000003EB02534FEA415003EBD1217047000091
:10BB100051EA030C11D41CF5801F00F106809942F4
:10BB200018BF704708BF9042704711F5801F58BF7B
:10BB300013F5801F18D4994270471CF5801F09D552
:10BB400050EA410C0EBF52EA430C8B42704708BFCB
:10BB5000824270474FF4001C1CEB410F38BF1CEBB6
:10BB6000430F01D28B42704770B500F029F900BF36
:10BB70000000003F19001304FFF7E6BC4FF08051AE
:10BB80004FF00053FFF7E0BC51EA030C11D41CF551
:10BB9000801F00F10680994218BF704708BF90428D
:10BBA000704711F5801F58BF13F5801F18D49942B4
:10BBB00070471CF5801F09D550EA410C0EBF52EAB0
:10BBC000430C8B42704708BF824270474FF4001C01
:10BBD0001CEB410F38BF1CEB430F01D28B42704767
:10BBE00070B500F0EDF800BF0000003F190016042A
:10BBF000FFF7AABC4FF000514FF08053FFF7A4BCF1
:10BC000070B5DFF8B4C11CEA111E1EBF1CEA131583
:10BC10009EEA0C0F95EA0C0F00F0948081EA030471
:10BC20004EEAD47EAE4421EA4C1123EA4C1341F48F
:10BC3000801143F48013AEF17F7EA1FB024CA0FB88
:10BC40000365361955EB0C05A1FB034C4CF10003C1
:10BC5000A0FB021C16EB0C06654153F100030942E0
:10BC600018BF46F0010613F4007F0BD14FEA0331F1
:10BC70004FEA053041EA155140EA165034036FF09F
:10BC800003020AE04FEAC3214FEAC52041EA5551B9
:10BC900040EA5650F4026FF0020202EB2E4201EB32
:10BCA000025585EACE71264627D00546F1EE10CA28
:10BCB0001CF4400C14D15FEA440C18BF24F000447B
:10BCC00050F1000041F1000120EAD47040F2FD7C07
:10BCD000624517D2DFF8E4C0BDE8704000F04CBC0C
:10BCE0005FEACE7454BF1CF4000F1CF4800F08BF31
:10BCF00010F1010041F10001E8E740F2FE7C6245ED
:10BD000004D270BD08BF11F4801FE3D0A84214BF55
:10BD10004FF080444FF04044002E08BF0024BEF195
:10BD2000806FD8BF01F1C041A8BFA1F1C04144F06C
:10BD3000130CA8BF4CF0805CBDE8704040F35E83FC
:10BD400000F01ABC0CEA13159EEA0C0F18BF95EA16
:10BD50000C0F19D091EA030F48BF4EF0010E50EAC4
:10BD6000410418BF52EA430409D000F05FF9641996
:10BD70004FEA044E86EA46064EEAD67E5BE74FF06F
:10BD800000004FEACE7170BD00F01AF88900013E44
:10BD90001300000400F005B800F007B852EA430CA5
:10BDA00006D081EA030100F079B950EA410CF8D1DC
:10BDB0005FF824C000F0E0BB0000FF071300004064
:10BDC0000EF1020E2EF0030E5EF8046B012841EB1B
:10BDD000010414F5001418BFB4F5801F23D33642B4
:10BDE00008D4012A43EB030515F5001518BFB5F576
:10BDF000801F18D301EB010C1CF5801F16D23642B0
:10BE000004D403EB030C1CF5801F0FD2002C10D1BF
:10BE10004FEAD17C0CEB4C0C0CF1020C002D08BF4E
:10BE20004CEBD37C07E04FF0090C04E04FF0080C1A
:10BE300001E04FEAD37C0CEB4C050EF1040E26FA20
:10BE400005F606F00706B6F1040C06D20EEB860CDA
:10BE5000BDE870404CF0010C6047DFE80CF0222494
:10BE600013025EF804CC1B2D08D1002C88BFB4F55A
:10BE7000801F34BF4CF4804C4CF4004CBDE8704043
:10BE800000F07ABB002C88BFB4F5001F24BF194610
:10BE9000104670BD4FF00041A1F500214FF00000A9
:10BEA00070BD19461046012851EB010418BFD4F5A6
:10BEB000001484BF5EF804CC2CF0806CBDE87040A8
:10BEC00000F239837047000070B5DFF85CC13CEACE
:10BED000111418BF3CEA131500F0998011F1004FBE
:10BEE0000CEA11141CEA131568BF45F0050518BFCC
:10BEF00011EA0C1F00F07A8021EA4C1123EA4C135E
:10BF000041F4801143F480132E46A5F58035AC42F0
:10BF10003DDDA4F58036801A994109D54042C1F132
:10BF2000000134BFB1F10101B1F1000185F001055B
:10BF300011F4F01F08D011F4801FE8D1400041EB4C
:10BF40000101A4F58034F6E721F00041B1FA81F651
:10BF5000202E04BFB0FA80FE0EF12006A6F10B06DB
:10BF6000A4EB0644B6F1200E0CD2C6F1200E01FA65
:10BF700006F120FA0EF641EA0601CEF1200600FA9B
:10BF800006F003E000FA0EF14FF00000BFE750EAC0
:10BF9000410E24D04FEA244EBEEB254F0FDB9942D1
:10BFA00008BF904204D00AD3520043EB0303B0E72A
:10BFB0004FEA1646B6EB144F08BF85F00105B4F5FD
:10BFC000803401EB041181EAC57100DB70BD01F121
:10BFD000C041BDE870404FF0150C00F00FBA4FEAB9
:10BFE00045714FF0000001F0004170BD52EA430E70
:10BFF00000F0148050EA410E00D170BD00F016F838
:10C0000024042D04364248BF55F005057CE7FFF7B0
:10C01000D7FE00BFEDFFFF3E15000004BDE87040F5
:10C020005FF80CC000F0A8BA0000FF0780B54FF021
:10C0300003065C004FEA3606640D4FEA03334FEA0D
:10C04000133318BF43F480131CD104F1010453EAE5
:10C05000125E02BF13460022203C1B4202BF130B9C
:10C060001205143CB3FA83FEAEF10B0E03FA0EF385
:10C07000A4EB0E04CEF1200C22FA0CFC43EA0C03D4
:10C0800002FA0EF20FB40CBC03BC16F0010F18BF7D
:10C090002546CED180BD80B50126F3E70808A0F57E
:10C0A00000114FEA3101704753EA010C11D41CF51D
:10C0B000801F00F106808B4218BF704708BF824284
:10C0C000704713F5801F58BF11F5801F18D48B429D
:10C0D00070471CF5801F09D552EA430C0EBF50EA89
:10C0E000410C9942704708BF904270474FF4001CC2
:10C0F0001CEB430F38BF1CEB410F01D29942704734
:10C100000FB40CBC03BCFFF76BBD000010B5DFF82B
:10C1100048E011F5801C13F580141EEA4C0F18BF7F
:10C120001EEA440F09D091EA030F81F000413FF568
:10C13000ECA883F0004300F026B881EA030180EA0E
:10C14000020083EA010382EA000281EA030180EA35
:10C15000020000F006B900BF0000C0FF10B5DFF814
:10C1600098E211F5801C13F580141EEA4C0F18BFDD
:10C170001EEA440F00F0F58091EA030F48BF83F0F8
:10C1800000433FF5C2A8841A71EB030C07D28CF070
:10C19000004C121943EB0C03001B61EB0C014FEA3E
:10C1A0001154A4EB135C21EA045123EAAE0352427A
:10C1B000C3EBAE0338BF5B1EDCF1200E48D322FA7E
:10C1C0000CFE10EB0E0043FA0CFE41EB0E01CCF11D
:10C1D000200E03FA0EFE10EB0E00CCF1200E51F1F2
:10C1E00000014CD401EB045112FA0EF2BDE81040EC
:10C1F00008BF7047F1EE10CA1CF4400F14D192F042
:10C20000000F4FF0120C4CF0804C40F1B581401CF7
:10C2100018BFB2F1004F40F0AF8100280CBF491C9D
:10C2200020F0010000F0A8B911F0004F54BF1CF439
:10C23000000F1CF4800F4FF0120C4CF0804C40F0BB
:10C240009B81401C40F0988141F1000100F094B9BD
:10C2500012EB020E43EB030218BF4FF0010E4EEA41
:10C260004202ACF1200CDCF11E0E4BD943FA0CFE5D
:10C2700010EB0E00CCF11E0E51F1FF31B2D50EF1D4
:10C28000010E12FA0EFE404141EB010101EB445C4C
:10C290005FEA5C5C06D901EB04515FEA0E02BDE87F
:10C2A0001040A5E73DD24FEAD42C24F4006411F5E8
:10C2B00000111AD0B1FA81F20B3AA41AA41ED2F1DD
:10C2C0002003914030FA03F31943904001EBCC7105
:10C2D00001EB0451002CBDE81040A8BF704701F1EC
:10C2E000C0414FF0120C00F089B8B0FA80F310FA98
:10C2F00003F101D1BDE810401BD0E41A173C4805FA
:10C30000C90AE3E7401E01EB045161F10001BDE8F9
:10C3100010405FF0FF326BE701EB0451BDE81040C5
:10C32000704749104FEA300001EB0451BDE810405E
:10C330000BE04FF00001F1EE10CA0CF4400CBCF51C
:10C34000000F08BF4FF0004170474FF0120C4A0039
:10C3500008BF0042EDD0B2F5001F28BF704700F0C3
:10C36000EAB84EF4001E3EEA410418BF3EEA430418
:10C3700034D091EA030F48BF83F000433FF595A8FE
:10C38000841A71EB030C07D28CF0004C121943EBAA
:10C390000C03001B61EB0C014FEA1154A4EB135C7E
:10C3A00052EA033E14D05FEA445E21EA045109D008
:10C3B00023F00043ACF1010C5242C3F1000338BF3B
:10C3C0005B1EF9E6801A61EB0301BDE81040BCE793
:10C3D000BDE8104050EA410CB7D1AAE7BDE81040D3
:10C3E00070B5FFF7EDFC00BF40DFF63E1100000422
:10C3F000104683F0004170470000C0FFF1EE103A94
:10C4000013F0807F1EBF01F000410020704713F43D
:10C41000006F40F0AA80094248BF4CF4803C4FF4C2
:10C42000C0634FEA115203F1010321EA025122F4E1
:10C4300000629A1A48BF6FF0FE0241F48011352A5B
:10C440003CD830D0152A1ED3203A0CD9C2F1200393
:10C45000002821FA02F001FA03F218BF42F00102AB
:10C460004FF0000130E0C2F1000302F1200201FAB6
:10C4700003F120FA02F241EA020100FA03F208464F
:10C480004FF0000120E010B4C2F1200300FA03F4E1
:10C4900001FA03F320FA02F043EA000021FA02F164
:10C4A000224610BC10E050EA01324FF000004FF07D
:10C4B00000014FF0004218BF521C05E04FF001028E
:10C4C0004FF000014FF000001CF4803F2CF4803C42
:10C4D00018BF41F0004112421ED0F1EE103A13F4A1
:10C4E000400F20D1520003D30CD0401C41F1000179
:10C4F000F1EE103A43F00803E1EE103A4CF0804CB4
:10C5000000F03AB85FEAAC72EFD4F1D1401C41F1CF
:10C51000000120F00100EBE71CF0804F08BF7047DE
:10C520002CF0004CE4E7094254BF13F4000F13F45D
:10C53000800FDDD1D9E7F1EE103A13F0807F1EBFF6
:10C5400001F000410020704713F4006F08BF7047EE
:10C550002DE9F050FFF79FFD04F5C064A4F101043C
:10C56000314301EB0451BDE8F0504CF0005C4CF05D
:10C57000800C00F069BC00001CF0700F08BF0A4678
:10C580000FB4F1EE101A0CF0405030EA814318BF9E
:10C590004CF0804C4FEA4C034FEAD36323EA11235B
:10C5A00010EA814F18BF23F0100341EA030101F0A4
:10C5B000E0734CEA030CE1EE101A0CF00F030A2BA7
:10C5C0001DBF082B0CF070034CEAC30C4FF4003372
:10C5D00004BF33EA0C034CF4400C1CF0005F14D190
:10C5E0001CF0805F0BD11CF0804F31D11CF0006F2C
:10C5F00012D111F4807F0FBC62D000F025BC11F481
:10C60000806F0FBC2BD000F01FBC11F4006F0FBC6B
:10C6100008BF704700F018BC11F4007F0FBC40F059
:10C6200013841CF0400F1EBF4FF0004040F001008B
:10C6300070471CF0100F14BF81EA030242400CF057
:10C640000F000A2808BF4FF0FF324FF0000326E02A
:10C6500011F4805F0FBC08BF704700F0F5BB2CF0F1
:10C66000805CF1EE103A1CF0800F14BF01F0004224
:10C6700000F0004212420CBF12EA336F12EAF35F7D
:10C680000DD31CF0100F1DBF30A003C8114331485B
:10C6900008BF104313F4805F40F0D683704702F068
:10C6A00000421CF0100F1DBF0FF2940003C811438D
:10C6B000254808BF104313F4805F40F0C5837047DE
:10C6C0001CF0400F40F028801CF4404F1BD01CF49D
:10C6D000004F1CBF194610460CF4807218BF8CEA3C
:10C6E000520C1CF0800F0CBF40F4800041F400217C
:10C6F0008CEADC0313F0100F1CBF2CF00F0C4CF075
:10C70000080C00F0B9BA1CF0100F1ABF12A393E87E
:10C710000300134800F0B0BA1CF0800F14BF01F002
:10C72000004200F000421CF0100F1BBF0AA393E868
:10C7300003000B48114308BF104300F09DBA00BF2F
:10C74000000000000000F07F0000807FFFFFFFFF7F
:10C75000FFFFEF7FFFFF7F7F000000000000F87FFA
:10C760000000C07F43004FEAD30C4FEA3C0C43402B
:10C770001FBF40070CF1605113F0FE4F70471CF0D3
:10C78000006F14D133F0004004BF1946704783EAAC
:10C79000830383EA430303F0070343EACC010CF06D
:10C7A000004303F15A5303F54013FFF7A3B90CF00C
:10C7B000004343EA507040EACC0010B500F06FF837
:10C7C000000000BA180000044FEA0001FFF766BC41
:10C7D0004FEAE0024FEA407042F0E041704710B586
:10C7E000FFF780F80CBF0120002010BD10B5FFF747
:10C7F00079F814BF0120002010BD10B5FFF788F9AB
:10C800008CBF0120002010BD10B5FFF781F92CBFAF
:10C810000120002010BD10B5FFF7B6F994BF01202C
:10C82000002010BD10B5FFF7AFF934BF0120002084
:10C8300010BD000000EE100A00EE901AB4EE600A7F
:10C84000F1EE10FA78BF704700F00DB810B5FFF7A1
:10C85000F1FFEFF3008020F0104038BF40F00040BF
:10C8600080F3008810BD00F01AF800BF0000003906
:10C870000900100400F007B84FF0404010F1004FDD
:10C88000EFF300807047401058BFC0F1404049109E
:10C8900058BFC1F140418142EFF3008070470EF173
:10C8A000020E2EF0030E5EF8044B4FEA400212F126
:10C8B000807218BFB2F5000F22D3244207D44FEA8A
:10C8C000410313F1807318BFB3F5000F18D34FEA7B
:10C8D000400C1CF5000F16D2244204D44FEA410C40
:10C8E0001CF5000F0FD2002A10D14FEAD07C0CEBC0
:10C8F0004C0C0CF1020C002B08BF4CEBD17C07E078
:10C900004FF0090C04E04FF0080C01E04FEAD17C35
:10C910000CEB4C030EF1040E24FA03F404F00704AC
:10C92000B4F1040C06D20EEB840CBDE810404CF0C0
:10C93000010C6047DFE80CF01F2013025EF804CC06
:10C940001B2B08D1002A88BFB2F5000F34BF4CF46E
:10C95000804C4CF4004CBDE81040FFF70DBE002A9F
:10C9600088BFB2F1807F28BF084610BD4FF000405D
:10C97000A0F5800010BD0846420018BFD2F18072B9
:10C9800084BF5EF8042C22F08062BDE8104000F203
:10C990004081704710B44FEA00204FEA012112F4A1
:10C9A0007F0F10D1B0FA80F4A2EB044202F580327E
:10C9B00000FA04F013F47F0F18BF41F0004100D0DB
:10C9C00010BC18BF604740F00040B1FA81F4A3EBFF
:10C9D000044303F5803301FA04F110BC6047F1EE23
:10C9E000100A4FF6FF71C0F2C03120EA0100E1EEFB
:10C9F000100A70474FF07F4C3CEA410318BF3CEAF5
:10CA0000400200F06B804FF47F0C0CEAD11310F061
:10CA1000004F18BF43F005031CEAD01218BF13EAF9
:10CA20000C0F00F063804FF0004C4CEA00204CEA01
:10CA30000121A3F580339A4210DD23F00203B0F107
:10CA4000004F06D343F00203401ABCBF404283F0BC
:10CA500001034FEA4000A2F58032ECE74FEA224C96
:10CA6000BCEB234F08DB884206D325D0A0EB410066
:10CA7000C0F1000083F00103400026D220D416D07C
:10CA8000B0FA80FC0CF1010C00FA0CF0A2EB0C42A5
:10CA9000D2F1000C1BDB02F540024FEAC21242EA5F
:10CAA000502040EAC3704FF0050200F033B84FEA5F
:10CAB000437000F00040704713F0020FDCD0D5E760
:10CAC0004FEA4000B2F58032E2DD002AE0DD4FEAB5
:10CAD000C21242EA502040EAC370704710B5FFF717
:10CAE000DEFE00BFEDFFFF3E0500000431F0004C0C
:10CAF00007D030F0004C08BF7047AFF2C90CFFF709
:10CB000049BF5FF81CC0FFF737BDFF2141EAD05095
:10CB1000C0057047F1EE101A11F0807F1CBF00F0C5
:10CB20000040704711F4006F40F08E8000F0004329
:10CB300043EAD05323F48073C3F1C10323F00041CF
:10CB4000172941D8C3F1200310FA03F1C3F12003E0
:10CB500020F07F4040F4000020FA03F003F000438F
:10CB600040EA030019D00B46F1EE101A41F008011B
:10CB7000E1EE101A11F4400F1CD1590009D318BF6F
:10CB8000401C06D17FEAE27398BF401C38BF20F0FA
:10CB9000010042F0804CFFF7EFBC12F0804F08BF5D
:10CBA0007047F1EE101A41F00801E1EE101A9446B8
:10CBB000FFF7E2BC10F0004F14BF5FEAF1535FEAE9
:10CBC000316338BF401CE4E703EB9123182918BFF9
:10CBD0006FF000410131F1EE101A41F00801E1EE71
:10CBE000101A11F4400F18BF03F00040E2D168BFE3
:10CBF00003F0004009D6400203F0004000F10100BC
:10CC000004BF12F0004F20F001004FF0804CFFF7FE
:10CC1000B3BCF1EE101A11F0807F1CBF00F0004091
:10CC2000704711F4006F08BF704700F0004141F0F9
:10CC3000C04120F00040B0FA80F3A3F1080300FAED
:10CC400003F0A1EBC351084442F0005C00F0FCB8D3
:10CC5000064A21EA020120EA0202F1EE100A20EA65
:10CC6000020282EA0102E1EE102A704760603FF69C
:10CC7000D4F7F5B8D4F7F8BF0CF00F03092B08BFB1
:10CC8000082000F0F3800A2B32D0082B18BF704721
:10CC900008BF1CF0400F31D01CF4803F23D11CF0A2
:10CCA000200F11D11CF0100F0BBF02460A466FF087
:10CCB00000406FF0004118BF4FF0FF3012F0004FFE
:10CCC0001CBFC043C94370471CF0100F0CBF024685
:10CCD0000A4612F0004F4FF0FF304FF0FF311CBFFB
:10CCE000C043C94370474FF000004FF00001704748
:10CCF0001CF0400F18BF4FF0004070471CF0100FA1
:10CD000008D000F07F4220F0704342EAD3014FEA9E
:10CD10004370704700F0604021F07F4242EA000219
:10CD200001F07F4040EA7270704700004FF0FF0C46
:10CD30004CF4E06C1CEA11531CBF9CEA030C9445B4
:10CD4000C2BFDA4201EB02517047002B39D0BCF16F
:10CD5000000F67D0A1EB035112F5646F0EDDB2F541
:10CD6000646FB8BFD218A2F500635B1C15DA002A05
:10CD7000C4BF41EA0251704712F5C062DFBF01F043
:10CD80000041002041F0FE4141F47801C8BF41EA72
:10CD900002514FF01B0CFFF731BBA2F5C062A2F5A8
:10CDA00000635B1CB1BF41EA025101F00041002069
:10CDB00041F0FE41A8BF41F47801DFF87CC0FFF7E5
:10CDC000DBBB50EA013308BF70475FEA013C1AD071
:10CDD000BCFA8CF30CFA03FCC3F1140302B420FA7E
:10CDE00003F14CEA010C02BCC3F114034FEA4C0CF2
:10CDF00001F0004141EA1C3100FA03F04FEA400023
:10CE0000C3F10003A8E7B0FA80FC00FA0CF00CF1C3
:10CE10001403C3F1000341EAD0214FEA405021F44A
:10CE2000801199E750EA01334FF09B0C18BF4CF08A
:10CE3000806C7EF47BAB70479B000010D5F76BBC19
:10CE4000D6F796BAD6F724BC2DE900502DE900504C
:10CE5000D4F7B8FABDE80050BDE800500CF00F035D
:10CE600093F0090F18BF7047AFF300801CF4801FC8
:10CE700024D01CF4E02F09D010F0080F02D1D0F11B
:10CE8000020070476FEACC31490070474FF06041B3
:10CE900011EA407028BF40F04050F1EE103A23F004
:10CEA000704343EA0003E1EE103AEFF3008222F010
:10CEB000704242EA000282F3008870471CEA004098
:10CEC00018BF0120704704000008000000000000A7
:10CED0000002000100001000000000006E83F9A2B3
:10CEE0002915444ED15727FCC0DD34F5999562DBF6
:10CEF0004190433CAB6351FE000000000000000085
:10CF0000303132333435363738394142434445467F
:10CF10004030580030313233343536373839616279
:10CF200063646566403078003031323334353637EB
:10CF30003839616263646566787000303132333449
:10CF40003536373839414243444546585000000091
:10CF50000000000000000100C09501000000020078
:10CF600069520200C0950200AECE0200000003002C
:10CF7000802B03009ED4020875D402085BD40208FB
:10CF80005ED4020884D4020865D4020880D4020862
:10CF900061D4020888D40208A1D40208A6D40208E9
:10CFA0007FD602085FD4020867D40208A8D402081A
:10CFB0006ED60208A4D402089AD4020871D40208DA
:10CFC00093D4020879D4020869D402084354524C1D
:10CFD0003D52454A4543542063616C6962726174F5
:10CFE000696F6E5F6661756C745F6F725F73746199
:10CFF0006C655F636F6D6D616E640D0A000000000B
:10D0000043414C3D5354415254204B4545505F5091
:10D01000524553535552455F504F5254535F494EFA
:10D020005F4149520D0A00000000000000000000AE
:10D0300001020304060708090000000001020304BE
:10D040000B080141090242C0030A0B040F0008103B
:10D05000820911000A15800B16000C18010D7D04C1
:10D06000017C000240AB0341000553080658040749
:10D0700000000000020000000300000005000000A6
:10D08000070000000B0000000D0000001100000070
:10D0900013000000170000001D0000001F0000002A
:10D0A00025000000290000002B0000002F000000D8
:10D0B000350000003B0000003D0000004300000080
:10D0C00047000000490000004F000000530000002E
:10D0D00059000000610000006500000067000000CA
:10D0E0006B0000006D000000710000007F00000078
:10D0F00083000000890000008B0000009500000004
:10D10000970000009D000000A3000000A7000000A1
:10D11000AD000000B3000000B5000000BF0000003B
:10D12000C1000000C5000000C7000000D3000000DF
:10D13000010000000B0000000D00000011000000C5
:10D1400013000000170000001D0000001F00000079
:10D1500025000000290000002B0000002F00000027
:10D16000350000003B0000003D00000043000000CF
:10D1700047000000490000004F000000530000007D
:10D180005900000061000000650000006700000019
:10D190006B0000006D0000007100000079000000CD
:10D1A0007F00000083000000890000008B00000069
:10D1B0008F00000095000000970000009D00000017
:10D1C000A3000000A7000000A9000000AD000000BF
:10D1D000B3000000B5000000BB000000BF0000006D
:10D1E000C1000000C5000000C7000000D100000021
:10D1F000000000000000000000000000912801086D
:10D20000C12D0108392E01080000000000000000B7
:10D21000615A0108E95B0108FD5C0108000000009B
:10D2200000000000795C0208515E0208A95E020855
:10D23000000000000000000081600208A9600208F0
:10D24000B16002080000000000000000C56802088C
:10D25000F1680208596A020800000000000000009E
:10D26000E16C0208696E0208F96E020840AC037DA9
:10D2700004014103057C00026D0D026D09023A7440
:10D2800074003A7474003A747400000001000000E5
:10D290000200000003000000040000000500000080
:10D2A000060000000700000008000000000610163D
:10D2B0000006101648414C20696E697469616C69FA
:10D2C0007A6174696F6E002E2E2F2E2E2F75736566
:10D2D00072436F64652F7461736B732F5372635C59
:10D2E0005461736B5368617265645265736F7572D4
:10D2F0006365732E68002E2E2F2E2E2F7573657288
:10D30000436F64652F7461736B732F5372632F4384
:10D310006F6E74726F6C6C65725461736B53746171
:10D32000727475702E63707000564F46413D4F46C3
:10D33000460D0A00564F46413D4F4E204649524544
:10D3400057415445525F313643480D0A0046423D2D
:10D3500052454A4543542025730D0A00766F666195
:10D360003A252E32662C252E32662C252E32662C3E
:10D37000252E33662C252E33662C252E33662C2540
:10D380002E33662C252E33662C25752C25752C25E1
:10D39000752C25752C25752C25752C256C752C2543
:10D3A000750D0A00535441543D45534B462C53547C
:10D3B0004F503D25752C52454144593D25752C4310
:10D3C000414C3D25752C464C4147533D256C752CF1
:10D3D0004D41534B3D25752C4641554C543D2575CB
:10D3E0002C5748593D256C752C43414C5F43483DB3
:10D3F000256C752C43414C5F4E3D256C750D0A0024
:10D40000444941473D55533D256C752C4D41583D90
:10D41000256C752C4D4953533D256C752C52583D48
:10D42000256C752C4932433D256C752C4143435F77
:10D4300052454A3D256C752C505F52454A3D256C3E
:10D44000752C543D252E31662C484541543D25759B
:10D450002C5748593D256C750D0A00434100564133
:10D46000004956413A454E440041434C3A4F4646E6
:10D47000005250593A4F46460041434C3A4F4600FD
:10D480004956413A42454700444E00564F46413ABC
:10D490004F4E0041434C3A4F4E005250593A4F4E76
:10D4A00000555000510057005A007461726765744E
:10D4B0005F6F725F6D6F6465002E2E2F2E2E2F759D
:10D4C000736572436F64652F7461736B732F53724E
:10D4D000632F436F6E74726F6C4C6F6F7054617317
:10D4E0006B2E6370700045534B465F6F6E6C790016
:10D4F0002E2E2F2E2E2F75736572436F64652F7439
:10D5000061736B732F5372632F493263427573419A
:10D5100063636573732E637070002E2E2F2E2E2F73
:10D520004D6964646C6577617265732F54686972C4
:10D53000645F50617274792F4672656552544F531F
:10D540002F7461736B732E63002E2E2F2E2E2F4D92
:10D550006964646C6577617265732F54686972647D
:10D560005F50617274792F4672656552544F532F24
:10D5700071756575652E63002E2E2F2E2E2F4D6929
:10D5800064646C6577617265732F54686972645F57
:10D5900050617274792F4672656552544F532F70E3
:10D5A0006F727461626C652F4743432F41524D5F28
:10D5B000434D34462F706F72742E63002C00483A2E
:10D5C000005250593A00414E470041434C005445E7
:10D5D00053004D4F543A0043414C3D4641494C2085
:10D5E000524553544152545F41545F535552464142
:10D5F00043450D0A00424F4F543D4641494C5F257B
:10D600007320494D553D2575205245535441525480
:10D610005F41545F535552464143450D0A00434113
:10D620004C3D4F4B0D0A00424F4F543D4F4B5F2531
:10D63000730D0A0043414C3D44455441494C20730D
:10D64000746174653D256C75206368616E6E656CF0
:10D650003D256C752073616D706C65733D256C752F
:10D660000D0A004C45440050524553535552450055
:10D67000534552564F5300544852555354455253F4
:10D6800000494D55002564006F766572666C6F77B2
:10D690005F6572726F7220776173207468726F7742
:10D6A0006E20696E202D666E6F2D657863657074CF
:10D6B000696F6E73206D6F64652077697468206D83
:10D6C0006573736167652022257322005F5F63784D
:10D6D000615F67756172645F61637175697265200E
:10D6E00064657465637465642072656375727369DB
:10D6F000766520696E697469616C697A6174696FB5
:10D700006E3A20646F20796F7520686176652061BC
:10D710002066756E6374696F6E2D6C6F63616C202B
:10D72000737461746963207661726961626C6520EB
:10D7300077686F736520696E697469616C697A6175
:10D7400074696F6E20646570656E6473206F6E20FF
:10D75000746861742066756E6374696F6E3F000053
:10D760004354524C3D45534B462053544F50504523
:10D770004420564F46415F46495245574154455211
:10D780005F313643480D0A00E8D802080000002047
:10D79000E8070000EC01000840DA0208E807002072
:10D7A000D0EE00004C020008100100004300000011
:10D7B000F8FFFFFF004040404040404040404141B2
:10D7C0004141414040404040404040404040404056
:10D7D00040404040400502020202020202020202F0
:10D7E00002020202022020202020202020202002ED
:10D7F000020202020202909090909090101010107D
:10D800001010101010101010101010101010101018
:10D8100002020202020288888888888808080808AC
:10D820000808080808080808080808080808080878
:10D8300002020202400000000000000000000000A0
:10D8400000000000000000000000000000000000D8
:10D8500000000000000000000000000000000000C8
:10D8600000000000000000000000000000000000B8
:10D8700000000000000000000000000000000000A8
:10D880000000000000000000000000000000000098
:10D890000000000000000000000000000000000088
:10D8A0000000000000000000000000000000000078
:10D8B00000000000000000001C0000004300000009
:10D8C000F8FFFFFF0C0000000E0000000F0000003A
:10D8D0002E000000D109FEFFE909FEFF4D0CFEFFFE
:10D8E000511BFEFF2D0CFEFF0118300AE7416B3A79
:10D8F00058A08B3A32091A041381C41B08B9041AC0
:10D90000C9041AF5041325C51B085D081A910432D1
:10D91000083209320A320B091610290C2914091E83
:10D920003037010206050E06280E0307047B14AEED
:10D9300047E17A843F9A990163A93F5AF008210987
:10D940005E207203100901FF0101FFFF01FF132494
:10D95000F41381C11408DDBF3C08D1C2BB111339D7
:10D96000C01B0829101AA104C11AD5181A81041A5B
:10D970002D301A7108140902431302012DC0320917
:10D9800004E5190B130524161001052401100901E3
:10D990000424020205240617010705820308151056
:10D9A00009040133020A2E0705010240072A8107F4
:10D9B00011130A0632023340011A12231302021E07
:10D9C0004083044057591B02031513E9371B08E530
:10D9D000041AE1041315381B0831046E040309040A
:10D9E0001AC9011313AC2414200C2E1420C4B9142A
:10D9F0002060021420F42D2A202F3808CAD50208EE
:10DA0000512801D429101AC6108B0921101ACE10E2
:10DA10004B2D1D10BC10D202FC016019EB01FF015F
:10DA2000FF013F9A010401FF01FF01B65A010436CC
:10DA300050502801101AAA01410000000000000007
:040000050800018965
:00000001FF
