:020000040800F2
:10000000A8E6002061030008A1B70008C595000814
:100010009DB70008C537000831E100080000000066
:1000200000000000000000000000000001B900080E
:100030008538000800000000B1B7000825B90008A5
:100040007B0300087B0300087B0300087B03000898
:100050007B0300087B030008893800087B03000845
:100060007B03000891380008993800087B030008DA
:10007000353800087B0300087B030008413800087E
:100080007B0300087B0300087B0300087B03000858
:10009000C93700087B0300087B030008A13800086B
:1000A0007B0300085DBA000851BA00087B03000812
:1000B0007B0300087B0300087B0300087B03000828
:1000C0007B030008D5950008C99500087B0300084C
:1000D00015B80008A1BD00087B0300087B030008D9
:1000E0007B0300087B0300087B0300087B030008F8
:1000F0007B0300087B0300087B0300087B030008E8
:100100007B0300087B0300087B0300087B030008D7
:100110007B0300087B0300087DBA000889BA000849
:100120004D380008593800087B030008653800087E
:100130007B0300087B0300087B0300087B030008A7
:10014000D53700087B0300087B030008A5B700082B
:100150007B0300087B0300087B030008ADBD00089B
:100160007B0300087B0300087B0300087B03000877
:100170007B0300087B0300087B03000800000000ED
:100180007B0300087B03000800F002F800F0D9F8B8
:1001900014A696E8000CB244B344DA4501D100F04D
:1001A000D0F8BAE80F000FA696E83000A5EB0405DA
:1001B00004EB0607AAEB0704A7F101074FEA1515A0
:1001C0004FEA3414A4F10104AC4201D300F0B9F8B1
:1001D00013F0010F18BFFB1A43F0010300F001F800
:1001E000DBE7184768D5020088D502000A444FF0C3
:1001F000000C10F8013B13F0070408BF10F8014B86
:100200001D1108BF10F8015B641E05D010F8016BCA
:10021000641E01F8016BF9D113F0080F1EBF10F82E
:10022000014BAD1C0C1B09D16D1E58BF01F801CB51
:10023000FAD505E014F8016B01F8016B6D1EF9D5D4
:100240009142D6D37047000070470000002300247D
:1002500000250026103A28BF78C1FBD8520728BFD6
:1002600030C148BF0B6070476E2901F0FC807029D7
:1002700001F0738266292CF0AF8265292CF0AC82E4
:1002800067292CF0A98261292CF0A88203681B0A37
:1002900028BF41F08001692900F04681642900F0FF
:1002A0004381752900F040816F2901F0018278298E
:1002B00001F03F82E92901F09B81E42901F0988156
:1002C000F52901F09581EF2901F0FE81F82901F06F
:1002D0003E820368DB0928BF41F08001632900F0FA
:1002E0001D87732900F02287E32901F04586F32951
:1002F00001F04A86002070471FB52CF024F99DE8D4
:10030000030000F0E5FF00F0C3FF0400002000211F
:100310002AF00CFC401C6060002000212AF01CFC2C
:10032000E06001F02DFCAFF3008001F05BFB00F01A
:10033000EDFB1FBD10B5002001F0F0FB01F0BBFB91
:1003400010BD01F048FC1146FFF7D6FF27F0E2FB95
:1003500002F0BAF803B4FFF7EDFF03BC27F0C8FBC7
:100360000948804709480047FEE7FEE7FEE7FEE749
:10037000FEE7FEE7FEE7FEE7FEE7FEE70448054985
:10038000054A064B70470000F9B9000889010008CA
:10039000A8CE0020A8E60020A8DE0020A8DE0020CD
:1003A000704753EA020C00F069802DE9F04B4FF0E2
:1003B0000006002B1FBFB3FA83F503FA05F424FAF5
:1003C00005F65E4012BF1643B2FA82F502FA05F452
:1003D000C5F120051EBF22FA05FC44EA0C042035B5
:1003E00056EA044C4FEA144418BF641C4FF000084E
:1003F0004FF00009904271EB030C39D3002919BF6B
:10040000B1FA81F701FA07F6B0FA80F700FA07F6B9
:10041000C7F120071EBF20FA07FC46EA0C0620376A
:10042000B6FBF4FCA7EB0507103F07F01F0BCBF161
:1004300020062CFA06F60CFA0BFB44BFB346002646
:10044000202FA4BF5E464FF0000B5BEA060C08BFEE
:100450004FF0010B19EB0B0948EB0608ABFB027CD4
:1004600006FB02CC0BFB03CCC01B71EB0C01C1E7FC
:100470000B46024641464846BDE8F08B13B508439B
:1004800018BF4FF0FF300146AFF30080BDE81C40BD
:10049000704700000FB41CB50C0007AA009007D0ED
:1004A0004142A14202D32044401E01E04FF0FF3000
:1004B000074B7B4469460190069800F00AFE002134
:1004C000002C01D0009A11701CBC5DF814FB0000D8
:1004D000430C000070B50C460546012A05D028786B
:1004E000800600D5EA69002302E0012305E05B1CD9
:1004F000934202D2E05C0028F9D1A869E618C01A3C
:10050000A861286A18442862284600F073FF04E0B6
:10051000D5E9012114F8010B9047B442F8D32846DD
:1005200000F07EFF70BD00002DE9F041064600247A
:1005300010687529314616A510D000F082FF0028FA
:1005400002DA404213A507E031688A0701D512A5F7
:1005500002E0490704D511A5012401E000F07AFF6B
:1005600000210A2206F1240709E0B0FBF2FCB0FBEF
:10057000F2F302FB1C00303078541846491C002866
:10058000F3D123462A463046BDE8F04100F09FBB38
:10059000000000002D0000002B00000020000000E3
:1005A0002DE9F05F894604464FF0000ADFF874B188
:1005B000FB44C0F820A02046E1688847002874D09A
:1005C000252806D0D4E901219047206A401C2062EA
:1005D000F1E700265F462046E16888472028054667
:1005E00007DB312D05D2781910F8200C08B106432D
:1005F000F1E7B00701D526F00406C4F81CA00027D7
:10060000C4F818A02A2D09D028462AF011FA38B3C8
:1006100004EB8708303DC8F8185019E059F8041B5E
:10062000204604EB87029161E1688847012F054667
:1006300018D1E069002820DA26F020061DE0D8F85D
:10064000180000EB800005EB40003038C8F81800B7
:100650002046E168884705462AF0EAF90028EED1ED
:10066000012F0AD02E2D08D12046E16888477F1C33
:100670000546022F46F02006C4DBA069002803DAF5
:10068000404246F00106A061F00701D026F01006B6
:100690006C2D0BD0682D09D04C2D39D06A2D35D05A
:1006A000742D35D07A2D33D016E038E0E1682F462E
:1006B00020468847B842054609D16C2F26D04FF412
:1006C0008060E168064320468847054604E06C2FB9
:1006D0001AD04FF4807006430DB3A5F141001928DC
:1006E00002D8203546F400664A4629462046266050
:1006F0004E46FFF7B9FD80B101280BD0F61D26F05C
:10070000070000F1080956E74020E4E78020D8E719
:100710000020D6E706F104094DE7284652E7206A93
:10072000BDE8F09F7AC4020070B5064600F00EFAEC
:100730000468054630460A22002100F002F82C60C9
:1007400070BD2DE9F04791460F46804604460026CD
:1007500014F8015B2DB100F0F1F90068405DC007AD
:10076000F6D12B2D02D02D2D18D0641E4A463946C5
:10077000204600F0DFFC27B13968A14201D1C7F85B
:1007800000804FF0020471050BD54042002803DDC4
:1007900000F0DCF90460A007BDE8F08746F480664D
:1007A000E4E70028F8DA00F0D1F904606FF00040C7
:1007B000F2E70B460146184600F01ABD014A00F068
:1007C0003BBD00000000002040EA010310B59B077C
:1007D0000FD1042A0DD310C808C9121F9C42F8D0AB
:1007E00020BA19BA884201D9012010BD4FF0FF305C
:1007F00010BD1AB1D30703D0521C07E0002010BD72
:1008000010F8013B11F8014B1B1B07D110F8013BFD
:1008100011F8014B1B1B01D1921EF1D1184610BDDE
:1008200010B5431C02E010F8011B71B18107FAD129
:100830004FF0013202C88C1A8C4314EAC211F9D06D
:10084000C01A0A0603D0C01E10BDC01A10BD0A048B
:1008500001D0801E10BD0902FCD0401E10BD40EA30
:10086000010370B59B072ED14FF00136042A2AD31D
:1008700008C810C99D1B9D43121F15EAC61517D045
:10088000D8B2E1B2401A50EA056110D198B2A1B2D3
:10089000401A50EA05410AD123F07F4024F07F41FD
:1008A000401A50EA052102D1180EA0EB146070BD69
:1008B000A342DBD018BA21BA884201D9012070BD09
:1008C0004FF0FF3070BD0AB9002070BD10F8013B39
:1008D00011F8014B63B1A3420AD1521E08D010F89F
:1008E000013B11F8014B1BB1A34201D1521EEDD1C6
:1008F000181B70BD032A40F2308010F0030C00F08A
:10090000158011F8013BBCF1020F624498BF11F849
:1009100001CB00F8013B38BF11F8013BA2F1040202
:1009200098BF00F801CB38BF00F8013B11F003037A
:1009300000F02580083AC0F0088051F8043B083ADE
:1009400051F804CBA0E80810F5E7121D5CBF51F880
:10095000043B40F8043BAFF30080D20724BF11F8FA
:10096000013B11F801CB48BF11F8012B24BF00F85F
:10097000013B00F801CB48BF00F8012B704710B5D0
:10098000203AC0F00B80B1E81850A0E81850B1E848
:100990001850A0E81850203ABFF4F5AF5FEA027C87
:1009A00024BFB1E81850A0E8185044BF18C918C0B7
:1009B000BDE810405FEA827C24BF51F8043B40F858
:1009C000043B08BF7047D20728BF31F8023B48BF3D
:1009D00011F8012B28BF20F8023B48BF00F8012B7B
:1009E000704702F0FF0343EA032242EA024200F0AA
:1009F00024B84FF000020429C0F0128010F0030C5C
:100A000000F01B80CCF1040CBCF1020F18BF00F801
:100A1000012BA8BF20F8022BA1EB0C0100F00DB8B0
:100A20005FEAC17C24BF00F8012B00F8012B48BF0E
:100A300000F8012B70474FF0000200B513469446B2
:100A40009646203922BFA0E80C50A0E80C50B1F126
:100A50002001BFF4F7AF090728BFA0E80C5048BF3A
:100A60000CC05DF804EB890028BF40F8042B08BFD8
:100A7000704748BF20F8022B11F0804F18BF00F8D4
:100A8000012B70470000000030B44FF0013C50F8DB
:100A9000042B51F8043BCCFA52F4D51A20D1FCB9FE
:100AA00050F8042B51F8043BCCFA52F4D51A17D164
:100AB000B4B950F8042B51F8043BCCFA52F4D51ACF
:100AC0000ED16CB950F8042B51F8043BCCFA52F417
:100AD000D51A05D1002CDAD030BC4FF00000704799
:100AE00029BAB1FA81F111F01801D1F12000844046
:100AF000F2D1CA40CB4012F0FF0213F0FF0330BC2A
:100B0000D01A7047704770477047000008487CB59E
:100B10007844009007487844009C0546019004E022
:100B20002046016808448047241DAC42F8D17CBDB2
:100B300084CD020092CD02007047000010B500F095
:100B4000A7FB001D10BD00BFE59F020000487047D5
:100B5000E408002070B5064600F096FB056806F133
:100B60000B0020F00704B4429CBF002070BD2B4650
:100B70006A68BAB11068A04210D304F10801884233
:100B80003CBF5068586007D3516810194160116824
:100B9000091B016058601460101D70BD1346526837
:100BA000002AE7D12146284600F07EFB0028DED14E
:100BB00070BD70B50446051F00F066FB0068002C90
:100BC00014BF446870BD002C18BFAC423CBF204627
:100BD0006468F8D301680A18AA4218BF456003D1B7
:100BE0002A6805461144016028684119A1421CBFCA
:100BF0006C6070BD6168696021680844286070BDE0
:100C00002DE9F04791460C46804600F03DFB076811
:100C1000604234EA000001D1042C02D20520BDE874
:100C2000F087601E40F0070609F10B0020F0070571
:100C30004D4539D93B467A6882B31468101D40424D
:100C400006EA000C644525D9A4EB0C00854221D8A6
:100C5000BCF1000F0BD0104601686244A1EB0C01FF
:100C6000116041685160C0F800C0586003461168C7
:100C700005F10800814205D35019491B0160156038
:100C80005860034652F8040F58600020C8F800204E
:100C9000BDE8F08713465268002ACED1294638466F
:100CA00000F002FB0028C5D10620BDE8F08710B592
:100CB000FFF74CFF006810BD10B50446FFF746FF74
:100CC000046010BD0B460146184600F021BC2DE91A
:100CD000F0470D4699469246044600F12408016803
:100CE000880604D5E06921F01001216000E00120B0
:100CF000A84201DD471B00E00027A1697A1902EB39
:100D00000900081AA0612078C00602D4204600F02D
:100D100071FB002608E0D4E901211AF8060090478B
:100D2000206A401C761C20624E45F4DB2078C00609
:100D30000AD5204600F05EFB06E0D4E90121302010
:100D40009047206A401C2062381EA7F10107F4DC9E
:100D500007E0D4E9012118F805009047206A401CFB
:100D60002062281EA5F10105F3DC204600F058FBA7
:100D70002078000602D50220BDE8F0870120FBE7BD
:100D80002DE9F04F1C4683460E468BB0D2E9003069
:100D9000149DC10F009120F00041080D01D00122E7
:100DA00000E00022801A0027DA1B61EB0051914617
:100DB0000A438846A0F2324A0AD0002108462BF0A6
:100DC000FBFC10F4400F14D00099A1B1400213E0D5
:100DD000012D02D00020302105E0E043CDE90607D7
:100DE00005E03154401CA042FBDBCDE906740895B8
:100DF00029E0002005E00002002801DA022000E0DE
:100E00000120012D08950FD00021CDE904103046B6
:100E1000CDE902A4CDE9009809AA06A900F00EFDCB
:100E20000790099810B105E00121EEE7102108466E
:100E30002BF0C2FC012D06D1DDE90610641C214413
:100E4000884200DA0897079806AC375494E80E00F9
:100E5000CBE90012CBF808300BB0BDE8F08F2DE9DC
:100E6000F04F88460446D21D22F00701ADF5477DBC
:100E7000D1E90001CDE9BE0128F033FD0246BF985B
:100E8000C00F01D02D2007E02068810701D52B205D
:100E900002E0202101EAC000032AC09001D0072A05
:100EA00005DB03464146204600F0F2FA08E12078CF
:100EB000800601D5E06900E0062040F2F123B8F198
:100EC000650F814606D0B8F1660F16D0B8F1670FEE
:100ED0006BD12FE00020B9F53C7F009001DC09F1D7
:100EE0000103BEAA01A9C1A8FFF74AFFDDE9C1704D
:100EF000002609F10105834644E001204B4600909D
:100F00004FF00047BEAA01A9C1A8FFF739FFDDE9EC
:100F1000C2B0C1995D46002610B909F101000D1853
:100F2000B9EB050003D4C0F1FF3609F10105A5EBCB
:100F3000090028E0B9F1010F01DA4FF001090020A2
:100F400099450090484600DC0346BEAA01A9C1A805
:100F5000FFF716FFDDE9C1704D4600268346207875
:100F600000070AD4AB4500DA5D4601A8012D04DD77
:100F7000411911F8011C302907D04F4502DA17F149
:100F8000040F04DA012082460FE06D1EEEE7002F09
:100F900002DCED1B3E4403E0781CA84200DD7D1C12
:100FA000B81B00F1010A4FF000472078000703D476
:100FB000AA4501DB4FF0FF3A0021B7F1004F0DF2D7
:100FC00017388DF8171324D002202B23002F01DAB5
:100FD0007F422D230A21021EA0F1010000DC5FB137
:100FE00097FBF1FC97FBF1F201FB1C7C17460CF11F
:100FF000300C08F801CDEEE7A8F10100037021885C
:10100000090501D5452100E06521A0F1010800F89E
:10101000011CC098C4A9A1EB0807FF1D00B1012065
:10102000411901EBEA70A1693844081A401EA06119
:101030002078C00602D4204600F0DCF9C09828B120
:10104000D4E901219047206A401C20622078C00624
:1010500022D5204600F0CEF91EE0002E04DBB34579
:1010600002DD01A8805D00E03020D4E90121904735
:10107000206A401C2062761CAAF101005FEA000A87
:101080000AD100F005F9C0680168405CD4E901218B
:101090009047206A401C2062281EA5F10105DCDC77
:1010A00007E0D4E9012118F8010B9047206A401CA1
:1010B0002062381EA7F10107F3DC204600F0B0F9EA
:1010C00003200DF5477DC8E601694A1C02610878D6
:1010D000704700B58FB0CDE9013100210591054978
:1010E0007944CDE9031011466846FFF759FA0FB06D
:1010F00000BD0000E5FFFFFFD1E900239A4202D2C4
:10110000531C0B601070704710B5436913B1AFF3F7
:10111000008001E0FFF7DEF9012010BD127800F138
:1011200024010A7000224A700122EDE711684FF095
:10113000FF32E9E72DE9F05F824615468B4600272E
:101140000AF10104B9460078302801D09DB113E0BE
:1011500014F8010B0127782803D0582801D045B195
:101160000AE00DB1102D07D1002714F8010B10254E
:1011700002E0082500E00A250026B0460EE005FB47
:10118000080005FB06F101271FFA80F801EB104665
:10119000B6F5803F00D3B94614F8010B294600F09C
:1011A000E7FA0028EBDABBF1000F05D00FB1641E9F
:1011B00000E05446CBF80040B9F1000F06D0FFF72D
:1011C000C5FC02210160C81EBDE8F09F48EA064048
:1011D000FAE70023036000F0FBBA10B5002000F02E
:1011E000D5FCFFF7A7F8BDE81040012026F080BC31
:1011F0002DE9F041074615460E461020FFF7AAFCE0
:10120000040013D06760C4E902650948AFF30080A9
:1012100000F042F80168216006490460002008607F
:101220000348AFF300800020BDE8F0810120FBE718
:1012300014000020100000202DE9F04115460E4654
:10124000040002D12C6804B90BA4204600F0B5FCC0
:101250000444207870B127463146384600F09DFCA2
:101260000444207810B1002004F8010B38462C60AB
:10127000BDE8F0810027F9E7000000000048704752
:10128000E40800200020704700487047EC08002068
:101290000048704704090020004870471C090020DE
:1012A000704770477047704738B504460A460020BB
:1012B0006946AFF30080002808BF38BD0246009998
:1012C000204600F0ADFC012038BD012001F030B90E
:1012D000F8B5AFF30080054600200C460C2000BF97
:1012E0000646A819A0420DD9324669460020AFF340
:1012F0000080070008BF01F01BF90098A04218BF4A
:101300000546C419FFF7C0FF05600746F01D20F031
:1013100007004619284600F00AF8B44208BFF8BD95
:10132000A21B31463868BDE8F84000F079BC0021C6
:101330000160416070470C20704730B5B0F10A027F
:1013400071F100034FEA900E4EEA817EB0EB0E0081
:1013500061EB91014FEA101E4EEA017E10EB0E0088
:1013600041EB11114FEA102E4EEA016E10EB0E0008
:1013700041EB11214FEA104E4EEA014E10EB0E00E8
:1013800041EB1141401841F100014FEAD00040EA21
:1013900041704FEAD1014FEA810444EA907410EBA6
:1013A000800544EB01046D1944EB0404521BA34176
:1013B0004FF0000348BF0A3200D530BD401C41F158
:1013C000000130BD1FB584B000200A9C06AB04AA02
:1013D00002A90094AFF3008018B1DDE9020108B062
:1013E00010BD0348204001F095F800200146F6E7C3
:1013F0000000207C70B5044685690068C10601D5EF
:10140000302600E02026C00707D070BDD4E90121B6
:1014100030469047206A401C20626D1EF6D570BD94
:1014200070B5044685690078C00707D170BDD4E95E
:10143000012120209047206A401C20626D1EF6D5B5
:1014400070BD09684A0501D540B27047C905FCD591
:1014500000B2704709684A0501D5C0B27047C90596
:10146000FCD580B2704711680268006A530501D547
:1014700008700AE0D30501D5088006E0130603D5FD
:10148000C217C1E9000200E00860012070470000B7
:101490002DE9F0411F46044603260168072A01F49E
:1014A000006004DB08B116A505E016A503E008B14D
:1014B00015A500E015A521F010002060A069C01E50
:1014C000A0610FB1401EA0612046FFF793FF4FB10E
:1014D000D4E9012138469047206A401C2062C01C94
:1014E000206206E0206AFAE7D4E9012115F8010B31
:1014F0009047761EF8D22046FFF792FFBDE8F081B4
:101500004E414E006E616E00494E4600696E6600A7
:10151000074B70B50D467B44FFF7DBFD04462846BC
:1015200000F0E8FE10B14FF0FF3070BD204670BDF6
:10153000259502002DE9FF5F15468A460446DFF82F
:10154000AC80F8440027D8E900103E46CDE90010F1
:1015500010E03AF816106A4602A800F091FF411C0C
:1015600007D02178890603D5E269391891420DD850
:101570000744761C2078800602D5E069B84205DD74
:10158000AE42E6DB3AF816000028E2D1A069C01BA3
:10159000A0612046FFF72EFFD8E90010CDE900102A
:1015A000002017E03AF818106A4602A800F068FF19
:1015B000B0F1FF3F81460BD000250DF1080B05E08F
:1015C000D4E901211BF8050090476D1C4D45F7D368
:1015D00008F10100B0428046E4DB206A3844206212
:1015E0002046FFF71DFFBDE8FF9F00001AB502006F
:1015F0002DE9F0418046D21D22F007020025D2E9F4
:101600000002F52915A614D0011E72F1000106DAB8
:101610000023D0EB030063EB020211A608E0D8F828
:1016200000108B0701D50FA602E0490701D50EA6D1
:1016300001251146002408F1240704E0FFF77DFE90
:1016400030323A55641C50EA0102F7D12B4632463B
:1016500021464046BDE8F041FFF739BB00000000DD
:101660002D0000002B0000002000000030B40021FD
:1016700000F1240408E002F00705D208303542EA00
:101680004372DB086554491C52EA0305F3D1046830
:10169000002310A2250708D504F020040C4304D031
:1016A000C46901230CA2641EC46130BCFFF70FBBE8
:1016B00010B5044621461068FFF7CCFE02462046CE
:1016C000BDE810400023D1E7D21D22F00701D1E987
:1016D0000023CBE70000000030000000F0B40D460E
:1016E0000188090502D5214C7C4402E01F4C7C4452
:1016F0000E34002100F1240608E002F00F07120961
:10170000E75D42EA03721B097754491C52EA03075A
:10171000F3D102780023120704D5702D06D009B149
:10172000022311342246F0BCFFF7D1BA0123103452
:10173000F8E770B504460D4621461068FFF78AFEAB
:10174000024629462046BDE870400023C6E7D21D68
:1017500022F00703D3E90023C0E70368126843F0CF
:10176000200303600823C3610023B7E77CB30200B2
:101770003A2800D2303820F02002412A01D3A2F1C9
:101780003700884201D34FF0FF3070470FB40B0091
:1017900010B54FF000048AB00FA900910E99CC60EB
:1017A000234C7C44234A7A44CDE9064200D00423EA
:1017B0006FF00042CDE901321F4A7A446B4608922D
:1017C000024600202BF0EEF80AB010BC5DF814FBC6
:1017D000F0B507464FF0FF301E4615460C463B4617
:1017E00085B06A460091CDE90101314600200490A0
:1017F00004A8FFF7CBFF04990346601825B109B18F
:10180000024600E022462A6000290ED0002B02DDAD
:101810000099814209D03B466A463146001B00943C
:10182000CDE9010404A8FFF7B1FF05B0F0BD000049
:10183000EB07000005080000970400002DE9FF4FAA
:101840000446ADF5437DD1AB93E82500D099DDF892
:1018500054830091CDE90102C0AAC1A903A800F0F8
:10186000CFFC0346C198D499064641B11D446D1C76
:10187000012D04DAC5F10101012508440B44A646F7
:101880004FF0FF324FF0390B002124E0401EB042F0
:1018900001D300270CE0DDF800C387083CF817707F
:1018A0004FEA807C4FEA1C7C27FA0CF707F00F0701
:1018B0006D1E092F0EDA002A02DB303204F8012BEC
:1018C0005A46002903DD491E04F8012BF9E70021DF
:1018D0003A4600E0491C08B1002DD7DC4FF0010C5E
:1018E000B8F1020F08D0B8F1010F07D0A0B1401E27
:1018F000B04205D300270CE0002522E0022520E0BD
:10190000C09F850837F8155087073F0FFD4005F049
:101910000F07052F02DB04E04FF000074FF0000532
:1019200007E003DC002901DCD50701D0012500E038
:1019300002250FB14FF0000C022D02D0BCF1000FB8
:1019400022D04FF00009DDF800A313E0401EB042A2
:1019500001D300270BE04FEA90083AF818704FEADD
:1019600080784FEA187827FA08F707F00F070FB1C9
:10197000012004E00028E9D1B9F1000001D04FF0C6
:10198000000C022D00D10546012D02F101000AD004
:1019900010B1303204F8012B5846002916DD491EDB
:1019A00004F8010BF9E718B1313204F8012B06E015
:1019B000312004F8010BD4985B1C00B9491E30207B
:1019C000002903DD491E04F8010BF9E7C498036000
:1019D000C598C0F800C00DF5477DA4EB0E00BDE82A
:1019E000F08F000010B542485421FFF724F8414819
:1019F0005421FFF720F840485421FFF71CF83F49D5
:101A00003B483C4A3F4B08603D490A603A491960EF
:101A1000531C0365481C1065012008653B48344A87
:101A200039A1784400F08EFC20B9384878440A384F
:101A300000F077FD37482F4A35A1784400F082FC4A
:101A400020B9344878440A3800F06BFD32482A4AFD
:101A50002FA1784400F076FC20B92F4878440A384A
:101A600000F05FFD40232248DC000021224600F008
:101A700045FC20B125487844543800F052FD1D48FB
:101A800022464023002100F039FC20B1214878444F
:101A9000543800F046FD184822461023002100F07B
:101AA0002DFC002806D01C487844BDE8104056386C
:101AB00000F037BD10BD104870B5006D20F0010476
:101AC0000B4800F0B7FC0B4800F0B4FC0A4800F0EB
:101AD000B1FC09E0206D20F00105204600F0AAFCD1
:101AE0002046FFF766F82C46002CF3D170BD0000AD
:101AF000E80700203C080020900800200400002097
:101B0000080000200C00002072000000B0B30200AA
:101B1000770000009CB302007CB302002DE9F8437B
:101B200006461548AFF30080FFF7B6FB134F81461A
:101B3000E8464D4616E026B1E068B04201D02546A1
:101B400010E0206828600C48C7F80080AFF30080E0
:101B5000D4E9010188470848AFF30080396841455E
:101B600000D04D462C68002CE5D10020386002489A
:101B7000AFF30080BDE8F8831400002010000020BF
:101B80000148FFF77FBB00001400002010B500F0F3
:101B9000A9FCBDE8104000F0A0BC30B503461D789C
:101BA0001DB10A4603E0AC4201D1181A30BD12F84B
:101BB000014B002CF7D15B1CF1E730B503461D78D3
:101BC0003DB10A4612F8014B1CB1AC42FAD15B1C84
:101BD000F5E7181A30BD7546FFF750FBAE46050015
:101BE0006946534620F00700854618B020B5FEF739
:101BF000C5FBBDE820404FF000064FF000074FF056
:101C000000084FF0000BAC46ACE8C009ACE8C009D6
:101C1000ACE8C009ACE8C00921F007018D46704767
:101C2000034640688C46002818BF88423CBF0346E4
:101C30004068F8D318681844884207D00CF10300B4
:101C400020F00700001D411A521A0146081D0A60C3
:101C5000FEF7AFBF10B50446FEF770FF0068005DE9
:101C600000F0010010BD00002DE9F04F04460D46C4
:101C7000D21D22F0070089B0D0E9009748463946C6
:101C800027F02FFE0246F80F01D02D2307E0206831
:101C9000810701D52B2302E0202101EAC0038DF842
:101CA00020300BB1012000E00020032A824601D041
:101CB000072A04DB29462046FFF7EAFB3FE12078AC
:101CC000800601D40D2500E0E569C7F30A560D2D05
:101CD00049DA00214FEA175B08462AF06DFD002F14
:101CE00000F4400007DA00EB80004FF4400100EB05
:101CF000D07001EA60008115012901DD4FF0FF314C
:101D000000224FEA850CBCF1180F06D31346ACF144
:101D100018004FF08052C24003E04FF4801323FAC2
:101D20000CF30CF10C0CBCF1200F04D3ACF1200C23
:101D300009FA0CF001E007FA0CF000294FF0004816
:101D400001DD18B90FE00ED140450CD319EB0209A3
:101D50005F4121B9404502D19F4329EA0209BBEB0B
:101D6000175F00D0761C2088000502D57B48784498
:101D700002E07A487844193808AA302302F80A3079
:101D8000037C0AF10101002E0AF1020A53546A464B
:101D900002DC4FF0300101E04FF031014FF001085B
:101DA0008DF8001002D0A6F2FF3603E059EA470191
:101DB00000D06B4E002D02DC2178090704D54FF0CE
:101DC00002082E218DF80110C44600210BE0C7F354
:101DD00003433F01C35C491C6D1E02F8083005290E
:101DE00008F1010801DA002DF1DC00210CE000EB24
:101DF0001973491C1B786D1E082902F808304FEA38
:101E0000091908F1010801DA002DF0DC21688B06C0
:101E100002D516E0A8F10108E04505DD02EB080354
:101E200013F8013C302BF5D0B8F1000F09DD02EBBF
:101E3000080313F8013C2E2B03D1090701D4A8F1A4
:101E40000108002D05DD3E2102F808106D1E08F185
:101E50000108407C002E02F8080008F1010804DAAD
:101E60002D20764202F8080002E02B2002F808003C
:101E70000A214FF47A70864208F101080BDB96FBC9
:101E8000F0F3303302F8083096FBF0F308F1010864
:101E900000FB136601E0642E0CDB642096FBF0F37C
:101EA000303302F8083096FBF0F308F1010800FB2C
:101EB000136601E00A2E06DB96FBF1F0303002F8E3
:101EC000080008F1010896FBF1F001FB10603030CA
:101ED00002F80800A16908F1010808EB050202EB0D
:101EE0000A00081AA0612078C00602D42046FFF735
:101EF00081FA216A08AE01EB0A00206204E0D4E90D
:101F0000012116F8010B9047BAF1010AF7D22078A7
:101F1000C00602D52046FFF76DFA6E4609E016F8B6
:101F2000010B3E280FD0D4E901219047206A401CC4
:101F30002062B8F10108F2D22046FFF771FA09B029
:101F40000320BDE8F08F206A2844206203E0D4E932
:101F50000121302090476D1EEBD3F8E731AD020030
:101F600002FCFFFF10B5436913B1AFF3008001E03D
:101F7000FFF7E0FA012010BD128800F124018284ED
:101F80000022C2840122EDE711684FF0FF32E9E739
:101F9000426842B1016811F8013B23B1521EC0E909
:101FA0000012184670470121C160881E70474268C0
:101FB0005AB1C368016843B983688B4205D0491E92
:101FC000521CC0E90012002070474FF0FF307047EC
:101FD000810B43F26D425143490B01EB107101EB50
:101FE000507070472DE9FF5F804600252F46DDF8D1
:101FF00038A02CE001990020044631F817B021E008
:10200000544503D2039931F8141000E000210BFB72
:102010000100B0B13E19002102E028F815106D1C36
:10202000B542FAD938F81610014489460846FFF738
:10203000CFFF6FF41C7100FB01F209EB021128F8CD
:102040001610641C5445DBD30028D9D17F1C02989C
:102050008742CFD3284604B0BDE8F09F2DE9FF4F5B
:1020600087B003AC01230025159EADF8182084E845
:102070000B000A9B0121DBB1B3FA83F0C0F11F070B
:1020800083EA53000DF10C0B80EA900080EA1010F7
:1020900080EA102080EA104000F00100784021EA38
:1020A00000045BF82400028001A840F8241072E0CC
:1020B0000180169808B10021016001200BB0BDE835
:1020C000F08F0DF1040858F8242000925BF82410DA
:1020D000C4F101045BF824000B46FFF783FF48F8C6
:1020E00024000A996D000120B84008420ED00598DE
:1020F00006AB009058F824205BF82410C4F10104CA
:102100005BF82400FFF76EFF48F82400149890B3A2
:1021100058F82400B0423ED9811B1498002827DDCE
:102120004FF0000948464A465BF82430DFF8C0E12A
:1021300016E033F812C01CEB000010D041F6372C2B
:10214000824600FB0CF040F2712C0EEBC000400FF9
:1021500000FB0CF8BAEB081F01D04FF00109521C2C
:102160008A42E6D333F811C04844604423F8110092
:102170005B46002009E00EE053F8242000EB010C40
:1021800032F81CC022F810C0401CB042F4D301A8A1
:102190000D4440F824607F1E93D5169800B1056069
:1021A00001A850F8240089E72DE9F04389468446C8
:1021B00000210A460B461DE04B4502D23CF8134075
:1021C00021444FF00A0800252C46B1FBF8F697078A
:1021D00008FB16163F0FB1FBF8F106FA07F72F437D
:1021E000521CBDB206B11046641C042CEDD32CF871
:1021F00013505B1C4B45DFD30029DDD1BDE8F083D4
:102200002DE9FF4F824689B00526DDF860B035E044
:10221000042E0DDA22464FF40050ADF804000120E0
:10222000009001AB03A906A8FFF7DCFE074600E01B
:10223000002706EB860000EBC602DDE9160100F080
:102240007EF900240DF118080DF10C09C0F30C05FE
:1022500010E0BC4202D238F8140005442846FFF7CB
:10226000B7FE6FF41C71414305EB0111054629F8D7
:102270001410641CBC42ECD3002DEAD1301EA6F130
:102280000106C5DC0025BBF1000128460AF5BD7634
:1022900009DD0B4651460222009001900290304623
:1022A000FFF7DCFE0FE00BDA51460522CBF100030D
:1022B0000090019002903046FFF7D0FE5D4602E0AC
:1022C0000120AAF87A013346224603A9009050461D
:1022D000FFF788FE0B9A01465046C2F800A0FFF7B0
:1022E00063FF0A996D1E086028440DB0E7E6000000
:1022F00000F0FFFF007B00F08000704770B5C468FD
:10230000A50713D0650211D4B2F5807F09D0B2F5CC
:10231000007F06D0B2F5806F08D1012300F12401BF
:1023200006E05D1E6FF07F46B54201D3012070BD0F
:102330000161C361416024F470611143C1600020F8
:1023400070BD00002DE9F0410C461646070047D04D
:10235000104600F06FF82078611C61280AD07228BE
:1023600002D077283CD102E00125002405E00225B7
:10237000042402E0082448F2020511F8010B2B287E
:1023800006D0622809D011F8010C74280AD00BE09D
:1023900045F0030544F00204EFE745F0040544F07E
:1023A0000104EAE744F010043846214625F0A8FB72
:1023B000411C15D00021316171604FF40071F5604E
:1023C000F1617061200704D530460222002100F03F
:1023D000F5FB306D40F0010030653046BDE8F0811E
:1023E0000020FBE72DE9F0410D460646104C206D1C
:1023F000C10704D0410804D020F00104F7E72246C9
:102400000EE05420FEF7A6FB07000ED0206D47F02B
:1024100001010843542120653846FEF70CFB3A467B
:1024200029463046BDE8F0418CE70020D6E70000A1
:10243000E80700202DE9F04704464FF0FF3800265A
:10244000C568D4E90497A80718D0204600F072FCAC
:10245000384625F04BFB002800DA4646280502D511
:102460004846FEF7A6FB4C212046FEF7E4FA206D15
:1024700020F0010020653046BDE8F0874046FBE7CC
:102480002DE9F04116460C460546FEF757FB03685A
:1024900093F80101012807D0FF2C12D8185D80B1F4
:1024A00001202C70BDE8F081D3F8070132462146A7
:1024B00003F20713C7182846BC46BDE8F0410023C5
:1024C00060474FF0FF30EDE710B50446AFF30080F2
:1024D0002046BDE81040FDF73DBF002801D025F0A3
:1024E00007BB704710B5002102A000F067FC012077
:1024F00010BD0000534947414252543A2041626E98
:102500006F726D616C207465726D696E6174696F54
:102510006E00000010B500F06BFCBDE81040FFF746
:10252000DCBF10B500F0BAFCBDE81040FFF7D5BF26
:1025300010B500F0CDFCBDE81040FFF7CEBFB2F102
:1025400020030AD5C2F1200320FA02F001FA03F3B6
:1025500040EA030021FA02F1704721FA03F04FF03C
:10256000000170472DE9F04780461D46164688B0A9
:102570000878DDF84090FF2805D0491C2D2804D0AC
:102580000022002408E000240BE00122F9E704EB1C
:102590008403491C00EB43040878FF28F7D102B1FB
:1025A00064423046FEF73CF928442044A0F1020A78
:1025B000307800242D2801D02B2803D1761C2D281B
:1025C0000AD00024002108462AF0F6F810F4400F43
:1025D00004D02CB1400204E00124F3E7002505E01B
:1025E0000002002801DA022500E00125B9F1000F00
:1025F00007A906AA04AB0DD040F2CB37F348CDE9CA
:1026000002212A465146CDE900033046342300F02A
:102610009BFC17E06FF09400CDE900033046CDE954
:1026200002212A465146172300F08EFCDDE9040101
:10263000490741EAD0014007CDE9040106981D3859
:102640004B2706904FF0020A06980026B8421DDD7F
:10265000FEF77CFAC0F800A0142108462AF0ACF876
:10266000022D06D04FF47370069000204FF48011B5
:1026700009E0B9F1000F069702D04FF0FF3001E0FA
:102680004FF06040D249CDE904012EE0079AD0070F
:102690000FD11025900708D5DDE90401182508435E
:1026A00003D1FEF753FAC0F800A0294608462AF0E5
:1026B00083F8DDE9040150EA010228D0021E71F519
:1026C000801212D2B9F1000F0FD150EA01021ED0D0
:1026D000420D42EAC122B2FA82F52A4600F020FCFD
:1026E000CDE904010698401B069040F2324106985D
:1026F000000500EB0152DDE904107118424189190F
:1027000042EBC472C8E9001208B0BDE8F087E107E7
:10271000C8E90061F8E72DE9FF4F1F464FF0000AB6
:102720004FF0FF384546ADF5497DD7E90146CDF874
:1027300004A3FEF7ADFDC0680168405CC790B969AD
:10274000CA986D1C8847396A814688470028F6D1A7
:10275000B9F1FF3F0AD0002E24F4D06413DDB9F1A3
:102760002B0F0AD0B9F12D0F0DD104E040460DF525
:102770004D7DBDE8F08F44F48064B969CA986D1C42
:102780008847761E8146600504A901D52D2000E00A
:102790002B20002E01F1010B0DF544788DF810006F
:1027A0003FDDB9F1690F08D0B9F1490F05D0B9F192
:1027B0006E0F02D0B9F14E0F1CD13B4601A8009517
:1027C00080E85002DDE9CA126FF002002AF0EEF84C
:1027D000C11CCCD10EE0B969CA986D1C88478146EE
:1027E000CB98761E44F400740560C198401C002EFE
:1027F000C19016DDB9F1300FEDD0B9F1780F02D0EC
:10280000B9F1580F0DD1C19801280AD13B46029663
:10281000CDE90054DDE9CA12001F2AF0C5F8C11C39
:10282000A5D1C799894544D144F0800406E0CB99ED
:10283000681CAAF1010A44F400740860B9696D1CAF
:10284000CA98761E884730288146F0D031E0C79973
:10285000894505D1200603D4761E44F080041EE08D
:10286000484628F0E5F838B3761E0BF101010DF269
:1028700003329142A9F1300044F4007407D23030A1
:102880000BF8010B20060AD5AAF1010006E0392158
:1028900020060BF8011C02D40AF101008246A005B3
:1028A00002D5CB99681C0860B969CA986D1C884725
:1028B0008146002ECBDC53E0002E51DDB9F1650FCF
:1028C00002D0B9F1450F4BD1A00549D5B9696D1CAE
:1028D000CA98761E24F440748847002E81460CDD89
:1028E0002B2804D0B9F12D0F07D144F48074B969B5
:1028F000CA986D1C8847761E8146E00501D52D21BA
:1029000000E02B2108F8011BCDF8008021E0761EA5
:102910000DF21931884544F400740CD2A9F130004D
:1029200010F0FF0088F8000002D10099884509D90D
:1029300008F1010806E0E00501D5264801E042F271
:102940000F708246B969CA986D1C88478146CB983A
:102950000560002E04DD484628F06AF80028D6D12C
:10296000F969CA988847FF21534688F8001000206B
:102970008BF80000C290C39004F02400009004AAD9
:10298000C4A9C2A8FFF7EEFDA00502D46FF00100B4
:10299000EDE614F0240F0AD0E00714D13868DDE921
:1029A000C212031D3B600068C0E900120BE0C2A91F
:1029B000684627F07FFFE00705D13868009A011DBF
:1029C0003960006802602846D1E60000CEFBFFFFB8
:1029D000FFFF1F00F1D8FFFF2DE9F05F0546174606
:1029E0000C46C86820F4201040F48000C8608006BF
:1029F00002D5084600F0C1F9E06841F282014FF0CB
:102A0000FF3A0140022903D0204600F053F9B9E013
:102A100000F42041B1F5004F0FD1C00306D5616825
:102A2000E06A884200D80846606006E02069E062FB
:102A30006060606925F05EF8A061A0680022EEB2D7
:102A400000280DDAE1688B050AD4C043A06041F488
:102A500090302260E0606068411C61600670AAE00E
:102A6000E0689146226040F40050E060206978BB45
:102A7000606925F043F804F124054FF00108A8B17E
:102A8000A08910F4407F08D0E069FEF763F8206168
:102A900018B1E06840F4006017E0C4F81C802561BC
:102AA000E06820F4407040F480600EE0E069FEF7DA
:102AB00051F800282061F0D0E06840F4006010F484
:102AC000407FE06002D140F48070E0602069606087
:102AD000E06825696FF0010BC1051ED56168E06AE9
:102AE000884200D80846411B04D02246284600F000
:102AF000EBF8E8BB1FB1E562C4E9015959E0681C75
:102B0000E0626060E069401EA060E06840F48030F0
:102B1000E06030462E70BDE8F09F17B100F48032BF
:102B20000AE06068411C61600670E0680A2E40F4AB
:102B30008030E06006D00022E16A6068814203D9FB
:102B40000B4602E00122F7E70346B4F80CC05B1B1A
:102B50005FEA4C5C04D4D4F81CC09C4500DD02B391
:102B6000814200D80146002BA1EB0008E56200E09D
:102B700008E0C4E9015907DD22461946284600F05D
:102B8000A3F808B15046C6E7B8F1000F09D0A16913
:102B9000E5626560A1EB0800A061E06840F010000C
:102BA000E06047B16168A069E562491B084465605F
:102BB000A0615846AFE73046ADE700002DE9F0418F
:102BC000044616460D464769007B80072ED03846DE
:102BD00024F094FF50BB3EB3012E02D0022E25D12B
:102BE00004E0204600F0A2FB05441DE0384624F036
:102BF00081FFE168002841F01001E16005DA20461C
:102C000000F058F80120BDE8F081C9030BD56268D7
:102C1000E16A914200D81146A26911442269891AD9
:102C2000814200DD08460544002D01DA0220EAE772
:102C3000E16A6068E268814206D29103E06203D5EE
:102C400022F4003141F01002A6690027AE4213DCE5
:102C5000E16A814201D90B4600E0034603EB060C12
:102C60002369ACEB030CAC4506DD814201D98C46EF
:102C700000E084469C4505D1A760276042F0200013
:102C8000A5620DE0AD1BE669AE1B8142A66000D9CE
:102C90000846C01A281A20605819606022F02000E7
:102CA00003490840E060002084F84870ABE700006A
:102CB000BFCFD7FFC16821F4001141F08001C1608E
:102CC00000218160016070472DE9F74F15460C46E1
:102CD0004FF0FF3B3848D768D2F814A0074209D01C
:102CE0005046A96924F00EFF002819DB3248C04382
:102CF0000740EF604FF000496FF000484C4501D3AA
:102D0000464600E0264600993B465046324624F0AF
:102D1000FDFEA96920F00042B21A1144A96128B150
:102D20002846FFF7C7FF5846BDE8FE8FA41BE5D134
:102D30000020F9E770B504460569C06A61688842F9
:102D400000D80846E16821F42011E160C90312D5DA
:102D5000A84208D02246411B2846FFF7B5FF10B114
:102D60004FF0FF3070BD0020E562C4E90150E0681B
:102D700020F48030E060002070BD10B50446C068CB
:102D800020F02000E060A16AA06988420DD02046B2
:102D9000FFF7D0FFE06820F4405040F01000E06002
:102DA000A06AA0612069E062606044F24001E068CE
:102DB0008843E06010BD00001000020070B50546B9
:102DC0000C460A2000E06D1C24F0A2FE35B12878E4
:102DD0000028F8D102E0641C24F09AFE14B1207897
:102DE0000028F8D1BDE870400A2024F091BE000010
:102DF00010B5022803D0410103D50DA112E0002037
:102E000010BD010101D50FA10CE0C10001D511A138
:102E100008E0810001D512A104E0400001D513A112
:102E200000E0002115A0FFF7C9FF012010BD000040
:102E3000496E76616C6964204F7065726174696F68
:102E40006E000000446976696465204279205A6505
:102E5000726F00004F766572666C6F77000000003D
:102E6000556E646572666C6F77000000496E657818
:102E700061637420526573756C7400005349474652
:102E800050453A2041726974686D657469632065C4
:102E90007863657074696F6E3A20000010B5014662
:102EA00002A0FFF78BFF012010BD000053494752DD
:102EB000545245443A2052656469726563743A20FD
:102EC00063616E2774206F70656E3A200000000009
:102ED00010B5012805D0002103A0FFF76FFF0120E6
:102EE00010BD09A1F8E7000053494752544D454D24
:102EF0003A204F7574206F662068656170206D659B
:102F00006D6F7279000000003A2048656170206D95
:102F1000656D6F727920636F72727570746564008D
:102F2000B2F120030AD5C2F1200301FA02F120FA1E
:102F300003F341EA030100FA02F0704700FA03F1DB
:102F40004FF00000704700002DE9FF4F8346ADF5BC
:102F50004B7D04E0CC980BF1010B401ECC909BF80C
:102F600000003028F6D09BF80000012358B1CC981F
:102F700000F5A270B0F51E7F30D9CC98002810DD86
:102F80004FF480300EE0D9984FF00001C0E90011F5
:102F90000846DA990860DB9803600DF54F7DBDE8BF
:102FA000F08FD898DA99086007DD4FF001004FF0F4
:102FB0000001CE9AFFF7B4FF04E0CD98012800D0BD
:102FC0000020C117D99AC2E90001CC98002801DD80
:102FD000002000E00220DB990860DEE705200522E2
:102FE000C4AD1D9058461AE0002125F81210037850
:102FF0000BB1401C303B35F812608C0701D5012421
:1030000000E064245C43CB0701D0012300E00A23E5
:10301000491C04FB0363042925F81230E7D3521E30
:10302000E2D200E0401C01783029FBD011F0FF0013
:1030300000D00120BA4ACC9911909BF8000051436E
:10304000B84A7A44303802EB800050F8040C084447
:10305000B54900F1004001EB1040CE99451AD898CF
:10306000854200DA0546CC988A1C0021C0F1130085
:103070001C900120FFF754FFCDE9C710A81E0028BF
:1030800002DA4FF0020101E04FF00501199102DA76
:103090004FF0FF3101E04FF001014FF000044FF01D
:1030A000FF3901FB00F11B9114B14FF0010000E06A
:1030B00048464FF006021AA9CDE9000202911B9B77
:1030C000199A12A90AA8FEF7C9FF02462CB1BDF849
:1030D000101311980844ADF810031D98C4AB0AA949
:1030E000009003A8FEF77EFF01462CB1BDF8102327
:1030F0001198101AADF8100319981C9A052801D1DF
:103100001B9802441A98404202EB800603A8FFF77E
:103110004BF8761E401EB246504501DD014600E0E8
:1031200031460022134620E081420EDC49450CDD89
:10313000CE1701EB9676B71003AE36F817608F07FF
:103140003F0FFE4006F00F0600E000264FF0000C97
:10315000B6460A26491EA2FB067803FB068302FB3D
:103160000C3317EB0E0243EBEE735145DCDC1A9F78
:10317000119E3E4301D0012700E00027BFB11BE0B4
:10318000814210DC49450EDDCE174FEA817801EB14
:1031900096764FEA1878B6103CF8166026FA08F6CC
:1031A00006F00F0600E00026491E16B104E00DF1FE
:1031B0000C0C4945E4DC0FB142F00102C0A800EB61
:1031C000C400C0E900230CB9D0070FD0641C022C46
:1031D000FFF46AAFDDE9C702DDE9C0319A1A814127
:1031E00009D2D898854225D06D1E47E7DDE9C00198
:1031F000CDE9C201EEE7CE9A01200021D21CFFF7F3
:103200008FFE421CDDE9C20341F10001121A99410F
:1032100010D2CE9A01200021121D6D1CFFF780FEF6
:10322000DDE9C223401C41F10001801A9941DCD242
:103230006D1C23E7C0ACC39A94E80B005140584082
:1032400008433AD04FF0FF38DDE9C001401C20F0C0
:10325000010641F10004A81E0096CDE90140CAAA6A
:10326000C9A903A8FEF7CCFFCC99814208D002DDA2
:103270004FF0010000E04046861944EBE0741AE08C
:10328000584615E0C999401C61B1491ECA9F8B0878
:10329000C99137F813308907090FCB4003F00F01AC
:1032A000303100E030218A4202D08A42E3D9DFE7A0
:1032B0000278002AE6D1CDE9C064DDE9C043D89E9A
:1032C000A00800229908B54240EA837005D1DDE9E3
:1032D000C767E41BB34100D20222C09B13F0030373
:1032E00004D0CD9C2CB1012C0ED010E042F0010294
:1032F0000DE0022B02D0032B06D008E000F0010401
:10330000201841F1000102E0401C41F10001D99B6D
:10331000C3E90001DA980560DB9802603DE6000031
:1033200069520300729A02000080FFFF10B5014647
:10333000C268900703D0900607D5886A0AE0FDF7B7
:1033400005FC01210160881E10BD8B694868184486
:103350000B69C01A91F848301BB191F84910401A16
:1033600010BD1103FCD50028FADD401E10BD000081
:103370002DE9FF4F1F464FF03C0987B04FF0004248
:10338000DDE9141001F10108DDF858A002EA40500F
:103390000390002005908346054604460490B969D1
:1033A000461E08988847AAF1010A0290BAF1000F58
:1033B0003BDD02982E2815D01021FEF7D9F9002800
:1033C0002EDB4FF0010B0599014317D0B9F1000F27
:1033D0000BDB4A46C117FFF7A3FD05430C43A9F1D8
:1033E000040905E0012004900BE008B145F0010557
:1033F00001200590049820B9361D02E0049800B120
:10340000361FB969089808F101088847BBF1000F19
:10341000AAF1010A0290C9D00999C1F80080C5E754
:103420000298702808D0502806D0F9690898884773
:10343000BBF1000F14D04FE0002002900120BBF13F
:10344000000F049009D0B969089808F1010888476D
:10345000AAF10109B9F1000F07DCF969089888475A
:103460006FF001000BB0BDE8F08F2B2804D02D28A1
:103470000CD14FF0FF300490B969089808F10108A9
:103480008847A9F10109B9F1000FE6DD411CE4D03C
:103490000A21FEF76DF90028DFDB029908F1010827
:1034A00001EB810100EB41000290B969089888475F
:1034B0000A21FEF75DF9099AA9F10109B9F1000F96
:1034C000C2F8008001DD0028E7DAF969089888472A
:1034D0000499029800FB016655EA040004D004F048
:1034E0004041090002D006E0039898E0A40044EAB5
:1034F0009574AD00B61E04F00041080002D16D19AC
:103500006441761E159810F0240F03D04FF00B097C
:103510005C4803E04FF028096FF07D008246564575
:1035200007DAAAEB06018944B9F1410F01DD4FF03A
:10353000410901200021A9F10102FFF7F1FC024637
:1035400028400B462140084301D0012100E0002122
:10355000501E029143F1FF3128402140084301D021
:10356000012000E000200299834651EA0B014FD070
:103570000021084629F020F9039900F4400039B1F0
:1035800000EB80004FF4400100EBD07001EA6000D6
:103590008015012802DD4FF0FF3000E013D0401C01
:1035A00036D0029860B3BBF1000F0CD14A4601201F
:1035B0000021FFF7B5FC28402140084301D001203D
:1035C00000E00020E0B101204A460021FFF7A8FCFE
:1035D000034640190A4661412D1A8C4111D3B9F1B5
:1035E000400F09DD159810F0240F02D0AAF134061F
:1035F00003E0AAF1170600E0761C00254FF0004416
:1036000006E05B1E42F1FF3220EA030521EA0204D4
:10361000CAF10100B04206DA1B4903980843019041
:10362000002000900EE0039AC4F3D321E80A0A4375
:10363000164940EA44500A433146CDE90002684643
:1036400027F0ECF9159810F0240F0BD01598C0074F
:1036500015D13868DDE90012031D3B600068C0E940
:1036600000120CE002A8694627F024F91598C0075B
:1036700005D13868029A011D396000680260404631
:10368000F0E6000002FCFFFF0000F07F0000F03FCA
:103690002DE9FF4F92461D4685B04FF00041DDE910
:1036A000124BDDE914727F1E01EA4B50414940F094
:1036B000FF4940EA0108002122F020004928049136
:1036C00002D04E2828D04CE03BA0012607C88DE848
:1036D0000700A9690698641C88477F1E014606D426
:1036E0001DF8060018B121F0200181420BD0E969D4
:1036F00006988847032E34D0082E32D06FF0010090
:1037000009B0BDE8F08F761C032E01D0082EE0D161
:10371000601CCAF80000DCE7A9690698641C8847A9
:103720007F1E2AD420F02000412826D1A9690698BE
:10373000641C88477F1E20D420F020004E281CD116
:10374000A9690698641C88477F1E48F4002849F43C
:103750008009CAF8004001D4282806D0E9690698F3
:1037600088475FEACB7012D022E0A9690698641CF2
:1037700088477F1E01D4002803DAE9690698884744
:10378000BCE72928F1D1641CCAF80040E9E71BF026
:10379000240F07D028680499031D2B600068C0E936
:1037A000001805E02868021D2A600068C0F8009033
:1037B0002046A5E70000F07F494E46494E4954593E
:1037C00000000000FEE700004CF22820C2F20000DA
:1037D00000F008BA4CF25020C2F2000000F002BA29
:1037E000002070470020704710B54BF6BC64C2F251
:1037F000000441F6CC31C2F200012046002208F05C
:103800009FFC41F2CC31C2F20001204608F08AFC54
:10381000002010BD10B54BF6BC64C2F20004014696
:10382000204608F07FFC204608F056FC002010BD22
:10383000002070474CF29830C2F2000000F07ABCD1
:103840004CF23830C2F2000000F074BC4BF6B410F9
:10385000C2F2000021F018BB4CF2F830C2F20000B6
:1038600000F068BC80B506F021FF18B1BDE88040CB
:10387000FFF7ECBF4CF2D820C2F20000BDE8804058
:1038800000F058BC70470000012000F0DDBE0000D1
:10389000082000F0D9BE0000102000F0D5BE0000C6
:1038A000202000F0D1BE00004CF60860C0F60200F7
:1038B000002106F071BE000070B581B000220092B8
:1038C00090F83C20012A02D1022001B070BDD1F84D
:1038D00000E001221FFA8EFC4FEA4C0380F83C20E6
:1038E0000EEB4E0213FA8EF31024BEF1090F88BFBF
:1038F000A3F11E0288BF0C24036807251E599540BA
:1039000026EA05051D518D681E5905FA02F232435B
:103910001A514968062906D801EB81014A1F194648
:1039200051F8345F0EE00C2901EB810105D8A1F1BB
:103930002302194651F8305F04E0A1F14102194613
:1039400051F82C5F1F24944025EA04040C600CFA03
:1039500002F20C6842F2043CC4F2010C2243ACF5C2
:103960004174A3420A603AD1BEF1120F06D1DCF8CD
:10397000001041F48001CCF8001030E02EF001017D
:1039800010292CD1DCF80010BEF1100F41F4000119
:10399000CCF8001023D140F24811C2F200010968AE
:1039A0004DF68362C4F21B32A1FB0212910C01EBB3
:1039B000810149000091009989B100990139009174
:1039C000009961B1009901390091009939B10099CC
:1039D00001390091009911B100990139EAE70021FC
:1039E00080F83C10002001B070BD0000002804BF2A
:1039F0000120704710B5016C39B9044600F0A0F8F9
:103A000020460021616484F83C10016CC9063AD458
:103A1000016C41F202129143023142F2043201641C
:103A2000C4F20102116821F440311160136890E87A
:103A300012102343D0F810E013604A68012422F4E6
:103A400080724A604A68C0F6007442EA0E224A60F8
:103A50004A6822F040724A604A6842EA0C024A60B0
:103A60008A6822F400628A60C2688B681A438A609E
:103A7000826A8B68A24223F070638B608B6804D1EA
:103A800023F040520AE0012152E01A438A608A681A
:103A900022F040528A60C26A8B681A438A608A6840
:103AA00022F002028A608A68037E90F8204042EA8F
:103AB00043028A604A6884B142F400624A604A68FC
:103AC0004EF2000322F460424A60426ACFF6FF736E
:103AD0004C6803EB4232224301E022F400624A6068
:103AE000CA6A40F2000C22F47002CA62C3694269D9
:103AF000CFF6F07CCC6A0CEB03532343CB628B688C
:103B000023F400738B6090F830308C6844EA4323D0
:103B10008B608B6823F480638B608B6843EA82221E
:103B20008A6000214164026C012363F30102026494
:103B3000002280F83C20BDE8104008467047000095
:103B400080B586B0006842F20022C4F20102002172
:103B50009042CDE90411CDE90211019116D042F253
:103B60000001C4F20101884238D10020009043F6E0
:103B70004400C4F20200016841F4807101600068F1
:103B800000F480700090009806B080BD43F64400B9
:103B90000091C4F20200026842F48062026002688E
:103BA00002F480620092009A009150F8142C42F0C6
:103BB000200240F8142C50F8140C00F02000009063
:103BC00000984FF4806001900320CDE9020141F29A
:103BD0000040C4F2020001A900F042FD06B080BD21
:103BE000704700002DE9F04F81B004460068466937
:103BF000D0F804908768D0F80CB0D0F810A0D0F8B6
:103C00001880F10703D1002530071CD423E0F90701
:103C100010D00121BA07816009D4780700F1AA8089
:103C2000380700F1B080204600F01EFA02E020467E
:103C300000F01CFA0025F80500F18480F80300F17B
:103C4000AA80300707D51BF0100004D0206845F487
:103C500000751021C160700708D51BF0080005D061
:103C600020680821C160204600F0F4F9B00706D5AD
:103C70002068C068800702D0204600F0EDF9700689
:103C800007D51AF0100004D0206845F48065102193
:103C90000161B00608D51AF0080005D02068082197
:103CA0000161204600F0DAF9F00606D520680069C7
:103CB000800702D0204600F0D3F9B00308D519F0F0
:103CC000100005D0206810214160204600F0CAF99C
:103CD000F00308D519F0080005D0206808214160DC
:103CE000204600F0CDF9300440F18F805FEA497042
:103CF00040F1888006F4807008EA102028435FEACB
:103D00008871014648BF41F00201B20558BF014623
:103D10005FEA48700D4648BF45F00405700558BF7E
:103D20000D4630056ED518F070006BD010380009C4
:103D3000052862D8DFE800F0035C5659535F45F070
:103D400008055AE020684FF48071BA0581600AD4F2
:103D5000780512D4380519D4204600F089F9F80303
:103D60007FF56FAF17E0204600F084F9F8037FF588
:103D700068AF10E04FF400655DE705F50055F80306
:103D80007FF55FAF07E04FF4805554E705F58045B8
:103D9000F8037FF556AF20684FF48031BA03816095
:103DA0000AD478030FD4380313D4204600F064F902
:103DB00030073FF548AF4EE7204600F05FF9300787
:103DC0003FF541AF47E705F5004530073FF53BAF0D
:103DD00041E705F5803530073FF535AF3BE745F066
:103DE00080050AE045F0200507E045F0400504E0C5
:103DF00045F0100501E045F480752068816921F0E7
:103E0000700181612068042141604DB1606A40EA1F
:103E100005012046616201B0BDE8F04FFFF7E0BE4A
:103E200001B0BDE8F08F0000002804BF01207047FA
:103E3000B0B5044690F8200010B9204600F06EF8A6
:103E40002068016841F00101016000F0DFFC0546D7
:103E500020684168C90705D100F0D8FC401B0B2839
:103E6000F6D310E0016821F00201016000F0CEFC01
:103E7000054600BF2068416889070DD500F0C6FCE3
:103E8000401B0B28F6D3606A052140F400306062C5
:103E9000012084F82010B0BD217E0268012922F0A3
:103EA000800208BF80320260617E0268012922F030
:103EB000400208BF40320260A17E0268012922F060
:103EC000200208BF20320260E17E0268012922F050
:103ED000100218BF10320260217F0268012922F00F
:103EE000080208BF08320260617F0268012922F0DF
:103EF000040208BF04320260D4E901C2D4E90335E8
:103F000061691A432A431143ACF101021143C161B3
:103F100000200121606284F82010B0BD10B586B089
:103F2000006846F60002C4F2000200219042CDE98A
:103F30000411CDE90211019141D046F20041C4F2D1
:103F40000001884240F0838040F6DC11C2F200019B
:103F50000A6843F64000C4F20200531C0B6052B9D9
:103F600000210091016841F000710160016801F0D9
:103F70000071009100990021009150F8102C42F03E
:103F8000080240F8102C50F8100C022200F0080033
:103F9000009000980320019004900920059040F2C1
:103FA0000040C4F20200CDE9022100F5006001A941
:103FB00000F056FB142000210022142442E043F6B6
:103FC0004000C4F202000091016841F0806101608C
:103FD000016801F080610091009940F6DC11C2F2A5
:103FE00000010A68531C0B6052B90021009101685E
:103FF00041F000710160016801F0007100910099C9
:104000000021009150F8102C42F0020240F8102CD0
:1040100050F8100C00F00200009000986020019011
:104020000220CDE90201032004900920059040F20E
:104030000040C4F2020001A900F012FB402001215F
:104040000022402401F0A0FF204601F08BFF06B0C3
:1040500010BD00007047000070470000704700006E
:104060007047000070470000704700007047000074
:104070007047000070470000704700007047000064
:104080007047000070B5866D044600F0BFFB94F8E1
:104090003510022925D105462068216C026822F0DE
:1040A00016020260426922F08002426109B9A16CE5
:1040B00019B1016821F008010160016821F00101D6
:1040C000016000BF20680068C0070ED000F09EFBB2
:1040D000401B0628F6D320206065032084F83500B5
:1040E0000CE080206065012008E0E06D3F2101FACE
:1040F00000F0B060012084F835000020002184F831
:10410000341070BD90F83510022909D1052180F8CE
:1041100035100068016821F001010160002070473E
:104120008021416501207047406D704790F835004F
:1041300070470000F0B581B00021009140F24811B5
:10414000C2F200010B68D0E9166148F2B515376874
:104150000822C1F64E358A403A42A3FB05350CD001
:1041600003681C68640708D51C6824F004041C60FC
:10417000B260426D42F00102426501228A403A4239
:1041800008D003685B691B0604D5B260426D42F03B
:104190000202426504228A403A4208D003681B6842
:1041A0009B0704D5B260426D42F0040242651022C2
:1041B0008A403A4216D001680B681B0712D5B260DC
:1041C0000B680A685B0306D4D20506D40A6822F09D
:1041D00008020A6001E0110340D4016C11B10446E9
:1041E00088472046C26D202101FA02F33B4242D0AB
:1041F00001680F68FF063ED5B36090F835700B6814
:10420000052F1BD123F016030B604B6923F08003AD
:104210004B61036C0BB9836C1BB10B6823F0080373
:104220000B603F219140B160012180F83510016D94
:104230000022002980F8342053D156E00A685B033D
:1042400010D4D20512D40A6822F010020A600121AB
:1042500080F83510002180F8341007E0816C0029C7
:10426000BDD1BFE7110301D4416C00E0C16B11B1B6
:10427000044688472046416DB9B3416DC9072ED029
:10428000052180F835100168AA0A0B6823F00103A4
:104290000B60009B0133934200931AD80B68DB0735
:1042A00017D0009B01339342009312D80B68DB07B1
:1042B0000FD0009B0133934200930AD80B68DB07B1
:1042C00007D0009B01339342009302D80B68DB07B1
:1042D000DFD1012180F83510002180F83410C16C45
:1042E00019B101B0BDE8F040084701B0F0BD0000D1
:1042F0002DE9F041044600F089FAC4B105460220D8
:1043000084F835000020216884F83400086820F023
:104310000100086021680868C0070BD000F076FA39
:10432000401B0528F6D903252023032064E0012043
:10433000BDE8F081086848F23F02CFF21002D4E9EC
:10434000013500EA020C04F10C0898E8C10143EAC7
:104350000C032B431843D4E9072E30433843104352
:10436000626A40EA0E00042A40EA08031CD1206B6E
:10437000D4E90A2E40EA0E00184308604869BEF1ED
:10438000000F20F0030040EA020040F0040C11D0BE
:10439000B8F5005F35D0B8F1000F42D1022A43D002
:1043A000012A38D032B93FE00B60486920F007009D
:1043B00040EA020C01F0F8004AF6AB221038CAF6C7
:1043C000AA22A0FB02231A094CF60063C1F814C00C
:1043D000C0F602039A5C40F2FF335F284FF03F00C3
:1043E00021EA030100FA02F088BF0431C4E9161281
:1043F0008860002301250020636584F83550BDE8FE
:10440000F081032AD6D8012540230120DFE802F0FD
:10441000020C0203F0E7AEF1C070B0FA80F0400980
:1044200004E0032A04D3C5D1CEF300600028C1D034
:10443000012540230120DFE7B0B5EFF305810446F5
:1044400099B925F043F802280FD14FF47A7044F659
:10445000D3516043C1F26201A0FB0101012000EBD6
:104460009110BDE8B04023F0EDBFEFF305800028C8
:1044700000F0A1804CF69050C2F2000000780028B5
:1044800000F09980002C00F0A2802420C4F20000EB
:1044900014F0030221462FD00368611E0568ED1A4F
:1044A000ED087C2D0ED80568ED1AED087C2D09D895
:1044B0000568ED1AED087C2D04D80568ED1AB5F5F0
:1044C0007A7FEBD3012A17D00368A11E0568ED1A85
:1044D000ED087C2D0ED80568ED1AED087C2D09D865
:1044E0000568ED1AED087C2D04D80568ED1AB5F5C0
:1044F0007A7FEBD3022A6BD1042C38BFB0BD00BF4A
:10450000026800BF03689B1ADB087C2B0ED8036887
:104510009B1ADB087C2B09D803689B1ADB087C2BD1
:1045200004D803689B1AB3F57A7FEBD3026800BF07
:1045300003689B1ADB087C2B0ED803689B1ADB08E8
:104540007C2B09D803689B1ADB087C2B04D80368F2
:104550009B1AB3F57A7FEBD3026800BF03689B1AFE
:10456000DB087C2B0ED803689B1ADB087C2B09D850
:1045700003689B1ADB087C2B04D803689B1AB3F5ED
:104580007A7FEBD30268043903689B1ADB087C2B23
:104590000ED803689B1ADB087C2B09D803689B1A8A
:1045A000DB087C2B04D803689B1AB3F57A7FEBD326
:1045B0000029A5D10BE000F029F90546013428BFF8
:1045C0004FF0FF3400F022F9401BA042FAD3B0BDF7
:1045D0000268E11E03689B1ADB087C2B3FF68CAF58
:1045E00003689B1ADB087C2B3FF686AF03689B1A97
:1045F000DB087C2B3FF680AF03689B1AB3F57A7F0C
:10460000E8D379E710B54AF2B801C2F200010968AF
:1046100079B1044606F0D2FA082C01460FD0202CBE
:1046200008D0102C18BF10BD0120BDE8104017F0B5
:104630007BBB10BD0020BDE8104017F075BB022009
:10464000BDE8104017F070BB43F61441C4F20101FD
:104650000A68024214BF08607047FFF7D3BF00002A
:104660002DE9F04F83B000F1200200F13E4741F602
:104670000045009207F1FF77C4F2020508224FEAD5
:10468000B726A84208BF072200254FF000084FF0C8
:104690000009072E38BF4FEAB72201920AE000BF97
:1046A00009F1010908F10208B9F1100F05F104053B
:1046B00000F0A2800F68012202FA09FE17EA0E0A32
:1046C000EED0D1F804C003220CF003077E1E02FADC
:1046D00008F4012E6FEA040B12D88468CE6804EA4D
:1046E0000B0406FA08F634438460446824EA0E0694
:1046F000CCF3001404FA09F42643466004E000BF3A
:10470000032F01D103271EE0C6688C6806EA0B065A
:1047100004FA08F42643022FC66014D16FF0030296
:10472000009E02EA590756F807C005F01C040F2244
:104730000B69A2402CEA0202A3401A43F251D1F8BD
:1047400004C00CF00307026807FA08F302EA0B0240
:104750001A431CF4403F0260A2D0002243F64403F7
:104760000292C4F202031A6843F6004442F4804203
:104770001A601A68C4F2010402F480420292029A9A
:1047800029F003024FF6084C2244CFF6FF7C52F882
:104790000C3005F00C070F26BE40B343019E06FA0D
:1047A00007F73B4342F80C30A2684B6842EA0A071D
:1047B00043F60C4CDE0258BF22EA0A07A760C4F297
:1047C000010CDCF800209E0242EA0A0758BF22EAE8
:1047D0000A07CCF8007062689E0342EA0A0758BFD5
:1047E00022EA0A0767602268DB0342EA0A0758BF29
:1047F00022EA0A07276053E703B0BDE8F08F000004
:10480000002A08BF09048161704700004CF6286047
:10481000C2F2000000687047704700007047000057
:10482000F0B581B00446006800254769426894F8F5
:104830003E1002F48076FA0505D5002E1EBF6FF4F7
:10484000807242610125BA0505D5002E1EBF0235D2
:104850006FF4007242617A0516D5AEB1628D94F89C
:104860003D30D4F830C0202908BF002A22D06FF490
:104870008062402905F10405426101D0102903D16D
:10488000016841F400710160380506D52EB1206839
:1048900008356FF40061416100E04DB1206C40EAE1
:1048A00005012046216401B0BDE8F04004F022BFBC
:1048B00001B0F0BD03F0F701212909D0282B08BF72
:1048C000BCF1210F04D06FF4806141610435DBE756
:1048D00094F83D10E26AB2F1080318BF0123203AB0
:1048E00018BF0122134208BF28291CD0212934D126
:1048F0000021CFF6FF71E16221212163202184F89C
:104900003D10002184F83E10416821F4E0614160CF
:104910006FF480614161016821F48061016020468B
:1049200001F050FAB0E70021CFF6FF71E162416873
:1049300021F4E06141606FF480614161016821F41C
:104940008061016000202021206384F83D1084F8FC
:104950003E00204600F094FB96E76FF480614161D1
:1049600092E70000F0B581B007687968C26A90F8F4
:104970003E5090F83DE0402D01D0102D33D1BB6961
:104980007C69E60717D1B2F12A4F00F04C82B2F5EC
:104990002A0F00F04882220701F4007240F10081E2
:1049A000002A00F0FD80416B426C0029D2B23A61CE
:1049B00040F0AC80ACE08A0542D44FF0010C7A683C
:1049C0005B076DD4120500F12E8204F04402402AE8
:1049D00040F04B8111F4806100F0478101B0BDE8E7
:1049E000F04004F0ADBF026C01F40073002A0CBF6C
:1049F000BC6900247D69AA0728D53BB3016C002956
:104A000018BFBC6990F83D1001F02801282940F03A
:104A1000BC807968012221F48061796004F004018E
:104A200082EA910122064FF0180258BF0C22825AE6
:104A3000002380F83C3001B0BDE8F040FFF7EEBE47
:104A4000C16AB1F52A0F3CD101213FE0EA066DD5DC
:104A5000002B6BD090F83D50796821F4E0617960CB
:104A60000021009179690091396841F001013960B4
:104A70000099396821F4806139607968090540F14D
:104A80006C8105F0F7010446222940F03C8154F87E
:104A9000381F0A68526824F80E2C34F80E2C3AE1BC
:104AA000120500F1C08104F08402802A40F0EC80FD
:104AB00011F4806100F0E88001B0BDE8F04005F03D
:104AC00015B8C16AB1F12A4F01D10821C16290F82D
:104AD0003E1040290AD1016D406C002900F0FE0013
:104AE00018BF40F00100386101B0F0BD0169B1F5B7
:104AF000804F40F0858090F83D10426C212902F0F3
:104B0000FE0218BF01323A61416B09B1C96B39B974
:104B1000806B002800F08781C06B002800F0838143
:104B2000786840F40060786001B0F0BD0EF0F702E4
:104B3000212A73D105F08402802A40F0B88011F454
:104B4000806100F0B48090F83D10428D002A00F0A2
:104B50006A81426A12F8013B3B614262428D013A2E
:104B60004285428D002A08BF292940F05C8179687E
:104B700021F48061796021210163282180F83D10B2
:104B800001B0BDE8F04001F01DB9002100917A6943
:104B90000092BA690092009A80F83C1001B0F0BD12
:104BA0004FF0010CA6078CEA522C7FF508AF002AC3
:104BB0003FF405AF90F83E20C16A036B90F83D606A
:104BC000222E40F09780066D002E08BF402A00F08C
:104BD0009180026D002A40F028810269B2F5404FB1
:104BE00040F023810021009179690091B969009119
:104BF0000099396841F480713960016D013186E1B5
:104C0000016D002900F0F180016D012940F00B8158
:104C1000406C062101EAD010F13064E705F044024F
:104C2000402A53D111F4806150D090F83D10428D4C
:104C3000002A00F0F8803A69436A1A70426A013229
:104C40004262428D013A4285428D002A08BF2A29DC
:104C500040F0E98001684A6822F480624A602221BB
:104C60000163282180F83D10D1E004F00401012205
:104C700082EA910141EA0C01C90740F0D48001B0F9
:104C8000BDE8F04004F0ECBD04F00401012282EA2A
:104C9000910141EA0C01C90740F0C580BEF1210F26
:104CA00040F0BA8001B0BDE8F04004F0DFBE690713
:104CB00040F1B980002B00F0B680418D002900F052
:104CC000B280416A11F8012B3A610EE0690740F1A8
:104CD000AA80002B00F0A780418D002900F0A3805E
:104CE0003969426A1170416A01314162418D01396D
:104CF000418598E00020009078690090B8690090A4
:104D0000009801B0F0BD54F8341F0A68526824F8C6
:104D10000A2C34F80A2C1AB1026C42F00402026424
:104D20007A68064622F4006208467A60FFF7FEF9C8
:104D300001463046012910D0206849F2E151C0F601
:104D400000010165FFF7DEF90146304629B121680F
:104D500004460A6D084690472046418DF9B1016826
:104D60004A69520709D50969426A1170426A0168A5
:104D700001324262428D013A42854A69520608D5A3
:104D80000969426A1170416A01314162418D0139FC
:104D90004185418D19B1016C41F004010164016C40
:104DA00021B101B0BDE8F04004F0A4BC2A2D08D127
:104DB00000210163282180F83D10044601F000F82D
:104DC000204690F83D10282915D10021CFF6FF711B
:104DD000C16200212022016380F83D2080F83E104E
:104DE00001B0BDE8F04000F04BB9406C062101EA8B
:104DF000D010F03077E6016B222918BF222D12D196
:104E000000212022016380F83D2080F83E1001B08F
:104E1000BDE8F04000F0D4BF402D04D101B0BDE8A2
:104E2000F04004F0BBBE01B0F0BD428D52B1428DE6
:104E3000012A13D1202918BF082922D1396821F469
:104E4000806139600021009179690091B969009110
:104E50000099396841F40071396057E0428D022AA7
:104E60000BD110292FD8012214238A40C0F201034C
:104E70001A4228D04FF480622BE03A6842F48062F4
:104E800029E011F5803F0BD1396821F48061396048
:104E900079680905D6D5396821F4806139602EE03A
:104EA000122B01D10129C9D11029F4D8012202FA0B
:104EB00001F11422C0F201021142ECD0396841F430
:104EC000806139601BE03A6822F480623A604FF4F6
:104ED00000623B681A433A607A6812050FD54A1E91
:104EE0001F2A17D8012303FA02F248F28103C8F2FD
:104EF00000031A420ED0796841F480517960002194
:104F0000009179690091B9690091009900210165CA
:104F100001B0F0BD11F5803FEDD0F0E77047000023
:104F2000002804BF01207047F0B581B0044690F816
:104F30003D0028B9002084F83C00204600F0A2FE85
:104F4000242084F83D002068016821F001010160FF
:104F5000016841F400410160016821F400410160F1
:104F600002F0B2F8636848F2A16CC0F2010C40F69E
:104F70000011C0F23D0163453CBF48F28041C0F2E0
:104F80001E01884202D2012001B0F0BD4DF68361BE
:104F9000C4F21B31A0FB01122168970CD1F804E088
:104FA0004FF496762EF03F0545EA92454D607743E3
:104FB00048F638160D6AC0F24106A7FB067625F0C2
:104FC0003F07634538BF960C721C3A430A62CA69B0
:104FD00048F2A0664CF6FF77C0F20106B34222EA1F
:104FE00007020AD801385B00B0FBF3F001306FF321
:104FF0001F30042898BF042019E0A768013857B172
:1050000019277B43B0FBF3F001306FF31F3068B119
:1050100000F5804007E003EB4303B0FBF3F0013001
:105020006FF31F3010B100F5004000E00120104385
:10503000C8610868D4E9072320F0C0001043184372
:105040000860886848F2FF3204F10C0790438CCF67
:1050500018431043A6698860C86820F0FF003843F1
:105060003043C860086840F001000860002020213B
:10507000206484F83D10206384F83E0001B0F0BD48
:105080007047000070470000704700002DE9F043B2
:1050900081B01F46164688460446FFF7B7FB94F8D2
:1050A0003D1020291DD1DDF820900546206881693A
:1050B000890712D5FFF7AAFB401B1A28F6D3002058
:1050C0002021206384F83D1084F83E00216C41F0DB
:1050D0002001216484F83C0003E094F83C1001298D
:1050E00003D1022001B0BDE8F083012184F83C1017
:1050F0000168C90703D1016841F00101016001683D
:1051000021F400610160222184F83D10102184F80F
:105110003E100021216466626785618D2185002132
:10512000CFF6FF71E162E16A026811F5803F42F457
:105130008062026018BF012947D1016841F4807183
:1051400001604169C90712D109F1010603E000BFFE
:105150004169C9070BD1002EFAD0FFF757FBB9F10F
:10516000000F7AD0401B484577D82068F0E72169C6
:10517000B1F5804F03D148F00101C9B284E00621A6
:1051800001EAD81606F1F0010161014651F8142F29
:10519000120720D409F1010705E02068014651F803
:1051A000142F120717D44269520500F1A380002F73
:1051B000F4D0FFF72BFBB9F1000F4FF0200100F006
:1051C000A180401B4845E8D99CE00829B5D0216B57
:1051D0001129B2D0B5E75FFA88F10161014651F8B3
:1051E000142F920718D409F1010705E02068014641
:1051F00051F8142F92070FD4426952057AD4002F28
:10520000F5D0FFF703FBB9F1000F4FF0200179D083
:10521000401B4845EAD975E00021009141690091A1
:10522000816900910099016841F4807101604169D0
:10523000C90727D109F1010703E000BF4169C90788
:1052400020D1002FFAD0FFF7E1FAB9F1000F04D016
:10525000401B484501D82068F0E70020202120634A
:1052600084F83D1084F83E00216C41F02001216457
:10527000216884F83C000868C00544BF4FF4007002
:10528000206433E146F0F1010161014651F8142F29
:10529000920719D409F1010606E000BF2068014613
:1052A00051F8142F92070FD44269520522D4002ED0
:1052B000F5D0FFF7ABFAB9F1000F4FF0200121D084
:1052C000401B4845EAD91DE0218D71B3022924D045
:1052D000012940D1026822F480620260002200921B
:1052E0004269009282690092009A026842F4007258
:1052F00002603BE0026842F4007202606FF480607A
:105300000860042100202022206384F83D2084F8D6
:105310003E00226C11432164E6E0026822F48062C0
:105320000260026842F4006218E0002100914169C5
:105330000091816900910099016841F40071016058
:10534000202084F83D00002084F83E0084F83C00D2
:1053500001B0BDE8F083026842F48062026000227E
:1053600000924269009280690090009888B20428F7
:1053700016D202282AD0012839D12068416949066D
:1053800000F196804169C90600F19680FFF73EFA68
:10539000B9F1000F00F09C80401B4845EDD997E023
:1053A0002068416949062FD44169C90600F184800B
:1053B000FFF72CFAB9F1000F00F08A80401B484536
:1053C000EED985E0401B484500F294802068416991
:1053D00049074DD419F10101F9D0FFF717FAB9F1D6
:1053E000000FEFD186E0401B484500F28380206823
:1053F000416949071BD419F10101F9D0FFF706FAF9
:10540000B9F1000FEFD175E00069616A0870606A58
:10541000218D01300139606221852268638D013B55
:10542000638553695B073FD51169017033E00168FB
:1054300021F4806101600069616A0870606A218DF1
:1054400001300139606221852068618D01396185F3
:10545000416949070CD419F10101F9D0FFF7D6F9D8
:10546000B9F1000F46D0401B484543D82068EFE70C
:10547000016841F4007101600069616A0870606A46
:105480002268411C6162218D01392185618D0139BC
:10549000618511694170606A218D01300139606256
:1054A0002185608D0138608508047FF45FAF47E790
:1054B0000069616A0870EEE76FF010014161002039
:1054C0002021206384F83D1084F83E00206C09E020
:1054D00000202021206384F83D1084F83E00206CD9
:1054E00040F020002064002084F83C00012001B03E
:1054F000BDE8F08300202021206384F83D1084F86B
:105500003E00216C41F0200105E700002DE9F04349
:1055100081B01F46164688460446FFF777F994F88F
:105520003D1020291ED1DDF82090054620688169B4
:10553000890713D5FFF76AF9401B1A28F6D3002014
:105540002021206384F83D1084F83E00216C02265F
:1055500041F02001216484F83C0004E094F83C1000
:10556000012904D10226304601B0BDE8F0830121B3
:1055700084F83C100168C90703D1016841F00101BA
:105580000160016821F400610160212184F83D106F
:10559000102184F83E100021216466626785618DC8
:1055A00021850021CFF6FF71E162E16A11F5803FAC
:1055B00018BF012946D1016841F480710160416939
:1055C000C90714D109F1010603E000BF4169C90709
:1055D0000DD1002EFAD0FFF719F9B9F1000F00F044
:1055E000DF80401B484500F2DB802068EEE7216940
:1055F000B1F5804F01D1FE212BE0062101EAD8113F
:10560000F0310161014651F8142F120720D409F13D
:10561000010605E02068014651F8142F120717D43F
:105620004269520500F1A980002EF4D0FFF7EEF890
:10563000B9F1000F4FF0200100F0A780401B484552
:10564000E8D9A2E00829B6D0216B1229B3D0B6E779
:10565000FF2101EA08010161014651F8142F920768
:1056600019D409F1010605E02068014651F8142F0C
:10567000920710D44269520500F17F80002EF4D0C9
:10568000FFF7C4F8B9F1000F4FF020017DD0401BA7
:105690004845E9D979E00026009641690091816981
:1056A00000910099218D00295BD009F1010700BF0D
:1056B000014651F8142F120612D44269520500F126
:1056C0008580002FF4D0FFF7A1F8B9F1000F4FF05B
:1056D000200100F07F80401B48457BD82068E7E729
:1056E000D4F824E0714611F8012B02616162618DEA
:1056F00001396185B4F828C00146ACF10102228568
:1057000051F8143F5B070DD513040BD09EF8012010
:1057100002610EF102026262628D013A6285ACF1B1
:10572000020222850B685B0707D51104C0D118E07F
:10573000014651F8142F520710D44269520545D43E
:10574000002FF5D0FFF762F8B9F1000F4FF02001FC
:1057500040D0401B48453DD82068E9E7228D110420
:10576000A6D1016841F400710160202084F83D0059
:1057700084F83E6084F83C60F5E6026842F400720A
:1057800002606FF480600860042100202022206302
:1057900084F83D2084F83E00226C01261143D9E6AE
:1057A00000202021206384F83D1084F83E00216C05
:1057B000012641F020012164216884F83C0008683A
:1057C000C00544BF4FF400702064CCE66FF48060E5
:1057D0000860042100202022206384F83D2084F802
:1057E0003E00226C1143216484F83C00206C0428A4
:1057F00006D120680126016841F400710160B2E61B
:105800000126B0E670470000704700002DE9F04F18
:1058100085B0984617460E460446FEF7F7FF94F803
:105820003D10202925D1DDF84090DDE90EAB05467D
:1058300020688169890717D5FEF7E8FF401B1A2801
:10584000F6D300202021206384F83D1084F83E0028
:10585000206C04F13C0240F0200020640220002172
:10586000117005B0BDE8F08F224612F83C1F0129E7
:1058700003D1022005B0BDE8F08F01210392117021
:105880000168C90703D1016841F0010101600168A5
:105890003A4621F400610160222084F83D00402056
:1058A00084F83E0000202064C4F824A0A4F82AB0A4
:1058B000608D314620850020CFF6FF70E0622046E3
:1058C0004346CDE9009504F0BBF918B1012005B0BD
:1058D000BDE8F08F208D00B3022812D001282FD10F
:1058E00021680A6822F480620A60002204924A69F0
:1058F00004928A690492049A0A6842F400720A6067
:1059000026E021680A6822F480620A600A6842F48C
:1059100000620A600022049215E0002004902068D2
:1059200041690491816904910499016841F400710D
:105930000160202084F83D00002084F83E00C2E091
:105940000021049121684A690492896904910499AB
:1059500009F1010680B2042818D202282AD00128B1
:1059600037D1039A20684169490600F18480416972
:10597000C90600F1AA80FEF749FF039AB9F1000FAA
:1059800000F0AF80401B4845ECD9AAE0206841698F
:1059900049062AD44169C90600F18880FEF736FF1E
:1059A000B9F1000F77D0401B4845EFD973E0401B99
:1059B000484570D820684169490748D4002EFAD07C
:1059C000FEF724FFB9F1000FF1D164E0401B484518
:1059D00061D820684169490719D4002EFAD0FEF732
:1059E00015FFB9F1000FF1D155E00069616A087047
:1059F000606A2268411C208D616201382085638DB8
:105A0000013B638553695B0741D5106935E0016847
:105A100021F4806101600069616A0870606A218D0B
:105A200001300139606221852068618D013961850D
:105A3000416949070BD4002EFAD0FEF7E7FEB9F111
:105A4000000F28D0401B484525D82068F0E70168A2
:105A500041F4007101600069616A0870606A22683F
:105A6000411C6162218D01392185618D013961857A
:105A70001169417002E00069616A0870606A218DF5
:105A800001306062481E2085618D01396185010405
:105A90007FF460AF4DE700202021206384F83D10A3
:105AA00084F83E00206C40F020000AE06FF0100106
:105AB000416100202021206384F83D1084F83E00DD
:105AC000206C20640120039AC9E66FF01001416147
:105AD00000202021206384F83D1084F83E00206CD3
:105AE00009E000202021206384F83D1084F83E0066
:105AF000206C40F0200020640120B0E62DE9F04F3A
:105B000083B0994616460F460446FEF77FFE94F88A
:105B10003D1020291FD1DDF83880DDE90CBA05469B
:105B200020688169890712D5FEF770FE401B1A288C
:105B3000F6D300202021206384F83D1084F83E0035
:105B4000216C41F02001216484F83C0003E094F8CA
:105B50003C10012903D1022003B0BDE8F08F0121E0
:105B600084F83C100168C90703D1016841F00101C4
:105B700001600168324621F400610160212084F84F
:105B80003D00402084F83E0000202064C4F824B08A
:105B9000A4F82AA0608D394620850020CFF6FF703A
:105BA000E06220464B46CDE9008504F061F900280B
:105BB00064D1208DA0B3206808F10106014651F898
:105BC000142F120610D4426952053FD4002EF5D08E
:105BD000FEF71CFEB8F1000F4FF020013AD0401B39
:105BE000404537D82068E9E7626A114611F8013B61
:105BF0000361238D6162591E2185678D013F678591
:105C000047697F070AD50F0408D051780161911CBC
:105C10006162991E2185628D013A62850904CDD1A8
:105C2000204641462A4604F0FFF9F8B92068016889
:105C300041F400710160202084F83D00002084F8C8
:105C40003E0084F83C0003B0BDE8F08F6FF4806044
:105C50000860042100202022206384F83D2084F87D
:105C60003E00226C1143216484F83C00206C04281F
:105C700004D12068016841F400710160012003B083
:105C8000BDE8F08F2DE9F04F87B0006845F6004180
:105C9000C4F2000100268842CDE90566CDE903661D
:105CA000029643D045F60001C4F20001884240F05C
:105CB0008480002543F630040195C4F20204206874
:105CC000122140F020002060206800F020000190A8
:105CD00001980320039101210290CDE904100420D2
:105CE00006900020C4F2020000F5A05002A9FEF7C1
:105CF000B7FC01952069002140F4800020612069F3
:105D0000002200F4800001900198212000F03CF96D
:105D1000212000F027F922200021002200F034F990
:105D2000222000F01FF907B0BDE8F08F43F63007DE
:105D30000196C4F202073868002440F0040038607D
:105D40003868C4F2020400F0040001900198019642
:105D5000386802AD40F00100386038684FF0120832
:105D600000F00100019001984FF4007002904FF094
:105D700001094FF0030A4FF0040B04F500602946B7
:105D8000CDF80C80CDF81090CDF814A0CDF818B057
:105D9000FEF766FC4FF4807002A981E8010F2046EF
:105DA0002946FEF75DFC0196386940F40000386131
:105DB000386900F400000190019807B0BDE8F08F49
:105DC0007047000070470000002804BF01207047A2
:105DD000B0B504460068D4E901124CF6CC43036028
:105DE00045F25553036041608260FEF70FFD216864
:105DF000CA68920710D0054603E000BFC868800754
:105E00000AD0FEF703FD401B21683228F6D3C8688C
:105E10008007F3D00320B0BD4AF6AA200860002016
:105E2000B0BD000001684AF6AA2200200A6070474F
:105E300040F2DB704CF62861C2F20000C2F20001B1
:105E400000780A68104408607047000080B543F687
:105E50000040C4F20200016841F400710160016871
:105E600041F480610160016841F4807101600320A8
:105E700000F0B6F8002000F005F800F057F8002018
:105E800080BD000010B588B003A802A901F0F6F8A3
:105E900001F01AF906994FF0000C43F6400300296F
:105EA00018BF0121CDF804C0C4F202031A6888406B
:105EB00042F0200119604DF683621968C4F21B326A
:105EC000A0FB020201F02000019001984CF6304046
:105ED00041F200414FF0FF33C2F20000C4F2000172
:105EE00003EB924240F2E73380E80610C360C0F84B
:105EF00018C001F0A1FE10B1012008B010BD37207C
:105F000002210022022400F03FF8372000F02AF896
:105F100040F2DC70C2F2000004604CF63040C2F285
:105F2000000001F081FF08B010BD000082B0002029
:105F300043F640010190C4F202014A6842F48042F3
:105F40004A604A6802F480420192019A009008680F
:105F500040F080500860086800F080500090009881
:105F600002B07047002848BF704700F01F010122AF
:105F700002FA01F11C2202EAD0004EF20012CEF227
:105F8000000281507047000010B54EF60C5CCEF256
:105F9000000CDCF80030C3F3022E8EF00704042C52
:105FA00028BF0424BEF103034FF0FF3E0EFA04F4B1
:105FB00038BF0023A14399400EFA03F39A431143DB
:105FC00000F00F0200F160430901043A03F5644355
:105FD0006244002848BF02F10C03197010BD000094
:105FE0004EF60C51CEF200010A684FF6FF031A403C
:105FF00060F30A2242F0806040F0FD700860704754
:106000007047000002680020516270472DE9F0419E
:10601000D0F80080D8F82430A9B1D8F82870B1F1B0
:10602000010C03EB174151D05FFA8CF7012F3C466E
:1060300008F5827398BF0124042F04F0030E09D2DF
:106040000027002429E043EA02410020C8F8281074
:10605000BDE8F08104F0FC0508F1F406002400BF5F
:1060600056F8107F44F0020001EB174144F001079D
:10607000FFB253F82770C0B253F8200001EB17416C
:1060800001EB104044F00301C9B253F8211004346D
:10609000E7B2AF4200EB1141E2D1BEF1000F15D0E3
:1060A00053F82700BEF1010F01EB10410ED0601C28
:1060B000C0B253F82000BEF1020F01EB104105D031
:1060C000A01CC0B253F8200001EB104141EA02408D
:1060D00008EB8C01C1F804010020BDE8F08100004C
:1060E000D0F8080506F096BB01EBC102D0F80835E0
:1060F00000EB8200C26C184606F0FABA01EBC1024E
:10610000D0F8083500EB8200D0F88C22184606F053
:1061100049BB0000D0F8080506F07EBB10B54FFA69
:1061200081FC4FF41F7201F00F0EBCF1000F48BF4D
:106130003C2290F8BC4402440EEBCE034FEAD11C43
:1061400002EB8301012C81F801C002F823E004BFB7
:10615000022010BD0268012380F8BC3404461046BA
:1061600007F0D0F8002084F8BC0410BDB0B5436837
:1061700001F00F0293423CBF0120B0BD4BB24FF47F
:106180001F74002B48BF3C2400EB040E90F8BC4465
:1061900002EBC2034FEAD11C0EEB8301012C4FF03E
:1061A000000481F801C08C700EF8232004BF022087
:1061B000B0BD0268012380F8BC340546104607F0E4
:1061C000F5FB204685F8BC44B0BD000001F00F018E
:1061D00001EBC10100EB8100D0F89C027047000088
:1061E00010B54FFA81FCBCF1000F01F00F0C0CEB65
:1061F000CC010DD400EB810E00240EF51F718EF83A
:106200007D428EF87CC2CEF888228EF8803209E07A
:1062100000EB810101F83CCF01244C70CA600B7186
:10622000A1F808C0022B04BF00224A7190F8BC24D8
:10623000012A04BF022010BD0268012380F8BC348B
:106240000446104606F020FF002084F8BC0410BD70
:1062500080B501F00F0C0CEBCC0100EB810ECEF8F9
:1062600094320023CEF89C328EF87D3203690EF50D
:106270001F71CEF88C22012B8EF87CC208BF4A61B8
:106280000068DAB2BCF1000F03D007F0D5FB0020A4
:1062900080BD07F0E1FA002080BD0000B0B5426883
:1062A00001F00F0494424FF001022CD84BB24FF48E
:1062B0001F75002B48BF3C254FEAD11C48BF214623
:1062C000054401EBC10305EB830181F801C090F89F
:1062D000BCC48A70BCF1010F05F8234004BF022042
:1062E000B0BD02680123054680F8BC34104607F0B3
:1062F00085FB2CB92868297C05F2C44207F028FBED
:10630000002285F8BC241046B0BD000080B501F025
:106310000F0C0CEBCC0100EB810101F83CCF8B6141
:1063200000230B6203694FF0010E81F801E0012B9D
:106330000A6108BF4A610068DAB2BCF1000F03D0FD
:1063400007F07AFB002080BD07F086FA002080BDB0
:106350002DE9F04F87B005688246284607F060FDBA
:1063600010B107B0BDE8F08FDAF8000007F086FD45
:106370000028F6D0D5F80808C0F30D21DAF800009F
:10638000CAF8FC1407F07AFD0146DAF80000890724
:1063900003D5416901F00201416105F500610491F5
:1063A00007F06CFD0146DAF80000C906059534D502
:1063B000816921F0100181612C6A04F00F0000EB6B
:1063C000C0000AEB8001C4F34340062801F51F75A5
:1063D00011D002281AD147F6F07014EA000615D041
:1063E000296934090598224607F04CFD286900EB1D
:1063F0001610286107E005980AF2C441082207F048
:1064000041FDC4F30A14286A20442862DAF8000027
:10641000816941F010018161059D07F02FFD0003A6
:1064200040F1F080DAF8000007F006FD002800F0E7
:10643000E98006460AF2C4404FF4306800244FF069
:10644000000B06901AE000BF05EB080002218160F6
:10645000B80642BF05EB080020218160B80442BFA6
:1064600005EB08004FF4005181600BF1010B760839
:1064700008F1200804F1240400F0C480F007F4D0EF
:10648000DAF800005FFA8BF9494607F0EFFC07469F
:10649000C0075FD005EB080001218160DAF8000039
:1064A00008EB0001036C8A68DAF81050012D25D141
:1064B000150732D4950600F19D8043F20B05C4F612
:1064C0005475AB42059D02D312F400422FD10AEB62
:1064D0000402D2F8983209696FF3DF41A3EB01019E
:1064E000C2F89C1294BBD2F89432002B00F0888042
:1064F000D2F88C020844C2F88C0227E043F20B0564
:10650000C4F65475FF35AB4217D1059D10040ED467
:10651000900644BF2020886018E043F20B00C4F6C8
:106520005470059D834215D312F4004012D04FF4ED
:106530000040886038070FD43CE0059D34B9DAF894
:10654000941219B90021069A07F002FA50464946FA
:10655000FFF7D4FD38072DD505EB08000821816031
:10656000DAF8000043F20B02056C40448168C4F67F
:10657000547295420AD311F4004107D04FF4004100
:106580008160504600F088FC059D09E0504600F00F
:1065900083FC43F20B00C4F654708542059D09D379
:1065A000DAF81000012805D1DAF80000069A012176
:1065B00007F0CEF9F80642BF05EB08001021816014
:1065C000B8077FF545AF6869000604D504994868A7
:1065D00040F4806048600AEB040090F87F120129C3
:1065E0007FF432AF002180F87F125046494600F018
:1065F000FDFA29E720208860059D3807ACD4D9E74B
:106600000121A0E7DAF80000CDF818A007F036FC69
:10661000400340F1D5800698006807F005FC00288B
:1066200000F0CE800646069805F5106900F13C01A1
:1066300000F2C440002703910190CDF8089004E0D7
:10664000760807F1010700F0BB80F007F8D0069844
:106650005FFA87FA0068514607F0F6FB0446C00768
:1066600026D0049A07F00F00516B012303FA00F0C3
:1066700021EA0000506309EB471083600698006927
:10668000012811D1039907EBC70001EB8000D0E985
:106690000312114401613FB9806928B90698019A33
:1066A0000068012107F054F906985146FFF71CFDD8
:1066B000200742BF09EB471008218160E00642BF76
:1066C00009EB471010218160600642BF09EB4710BB
:1066D00040218160A00716D52846394607F036FBD1
:1066E000039907EBC70001EB800010F8031F012995
:1066F00005D1002101700698514600F073FA09EBAC
:1067000047100221816020069AD5039907EBC70044
:1067100001EB8008D8F81820D8F8200082428FD3E7
:106720000699D8F80C300C68111A994238BF0B46FC
:1067300004EB4711D1F818C903F1030E1FFA8CF3CB
:10674000B3EB9E0F2DD301F5106900BFD8F81820C8
:10675000824224D9101A069AD8E903B1157C58450B
:1067600038BF83461FFA8BF3204652460095059D9D
:1067700007F0A8FCD8F81000D8F820105844C8F842
:10678000100001EB0B00C8F82000D9F818100BF12D
:10679000030289B2B1EB920FD8D2D8F81820DDF8F5
:1067A000089082423FF64CAF07F00F00D4F834183F
:1067B000012202FA00F021EA0000C4F834083FE7A1
:1067C000069C206807F05AFB002801D4206818E0D6
:1067D0000499486820F00100486094F8F404012806
:1067E00007D1002084F8F40420460021FFF708FCBC
:1067F00002E0204600F032FB2068416901F00041D0
:10680000416107F03BFB000501D420680BE00498D0
:106810008068C00702D0204600F066FB206841690E
:1068200001F40061416107F029FBC00401D4206834
:10683000F5E00499486820F00100486020681021C4
:1068400007F084FA6068002800F0C180042800F096
:10685000030C01D200216DE020F0030E05F5366334
:106860004FF6A0584FF6C0554FF6E0564FF6006071
:1068700000214FF67F37CFF6FF78CFF6FF75CFF6C2
:10688000FF76CFF6FF7000BFA3F51872976053F83C
:106890000820043122F4001243F8082043F8587C01
:1068A00053F8602C8E4522F4001243F8602C53F804
:1068B000602C42F0006243F8602CA3F510729760E0
:1068C0005A5922F400125A5143F8387C53F8402C9C
:1068D00022F4001243F8402C53F8402C42F000629E
:1068E00043F8402CA3F5087297609A5922F40012DD
:1068F0009A5143F8187C53F8202C22F4001243F8E4
:10690000202C53F8202C42F0006243F8202CA3F5F1
:10691000007297601A5822F400121A509F601A6889
:1069200022F400121A601A6842F000621A6003F141
:106930008003A9D1059DBCF1000F48D005F510607A
:1069400000EB41124FF67F334F019360C65905F5B6
:10695000306226F40016C65102EB4116B360D659D8
:10696000BCF1010F26F40016D651D65946F0006648
:10697000D6512CD04F1C00EB47157E01AB608559DA
:1069800002EB471725F400158551BB609359BCF104
:10699000020F23F400139351935943F00063935172
:1069A00015D0023100EB41174FF67F364B01BE6028
:1069B000C75827F40017C75002EB41108660D05823
:1069C00020F40010D050D05840F00060D050049E09
:1069D0008422F069442340F00110F061216B2068AB
:1069E00000294FF00B0108BF142208BF42F22B010F
:1069F000B75808BF10233943B150F15804F2C442CC
:106A000041F00B01F150316821F4FE613160217CCD
:106A100006F09EFF2068416901F48051416107F052
:106A20002DFA01462068890415D506F06DFB206813
:106A300007F0E8F92568E06000F040FB227B0146A2
:106A4000284607F0B7FA204600F0F2F920684169BD
:106A500001F40051416107F011FA000701D42068E8
:106A600007E0204600F0FEF92068416901F00801C6
:106A7000416107F003FA000627D50599886920F0DF
:106A800080008861606802281FD304F51F7804F134
:106A90003C05012640F2A32705E000BF01368642EF
:106AA00007F1240711D2E15D0129F7D106F00F00AB
:106AB00000EBC0023006206805EB820158BF08EBEE
:106AC000820107F0B5F86068E8E7206807F0D6F9BA
:106AD000C00201D420682CE06068022824D3059904
:106AE00004F13C0901F5126504F163064FF0010859
:106AF000012705E001372035874206F1240613D22D
:106B000029687278012AF5D1B1F1FF3FF2DC07F074
:106B10000F0000EBC001206809EB810186F80080BE
:106B200007F086F86068E5E72068416901F48011A4
:106B3000416107F0A3F9059D800201D4206830E08F
:106B40006168022928D305F53260013904F52972FC
:106B5000012304E02030013902F124021CD007682F
:106B60001678012EF6D1B7F1FF3FF3DCD4F8FC64C0
:106B700007F4803706F00106B742EBD102F8013C7A
:106B8000AF6947F08007AF616F693F06E2D40499AF
:106B9000486840F4007048602068416901F40011C1
:106BA000416107F06BF9400001D4206807E02046FE
:106BB000FFF796FA2068416901F08041416107F0D2
:106BC0005DF940077FF5CDAB20684568690703D5BF
:106BD0002046FFF79FFA206841682943416007B0CB
:106BE000BDE8F08FD0F8080505F07CBED0F80805A8
:106BF00005F08EBE002804BF012070472DE9F04F3C
:106C00008BB08246056890F8BD0428B900208AF848
:106C1000BC04504600F0C8F803208AF8BD04E86BB5
:106C2000C0055CBF0020CAF81000DAF8000006F0CA
:106C30000BFEDAF800000AF120090A90DAE90B6489
:106C4000DAF834000AF1040E99E880039EE82E5821
:106C5000CDE9084004A880E880030A988DE8205810
:106C6000079606F061FA002840F08880DAF8000004
:106C70000021002507F05AF9DAF8041000295CD049
:106C80000AF13C004FF0010C0022002302EBC2028B
:106C900000EB820700F82230DAB201333A81DAB22F
:106CA000914287F801C03D71C7E90355BD61EDD838
:106CB0000AF51F7000220025002300BF05EBC50761
:106CC00043F00105ECB200EB8706A142727000F8B8
:106CD00027303271C6E90322B2612ED904EBC40712
:106CE00000F8275043F00205ECB200EB8706A14202
:106CF00072703271C6E90322B2611ED904EBC40777
:106D000000F8275043F00305ECB200EB8706A142E0
:106D100072703271C6E90322B2610ED904EBC40766
:106D2000043300F82750DDB200EB8706A9427270E9
:106D30003271C6E90322B261C0D8DAF80800DAF885
:106D400000200A90DAE90C40DAE905650AF11C0E28
:106D5000DAE903379EE80058DAE90A89CDE9084004
:106D600002A880E8205810460A9ACDE90076CDF8AE
:106D70001880CDF81C9006F025FB30B102208AF86F
:106D8000BD0401200BB0BDE8F08F00208AF8380068
:106D900001208AF8BD04DAF8000006F003FB0020A9
:106DA0000BB0BDE8F08F0000B0B586B000680024DD
:106DB000B0F1A04F0594CDE903440294019401D0B1
:106DC00006B0B0BD43F630050094C4F20205286851
:106DD00001A940F001002860286800F0010000903F
:106DE00000984FF4C05001900220CDE90204032026
:106DF00004900A2005900020C4F20200FDF730FC48
:106E00006868002140F08000686000946869002292
:106E100040F480406861686900F480400090009808
:106E20004320FFF7B1F84320FFF79CF806B0B0BD50
:106E300010B50446C06828B1022801D0FCF734FD23
:106E4000012100E00021D4F8080505F0E7FDD4F8A1
:106E50000805BDE8104005F097BD0000D0F8080512
:106E600005F0C2BDD0F8080505F0C8BD90F8BC24F7
:106E7000012A04BF0220704710B5012280F8BC240B
:106E800080F8381002680446104607F081F80020A8
:106E900084F8BC0410BD0000D0F8082500F2C441FD
:106EA000104605F0D1BD000010B5044690F8BC04B2
:106EB000012804BF022010BDA16A20680122012917
:106EC00084F8BC2406D1A169012903D0816B41F467
:106ED0008031816306F032FF206806F053FA00200B
:106EE00084F8BC0410BD000010B50446D0F80805B5
:106EF00005F0FEFD2068D0F8001E41F00101C0F849
:106F0000001E206A002808BF10BD4EF61050CEF2B9
:106F10000000016841F00601016010BD002804BFB7
:106F2000012070472DE9F04143F60808C4F2020839
:106F30000446D8F8F8030D4600F00700814207D94F
:106F400088F8F853D8F8F80300F00700A84276D183
:106F50002068810717D5410705D5D8F8001041F4FE
:106F6000E051C8F80010010705D5D8F8001041F429
:106F70006041C8F80010D8F80010A26821F0F001B4
:106F80001143C8F80010C0073FD1D8F8F80300F04B
:106F90000700854207D288F8F853D8F8F80300F0C4
:106FA0000700A8424BD12068410707D5D8F8001048
:106FB000E26821F4E0511143C8F80010000708D539
:106FC000D8F80000216920F4604040EAC100C8F808
:106FD000000000F0A1F8D8F800104CF69032C1F390
:106FE0000311C0F60202515C40F2481220FA01F18E
:106FF00040F2DC70C2F200000068C2F200021160D0
:10700000FEF740FF0020BDE8F0816068811E022984
:1070100007D258F8081C89015CBF0120BDE8F08147
:1070200010E0012807D158F8081C89035CBF012033
:10703000BDE8F08106E058F8081C890702D4012059
:10704000BDE8F081D8F8001021F003010843C8F82A
:107050000000FDF7DBFB064641F28837D8F8000058
:10706000616800F00C00B0EB810F8ED0FDF7CEFB15
:10707000801BB842F2D90320BDE8F0810F220260E4
:1070800043F60802C4F20202136803F003034360EC
:10709000136803F0F0038360136803F4E053C360E4
:1070A000D2F800C04FF4E05303EADC030361D2F8E6
:1070B000F80300F0070008607047000040F2481035
:1070C000C2F200000068704740F2481043F6080121
:1070D000C2F20000C4F20201006809684CF6A03256
:1070E000C1F38221C0F60202515CC8407047000023
:1070F00040F2481043F60801C2F20000C4F2020157
:10710000006809684CF6A032C1F34231C0F60202B1
:10711000515CC8407047000010B543F60404C4F247
:1071200002046168C1F3810142F20040C0F2F40040
:10713000DFE801F00203080210BD41F60030C0F2A2
:10714000B70010BD206821682368490241F600316C
:10715000C0F2B70100F03F02C3F388105CBF42F2F7
:107160000041C0F2F401A1FB00010023F9F719F975
:1071700021680222C1F3014102EB4101B0FBF1F0B1
:1071800010BD0000002804BF012070472DE9F04128
:1071900082B00446007843F60006C007C4F2020637
:1071A0000BD0B06800F00C00042876D13068800362
:1071B00003D56068002800F04F812078800719D53A
:1071C000B06810F00C0F07D0B06800F00C00082871
:1071D0007DD1706840027AD43068800703D5E068BA
:1071E000012840F039813068216920F0F80040EA38
:1071F000C10030602078000713D42078400726D4DF
:10720000A569002D00F02481B06800F00C0008286A
:1072100040F09680012D40F0F880012002B0BDE8DA
:10722000F0816069002877D00020C4F24720012156
:10723000C0F8801EFDF7EAFA054600BF706F8007B0
:10724000DBD4FDF7E3FA401B0228F7D9D9E0306C14
:107250005FEAC0080AD400200190306C40F08050F2
:107260003064306C00F080500190019847F20007C4
:10727000C4F200073868C00540D4386840F4807014
:107280003860FDF7C3FA05463868C00536D4FDF707
:10729000BDFA401B0228F7D9B3E0B06800F00C003B
:1072A000082803D1706840023FF580AF61683068FC
:1072B000B1F5803F07D0B1F5A02F40F08C8040F4AD
:1072C00080203060306840F4803030608CE0E068CE
:1072D000002840F20000C4F2472054D00121016090
:1072E000FDF794FA054600BF306880073FF57BAF95
:1072F000FDF78CFA401B0228F6D982E0A168306FB6
:10730000012905D005294FD140F004003067306FC6
:1073100040F00100306750E00020C4F24720002117
:10732000C0F8801EFDF772FA054600BF706F800737
:107330007FF563AFFDF76AFA401B0228F6D960E0DB
:107340000027C4F2472700203866FDF75FFA022DB8
:1073500005460DD13068800140F18280FDF756FA74
:10736000401B02284FF00300F4D902B0BDE8F081C1
:10737000306880016CD5FDF749FA401B02284FF0B8
:107380000300F5D9F1E700210160FDF73FFA05465A
:10739000306880077FF52EAFFDF738FA401B0228D2
:1073A0004FF00300F4D9E0E720F001003067306FC0
:1073B000002920F00400306773D0FDF727FA054656
:1073C00041F28837306F80077BD4FDF71FFA401BEE
:1073D000B842F7D915E020F48030306030680029D9
:1073E00020F48020306075D0FDF710FA054600BF0C
:1073F000306880033FF5E1AEFDF708FA401B6428D2
:10740000F6D9032002B0BDE8F0817068E16900F4AC
:1074100080028A4220D1216A00F03F028A421BD1B9
:1074200047F6C071626A0140B1EB821F14D1A16AB4
:107430004FF6FF73C903994300F44032A1F5803140
:107440008A4209D1E16A00F07060B0EB016F03D1AC
:10745000002002B0BDE8F081012002B0BDE8F0815B
:1074600004F11C052FCD084340EA8210D9034FF6E2
:10747000FF729143A1F5803140EA056008437060D6
:1074800001203866FDF7C2F9044600BF306880016C
:10749000DED4FDF7BBF9001B02284FF00300F5D93D
:1074A00063E7FDF7B3F9054641F28837306F80078F
:1074B00007D5FDF7ABF9401BB8424FF00300F5D9F3
:1074C00053E7B8F1000F3FF59BAE306C20F08050D1
:1074D000306495E6FDF79AF9054600BF30688003F1
:1074E0007FF56BAEFDF792F9401B64284FF0030067
:1074F000F4D93AE770470000B0B582B001684A6835
:107500008B6803F04105012D04D112F0400501D034
:10751000016C05E09D0707D512F0800504D0416C91
:1075200002B0BDE8B040084713F4B07F18BF12F0B6
:10753000200501D102B0B0BD5D0617D590F85150BD
:10754000032D08D100200190C8680190886801903F
:10755000019802B0B0BD456D45F0040545650025B4
:107560000195CD6801958D680195019D9D060CD50D
:10757000456D45F001054565002501958D6801952E
:107580000D6825F040050D60019DDB0508D5436DB4
:1075900043F008034365002301938B680193019B2B
:1075A000436D002BC6D04B68920723F0E0034B607D
:1075B0004FF0010380F8513025D04A684BF6210482
:1075C00022F003024A60C16CC0F6000459B10546BE
:1075D00008460C65FCF796FD0146284619B1416D39
:1075E00041F040014165816C0029A3D00C6504463F
:1075F0000846FCF787FD00289CD0606D40F04000F5
:10760000606502B0B0BD02B0BDE8B040FFF772BF28
:1076100070B528B1416A29B100210161142106E049
:10762000012070BD4168B1F5827F02D01C2100228B
:1076300042500026866290F8511029B980F85060B7
:10764000054600F03DF82846022180F8511090E8E8
:107650002E0002F482720C6803F4044324F0400408
:107660000C601A4405F4006305691A4405F002032E
:1076700045691A4405F001038569C4691A4405F493
:1076800000731A4404F03803046A1A4404F08003B7
:10769000846A1A4304F400531A430A60436A0422BA
:1076A00002EA154203F010031A444A60CA6922F440
:1076B0000062CA610121466580F85110304670BDF4
:1076C0002DE9F04F87B00446006843F60001C4F28C
:1076D000000100278842CDE90577CDE903770297BD
:1076E00000F08C8043F20001C4F20101884240F0B6
:1076F000F08043F630000197C4F20200416940F285
:10770000004541F4805141614169C4F2020501F430
:107710008051019101990197016802AE41F0020187
:107720000160016846F2104801F0020101910199DF
:10773000019701684FF0020941F001010160006802
:107740004FF0030A00F00100019001981820029008
:107750004FF0050B28463146C4F20208CDE90397E5
:10776000CDF814A0CDF818B0FCF77AFF8020CDE951
:10777000020904A880E8800CA5F580603146FCF77A
:107780006FFF4CF27825C2F200054FF440304FF005
:10779000C0664FF48069C5E908072846C5E9008638
:1077A000C5E90277C5E90497C5E90677FCF7A0FDAE
:1077B000002818BFFCF778F8E564AC634CF2D825D4
:1077C00008F14800C2F200054021C5E9000605F1B4
:1077D000080080E882024FF40030C5E90807284617
:1077E000C5E90577EF61FCF783FD002818BFFCF7BA
:1077F0005BF8A564AC6307B0BDE8F08F43F63005D5
:107800000197C4F20205286940F2004840F4804024
:1078100028612869C4F2020800F4804001900198B0
:107820000197286802AE40F48070286028684FF005
:10783000020900F4807001900198019728684FF0C8
:10784000030A40F00200286028684FF0050B00F0A2
:107850000200019001980420029008F5E0503146A2
:10786000CDE90397CDF814A0CDF818B0FCF7F8FED9
:107870004FF42040CDE9020904A880E8800C40467E
:107880003146FCF7EDFE05F521504CF23835C2F2D9
:107890000005C5E900074FF4003040214FF4806235
:1078A000C5E908072846C5E90217C5E90427C5E95F
:1078B0000677FCF71DFD002818BFFBF7F5FF242015
:1078C0000A210022A564AC63FEF75EFB2420FEF7CC
:1078D00049FB07B0BDE8F08F2DE9F04383B00446C3
:1078E00090F85000012803D1022003B0BDE8F083D6
:1078F00001201E4615460F4684F85000FCF786FF0F
:1079000094F85110814601296BD1002F4FF00100EE
:1079100018BF002D00F0AF80002E00F0AC8094F86E
:107920005100002104281CBF052084F85100616526
:10793000A563E687A6872763E6862068A686216476
:1079400061640168490603D4016841F040010160A7
:107950006168731EE268B1FA81F1B3FA83F3DDF86E
:10796000288049095B09B2F5006F41EA030147D15C
:1079700031B137F8021BC1602763E08E0138E08621
:10798000012608F1010500BFE08E10B9E08F002844
:107990007AD02068816889070CD5E18E51B1012E1B
:1079A00008D1216B002631F8022BC2602163E18EE1
:1079B0000139E1868168C9070AD0E18F41B1C06809
:1079C000A16B012621F8020BA163E08F0138E0874B
:1079D000FCF71CFF002DD7D0A0EB09004045D3D306
:1079E00048E06068B0F5827F08D104294FF00200BA
:1079F00041D1A16800293FF488AF3CE002203AE081
:107A000039B139780173206B01302063E08E013881
:107A1000E086012608F10105E08E08B9E08F98B3F1
:107A20002068816889070ED5E18E61B1012E0AD1E7
:107A3000216B002609780173216B206801312163D5
:107A4000E18E0139E1868168C9070BD0E18F49B128
:107A5000C068A16B01260870A06B0130A063E08FA5
:107A60000138E087FCF7D2FE002DD5D0A0EB09004D
:107A70004045D1D30320012184F85110002184F81E
:107A8000501003B0BDE8F08340F24810C2F200008D
:107A9000006849F68171C1F25E61A0FB0101480DE9
:107AA0004FF47A71484302906068B0F5827F0ED13E
:107AB0002046802142464B4603F0B8FE40B3606D3D
:107AC00040F020006065202060650120D3E7029827
:107AD000F0B102980138029020688168090617D534
:107AE0000299A9B1029901390291816809060FD55D
:107AF000029969B10299013902918168090607D595
:107B0000029929B102990139029180680006DED4F8
:107B1000A06800284FF00000ADD101902168CA682C
:107B20000192896801910199A5E700007047000062
:107B30007047000090F83C20012A04BF02207047E3
:107B4000B0B501F108053CCDD1E900CE23F47C535A
:107B500022F470521A432EF4F0431A432CF4E043FB
:107B60001A4324F4C0431A432A43C96922F48042C9
:107B7000036811435964002180F83C100020B0BD17
:107B800090F83C20012A4FF0020252D010B580F844
:107B90003D200268D2F804E0D2F808C00C682EF04C
:107BA0007003234341F2FF74C4F20004A242536005
:107BB0000DDC40F2FF73C4F200039A4215DCB2F10F
:107BC000804F29D040F20043C4F2000322E040F28B
:107BD000FF33C4F201039A4212DC41F60003C4F2FF
:107BE00000039A4218D0002312E040F60003C4F2CA
:107BF00000039A4210D040F60043C4F2000309E0AB
:107C000044F20003C4F201039A4205D040F200435B
:107C1000C4F201039A4204D149682CF0800319434D
:107C200091600121002280F83D1080F83C20BDE8E1
:107C30001040104670470000002804BF0120704724
:107C400010B5044690F83D0028B9002084F83C00A7
:107C5000204600F01FF8022084F83D002068211D16
:107C600003F018FF012084F8460084F83E0084F8F1
:107C70003F0084F8400084F8410084F8420084F812
:107C8000430084F8440084F8450084F83D00002057
:107C900010BD000080B582B0006841F2FF31C4F22F
:107CA000000188422FDD40F2FF31C4F20101884219
:107CB00051DC41F20041C4F2000188427BD0002136
:107CC000C4F20101884240F0AD800020019043F6EB
:107CD0004000C4F202004168002241F0010141600D
:107CE00040680A2100F00100019001981920FEF778
:107CF0004BF91920FEF736F91A2000210022FEF771
:107D000043F91A206CE040F60001C4F200018842F9
:107D100043D040F60041C4F20001884273D041F2E2
:107D20000001C4F2000188427CD10020019043F69A
:107D30004000C4F202000168002241F0100101601D
:107D40000068082100F01000019001983620FEF72D
:107D50001BF9362044E040F20041C4F201018842A0
:107D600043D044F20041C4F2010188425AD10020BC
:107D7000019043F64000C4F202004168002241F441
:107D80000031416040680A2100F400300190019800
:107D90001920FEF7F9F8192022E00020019043F69F
:107DA0004000C4F20200016841F004010160006873
:107DB00000F0040034E00020019043F64000C4F2DB
:107DC00002000168002241F02001016000680221E8
:107DD00000F02000019001983720FEF7D5F83720F9
:107DE00002B0BDE88040FEF7BDB80020019043F628
:107DF0004000C4F20200416841F002014160406865
:107E000000F002000CE00020019043F64000C4F2B4
:107E10000200016841F008010160006800F00800FC
:107E20000190019802B080BD90F83D1001291CBF5F
:107E300001207047022180F83D10006841F2FF7276
:107E4000C168C4F20002904241F00101C1600DDC42
:107E500040F2FF71C4F20001884215DCB0F1804F9E
:107E600029D040F20041C4F2000122E040F2FF318B
:107E7000C4F20101884212DC41F60001C4F20001A3
:107E8000884218D0002112E040F60001C4F200013F
:107E9000884210D040F60041C4F2000109E044F2EB
:107EA0000001C4F20101884205D040F20041C4F251
:107EB0000101884206D1816801F00701062904BF4B
:107EC00000207047016841F0010101600020704707
:107ED00090F83C20012A4FF002026BD080B580F868
:107EE0003D20D0F800C04FF67772DCF8083023EA66
:107EF0000202CCF808200B684F2B28DC1F2B44DD36
:107F0000202B45D0302B43D0402B40F0AC80D1F813
:107F100004E0C968DCF82030DCF8202022F00102FF
:107F2000CCF82020DCF8182022F0F00242EA0111FF
:107F300023F00A0242EA0E02CCF81810CCF82020F6
:107F4000DCF8081041F0470121F0300127E06F2BE9
:107F500032DDB3F5005F73D0B3F5805F21D0702BB5
:107F600040F08180D1E901E3C968DCF8082043EAE8
:107F70000E0322F47F4243EA01211143CCF808109A
:107F8000DCF8081041F0770109E00BB1102B6AD141
:107F9000DCF8081021F07001194341F00701CCF81A
:107FA00008100022012180F83D10002180F83C10CB
:107FB000BDE8804010467047502B21D0602B52D135
:107FC000D1F804E0C968DCF8203023F01003CCF8C5
:107FD0002030DCF81830DCF8202023F4704322F045
:107FE000A00243EA013142EA0E12CCF81810CCF894
:107FF0002020DCF8081041F0670121F01001CEE7E5
:10800000D1F804E0C968DCF82030DCF8202022F048
:108010000102CCF82020DCF8182022F0F00242EA1D
:10802000011123F00A0242EA0E02CCF81810CCF833
:108030002020DCF8081041F0570121F02001AEE7C4
:10804000D1E901E3C968DCF8082043EA0E0322F411
:108050007F4243EA01211143CCF80810DCF80810F4
:1080600041F480419BE701229CE70000704700003B
:1080700010B5016804460869800744BFC8685FEA14
:10808000807038D40869400744BFC8685FEA407010
:108090003DD40869000744BFC8685FEA007043D454
:1080A0000869C00644BFC8685FEAC06048D4086970
:1080B000C0071CBFC8685FEAC0704ED108690006DF
:1080C00044BFC8685FEA00604FD40869400644BFF7
:1080D000C8685FEA406050D40869800646BFC86837
:1080E0005FEA806010BD6FF0200220460A61BDE8A3
:1080F0001040FFF71DBD6FF00200086101202077DE
:108100008869800741D02046FFF7B0FF43E06FF059
:108110000400086102202077886910F4407F3ED077
:108120002046FFF7A3FF40E06FF00800086104203D
:108130002077C86980073CD02046FFF797FF3EE0D4
:108140006FF01000086108202077C86910F4407FA4
:1081500039D02046FFF78AFF3BE06FF0010008614D
:10816000204600F0D9FA2168A8E76FF08000086186
:108170002046FFF7DBFC2168A7E76FF040000861AD
:10818000204600F0E3FA2168A6E7204600F004F953
:10819000204600F03DFA21680020207772E7204653
:1081A00000F0FAF8204600F033FA2168002020772A
:1081B0006FE7204600F0F0F8204600F029FA216829
:1081C000002020776CE7204600F0E6F8204600F01B
:1081D0001FFA21680020207769E70000F0B587B01A
:1081E00000684FF6FF71C4F2000188424FF00001B1
:1081F0000691CDE90411CDE9021130DD44F20041D0
:10820000C4F20101884255D040F20041C4F201019C
:1082100088426DD00021C4F20101884240F0BA804A
:10822000002043F630010190C4F202010A6842F0D6
:1082300010020A60096801F01001019101994FF4E0
:10824000D44102910221CDE903100590012006904E
:1082500040F60000C4F2020000F5006097E040F62E
:108260000001C4F20001884274D040F60041C4F21B
:108270000001884240F08E80002043F630010190DA
:10828000C4F202010A6842F080020A60096801F043
:108290008001019101994FF4E05102910221CDE951
:1082A0000310CDE9050140F60000C4F2020000F51C
:1082B000A0506CE0002043F630010190C4F20201AE
:1082C0000A6842F020020A60096801F02001019169
:1082D0000199402102910221CDE90310059003206C
:1082E000069040F60000C4F2020000F540604EE047
:1082F000002443F630000194C4F20200016840F605
:10830000000741F4807101600168C4F2020701F4C2
:1083100080710191019901940168022541F00401E5
:1083200001600068032600F0040001900198C0205D
:10833000029007F5C05002A9CDE9035405940696B2
:10834000FCF78EF940213846CDE90215CDE9044409
:1083500006961CE0002043F630010190C4F20201B1
:108360000A6842F008020A60096801F008010191F8
:1083700001994FF4804102910221CDE90310CDE92A
:10838000050140F60000C4F2020000F5806002A979
:10839000FCF766F907B0F0BD7047000090F83C307C
:1083A000012B04BF022070474FEAB202032A00F2F9
:1083B000FD802DE9F043DFE802F002AF3D7D036868
:1083C00040F200461A6A43F4806522F001021A6204
:1083D0001C6A1A46D3F804C052F818EF8F6824F0CC
:1083E0000204C4F20106B54244EA070405D1CF688D
:1083F00024F00C0427F004073C430F68B54206D173
:10840000D1E905582CF440762E4346EA080C2EF0AC
:1084100073063743C3F804C09F614F6809695F63FF
:108420001C629F6947F008079F619F6927F0040756
:108430009F61B0E0036840F200481A6A43F4806527
:1084400022F480721A621C6A1A46D3F804C052F8E9
:108450001CEF8F6824F40074C4F20108454544EA17
:10846000072408D1CF6840F2FF463F0224F440645D
:1084700027EA06063443D1F80090454506D1D1E9F4
:1084800005562CF440572E4347EA061C2EF073077E
:1084900047EA0907C3F804C0DF614F680969DF6371
:1084A0001C62DF6947F00807DF61DF6927F0040716
:1084B000DF6170E0036840F200451A6A43F48067A8
:1084C00022F480521A621A46D3F820C05C6852F82F
:1084D0001C8FD1F800E08E68C4F20105AF4204D1D0
:1084E0004D6924F4804444EA85142CF4005747EA8B
:1084F000063728F4E64646EA0E265C60DE614E68E2
:1085000009691E641F62DF6947F40067DF61DF6984
:1085100027F48067DF613DE0036840F200481A6A93
:1085200043F4806522F010021A621C6A1A46D3F8DE
:1085300004C052F818EF8F6824F02004C4F2010838
:10854000454544EA071407D1CF686FF0400624F090
:10855000C00406EA07163443D1F80090454506D119
:10856000D1E905562CF440672E4347EA860C2EF4D9
:10857000E64747EA0927C3F804C09F614F680969C5
:108580009F631C629F6947F400679F619F6927F49E
:1085900080679F6109021368194311600021BDE8DB
:1085A000F043002280F83C20084670470121F8E79C
:1085B000002804BF0120704710B5044690F83D0024
:1085C00028B9002084F83C00204600F01FF8022063
:1085D00084F83D002068211D03F05CFA012084F836
:1085E000460084F83E0084F83F0084F8400084F898
:1085F000410084F8420084F8430084F8440084F881
:10860000450084F83D00002010BD000070470000C8
:1086100070470000A1B1042904D0082914BF4122E9
:10862000402200E03F22825C012A11D10222082967
:1086300010D0042914BF80F8412080F83F200BE0BF
:1086400090F83E20012A03D1022280F83E2003E068
:108650000120704780F84020006801F01F010122CE
:10866000036A02FA01F123EA01020262026A11437B
:1086700041F2FF72C4F20002904201620BDC40F250
:10868000FF71C4F20001884213DCB0F1804F35D095
:1086900040F2004115E040F2FF31C4F2010188428E
:1086A00014DC41F60001C4F20001884226D000210A
:1086B00014E040F60001C4F2000188421ED040F6EA
:1086C0000041C4F20001884218D01EE044F20001CB
:1086D000C4F20101884211D040F20041C4F201010C
:1086E000884212D1416C40F2004340F48062C4F2EF
:1086F000010341F400419A42416406D1816801F0CE
:108700000701062904BF00207047016841F00101FC
:1087100001600020704700004CF63041C2F20001B9
:10872000884208BFFDF784BB4CF618614CF6C8229E
:10873000C2F20001C2F200020978904218BF7047ED
:10874000C80701D001F038BF704700007047000033
:1087500090F83E30202B0BD100294FF0010318BFB9
:10876000002A01D11846704790F83C30012B02D105
:1087700002231846704781B001230363816282851A
:10878000C28500222221026480F83E10036901683C
:1087900080F83C201BB1CA6842F48072CA604A6902
:1087A00042F001024A61CA6842F02002CA60026BCC
:1087B000012A2FD1002200920A6800924968009194
:1087C000009900BF016851E8031F026841F01001E1
:1087D00042E8031303B3016851E8031F026841F044
:1087E000100142E80313BBB1016851E8031F02689E
:1087F00041F0100142E8031373B1016851E8031F0F
:10880000026841F0100142E80313002B4FF000030F
:10881000D8D102E0012300E0002301B018467047E0
:108820004CF64852C2F20002904218BF7047084608
:1088300001F0A0BF10B50446206850E8030F21687E
:1088400020F4907041E80302BAB3206850E8030FA7
:10885000216820F4907041E8030272B3206850E868
:10886000030F216820F4907041E803022AB32068C6
:1088700050E8030F216820F4907041E80302002AB9
:10888000DAD11AE0206850E8050F216820F00100D5
:1088900041E80502DAB1206850E8050F216820F0B0
:1088A000010041E8050292B1206850E8050F2168F7
:1088B00020F0010041E805024AB1206850E8050FA8
:1088C000216820F0010041E80502002ADAD1206B7E
:1088D000012824D1206850E8030F216820F01000FF
:1088E00041E80302DAB1206850E8030F216820F064
:1088F000100041E8030292B1206850E8030F21689C
:1089000020F0100041E803024AB1206850E8030F4C
:10891000216820F0100041E80302002ADAD1206823
:108920004069400635D500BF206850E8050F216832
:1089300020F0400041E80502DAB1206850E8050F58
:10894000216820F0400041E8050292B1206850E81B
:10895000050F216820F0400041E805024AB1206877
:1089600050E8050F216820F0400041E80502002A88
:10897000DAD1A06B68B100210165FBF783FB40B140
:10898000A06BFBF7D1FB202803D11020206403202B
:1089900010BD00202021E08584F83E10206310BD2A
:1089A00010B50446206850E8030F216820F0C0008D
:1089B00041E80302DAB1206850E8030F216820F093
:1089C000C00041E8030292B1206850E8030F21681B
:1089D00020F0C00041E803024AB1206850E8030FCC
:1089E000216820F0C00041E80302002ADAD12068A3
:1089F0004069000635D500BF206850E8050F2168A2
:108A000020F0800041E80502DAB1206850E8050F47
:108A1000216820F0800041E8050292B1206850E80A
:108A2000050F216820F0800041E805024AB1206866
:108A300050E8050F216820F0800041E80502002A77
:108A4000DAD1606B68B100210165FBF71BFB40B117
:108A5000606BFBF769FB202803D110202064032002
:108A600010BD00202021E08484F83D1010BD0000DE
:108A70004CF64851C2F20001884218BF704701F01D
:108A800031BE0000B0B582B001680A68CC684B699D
:108A900002F02F05202D04F0200505D125B102B0EC
:108AA000BDE8B04003F08EB85FEA027C1EBF03F061
:108AB000010E04F4907313EB0E0340D1036BD50643
:108AC00018D5012B16D114F0100313D000220192F7
:108AD0000A6801924A680192019A4969490649D493
:108AE000818DC28DC38D002B18BF914240F0E9816A
:108AF00002B0B0BD13062CD514F0800329D090F835
:108B00003D20212AF4D18268B2F5805F03D1026949
:108B1000002A00F05782026A531C036212784A60EE
:108B2000C28C013A1304C284E2D1C86820F08000EC
:108B3000C860C86840F04000C86002B0B0BDD3074C
:108B400018BF14F4807340F0C880530700F1CB8045
:108B5000D0E05206CCD514F04002C9D0CA6822F049
:108B60004002CA60202180F83D1002B0BDE8B0404C
:108B700000F0D8BC826B11684B689DB2002DB7D055
:108B8000818D8D42B4D2C385D269B2F5807F00F069
:108B9000A180016851E8031F026821F4807142E856
:108BA0000313DBB1016851E8031F026821F48071EF
:108BB00042E8031393B1016851E8031F026821F4EE
:108BC000807142E803134BB1016851E8031F02684A
:108BD00021F4807142E80313002BDAD1016851E8D7
:108BE000051F026821F0010142E80513BBB30168CB
:108BF00051E8051F026821F0010142E8051373B333
:108C0000016851E8051F026821F0010142E80513DF
:108C10002BB3016851E8051F026821F0010142E809
:108C20000513002BDAD11AE0016851E8051F02682C
:108C300021F0400142E80513DBB1016851E8051F4E
:108C4000026821F0400142E8051393B1016851E840
:108C5000051F026821F0400142E805134BB101688D
:108C600051E8051F026821F0400142E80513002B7E
:108C7000DAD1202180F83E1000210163016851E81B
:108C8000031F026821F0100142E80313DBB1016801
:108C900051E8031F026821F0100142E8031393B169
:108CA000016851E8031F026821F0100142E8031334
:108CB0004BB1016851E8031F026821F0100142E83E
:108CC0000313002BDAD1816B04460846FBF7DAF96F
:108CD000A18D2046C28D891A69E1036C43F001031E
:108CE0000364530706D5BEF1000F03D0036C43F0B5
:108CF00002030364930706D5BEF1000F03D0036C93
:108D000043F004030364BCF1000F06D55EEA0503DB
:108D100003D0036C43F008030364036C002B3FF49F
:108D2000E7AE920605D525B1044602F04BFF216857
:108D300020464969026C01F0400102F008028918DE
:108D400000F0B880016851E8031F026821F49071B7
:108D500042E80313BBB3016851E8031F026821F422
:108D6000907142E8031373B3016851E8031F02686E
:108D700021F4907142E803132BB3016851E8031FFB
:108D8000026821F4907142E80313002BDAD11AE053
:108D9000016851E8051F026821F0010142E805134E
:108DA000DBB1016851E8051F026821F0010142E8CA
:108DB000051393B1016851E8051F026821F0010114
:108DC00042E805134BB1016851E8051F026821F024
:108DD000010142E80513002BDAD1016B012924D1EE
:108DE000016851E8031F026821F0100142E80313F3
:108DF000DBB1016851E8031F026821F0100142E86D
:108E0000031393B1016851E8031F026821F01001B8
:108E100042E803134BB1016851E8031F026821F0D7
:108E2000100142E80313002BDAD1202180F83E1014
:108E30000021016301684969490640F1BE8001686B
:108E400051E8051F026821F0400142E80513DBB13B
:108E5000016851E8051F026821F0400142E805134E
:108E600093B1016851E8051F026821F0400142E812
:108E700005134BB1016851E8051F026821F040015C
:108E800042E80513002BDAD1816B002900F09580B0
:108E90004BF6B932C0F60002044608460A65FBF7F5
:108EA00031F900283FF424AEA06B016D02B0BDE89B
:108EB000B04008470446FFF7DBFD0020206402B005
:108EC000B0BD891A026852E8032F036822F4907239
:108ED00043E80325BDB3026852E8032F036822F478
:108EE000907243E8032575B3026852E8032F0368C4
:108EF00022F4907243E803252DB3026852E8032F51
:108F0000036822F4907243E80325002DDAD11AE0B9
:108F1000026852E8052F036822F0010243E80525A4
:108F2000DDB1026852E8052F036822F0010243E830
:108F3000052595B1026852E8052F036822F0010269
:108F400043E805254DB1026852E8052F036822F079
:108F5000010243E80525002DDAD1202280F83E20C9
:108F600000220263026852E8032F036822F0100215
:108F700043E80325DDB1026852E8032F036822F0BD
:108F8000100243E8032595B1026852E8032F0368F5
:108F900022F0100243E803254DB1026852E8032F86
:108FA000036822F0100243E80325002DDAD189B2CC
:108FB00002B0BDE8B040FFF733BC02B0BDE8B0403E
:108FC000FFF756BD026A32F8023B6FF35F234B6036
:108FD0000262A5E5002804BF0120704710B50446D1
:108FE00090F83D0028B9002084F83C00204600F0AD
:108FF00021F8242084F83D002068C16821F4005144
:10900000C160204602F05CFE2068016921F49041B5
:109010000161416921F02A014161C16841F40051B7
:10902000C16000202021206484F83D1084F83E10A7
:1090300010BD00002DE9F04387B00446006844F6F7
:109040000001C4F2000100268842CDE90566CDE9A1
:109050000366029600F0A58041F20041C4F20101CE
:1090600088424DD041F20001C4F20101884240F033
:10907000EB8043F630000196C4F2020041690024FF
:1090800041F0100141614169C4F2020401F0100194
:10909000019101990196016802AD41F00201016060
:1090A00001684FF0020801F0020101910199019657
:1090B00001684FF0030941F00101016000680727D2
:1090C00000F00100019001988020029004F580607A
:1090D0002946CDE90386CDF814900697FBF7C0FA30
:1090E0004FF40070CDE9020820462946CDE9046915
:1090F0000697FBF7B5FA25200021002225249EE0E3
:1091000043F630000196C4F20200416941F02001AB
:109110004161416901F020010191019901960168C5
:1091200041F040010160006802A900F04000019098
:1091300001984FF4844002900220CDE903060320F9
:109140000590082006900020C4F2020000F5C050EF
:10915000FBF786FA46F22800C4F202004CF2F8351A
:1091600000F58060C2F200054FF0206185E8430001
:109170004FF440304FF48062C5E908062846C5E93F
:109180000362C5E90566EE61FBF7B2F8002818BF77
:10919000FAF78AFBA563AC63472006210022472427
:1091A0004DE043F630000196C4F20200016941F43B
:1091B00080210161016901F48021019101990196E9
:1091C000016841F004010160006802A900F0040098
:1091D000019001984FF4406002900220CDE903060F
:1091E00003200590072006900020C4F2020000F53D
:1091F0000060FBF735FA4CF2983546F22800C2F2CF
:109200000005C4F202004FF0006185E843004FF40E
:1092100040304FF48062C5E908062846C5E903627C
:10922000C5E90566EE61FBF763F8002818BFFAF799
:109230003BFBA563AC632720002100222724FCF719
:10924000A3FE2046FCF78EFE07B0BDE8F0830000C9
:10925000704700002DE9F04381B0044690F83D00CE
:1092600020280DD10E4600294FF0010018BF002A1A
:1092700002D101B0BDE8F08394F83C00012803D18D
:10928000022001B0BDE8F083012084F83C000020FA
:1092900020642120994684F83D001546FBF7B6FA74
:1092A000A584E584A1688046B1F5805F03D120697B
:1092B000002800F0EE8037460026002084F83C00AD
:1092C000E18C2068002900F0848009F1010509E0A3
:1092D00087B117F8011B4160E18C0139E184E18C11
:1092E000002976D001680906F2D44DB1B9F1000F1A
:1092F00017D11FE036F8021B00276FF35F21EAE762
:1093000001680906E4D465B901680906E0D445B9E5
:1093100001680906DCD425B901680906D8D4002DF6
:10932000EED0FBF773FAA0EB0800484502D820689E
:10933000E6E700BF206850E8030F216820F4D070F2
:1093400041E80302D2B3206850E8030F216820F4FB
:10935000D07041E803028AB3206850E8030F216807
:1093600020F4D07041E8030242B3206850E8030FB4
:10937000216820F4D07041E80302002ADAD11DE010
:10938000206850E8050F216820F0010041E805023F
:10939000002A72D0206850E8050F216820F00100F3
:1093A00041E80502002A68D0206850E8050F2168CE
:1093B00020F0010041E80502002A5ED0206850E854
:1093C000050F216820F0010041E80502002AD7D1ED
:1093D00053E00168490679D419F101055CD0B9F16F
:1093E000000F6AD1206850E8030F216820F4D07084
:1093F00041E80302BAB3206850E8030F216820F463
:10940000D07041E8030272B3206850E8030F21686E
:1094100020F4D07041E803022AB3206850E8030F1B
:10942000216820F4D07041E80302002ADAD11AE062
:10943000206850E8050F216820F0010041E805028E
:10944000DAB1206850E8050F216820F0010041E8FA
:10945000050292B1206850E8050F216820F0010054
:1094600041E805024AB1206850E8050F216820F064
:10947000010041E80502002ADAD1202084F83D00ED
:1094800084F83E00002084F83C00032001B0BDE8D1
:10949000F083002711E700BF0168490616D465B9BB
:1094A0000168490612D445B9016849060ED425B9A8
:1094B000016849060AD4002DEED0FBF7A7F9A0EB0E
:1094C000080048453FF68EAF2068E5E7202084F885
:1094D0003D00002001B0BDE8F083000090F83D3071
:1094E000202B0BD100294FF0010318BF002A01D116
:1094F0001846704790F83C30012B02D102231846E1
:1095000070470162002321218284C284036480F8B1
:109510003D10016880F83C30C86840F08000C860A9
:10952000184670474CF64851C2F20001884208BF05
:1095300001F046BA4CF6C041C2F20001884218BFA1
:10954000704710B540F21C54C2F20004012084F8A8
:10955000B402D4F8B00288B394F8B40201282DD133
:10956000D4F8A80200EB001004EB40010A8C4CF682
:10957000C040C2F20000FFF7B1FF4FF0000C84F8CA
:10958000B4C2D4F8B002C8B1D4F8A8224CF6CD4188
:10959000531CCCF6CC41A3FB011E02EB021104EBE1
:1095A0004101A1F820C04FEA1E1101EB8101A3EB9C
:1095B00081010138C4F8A812C4F8B002BDE8104017
:1095C00070470000FEE700004CF25840C2F2000075
:1095D000FBF726B94CF25840C2F20000FBF7C2B9C3
:1095E00010B581B000210091806B40F24811C2F2A9
:1095F000000190F83DC009684BF28952C908C1F2D8
:10960000F842A1FB0212110A232251430091009952
:10961000F9B10099013900910268116889051CD5DA
:109620000099B1B10099013900911168890514D5EB
:10963000009971B1009901390091116889050CD523
:10964000009931B100990139009111688905DED482
:1096500003E0016C41F020010164446B4FF0000E07
:10966000002C1CBF0021E163816B00291CBF00227C
:10967000CA630268002C136823F480631360A0F8A7
:109680002AE018BFC4F850E000291CBF00230B6576
:10969000116821F00101116090F83D1060290BD193
:1096A000202180F83D10002180F83E10016401B0B7
:1096B000BDE81040FBF7B0B80CF0280128290DD107
:1096C000116841F001011160116841F4806111607D
:1096D00000210163282180F83D1005E0202180F859
:1096E0003D10002180F83E1001B0BDE81040FBF7AE
:1096F00015BC000010B5044690F83D1090F83E00EF
:10970000B0F1100218BF0122403818BF01200242F8
:1097100008BF22290AD001F0280028280CD10020F7
:109720002063282084F83D00206813E02068026848
:1097300022F40062026000E020684268120507D44B
:10974000602905D0202184F83D10002184F83E10C6
:1097500000212163416809051AD494F83D1060295D
:109760003CD1202184F83D10002121644169490643
:1097700006D50069616A0870616A2068013161621A
:10978000016821F0010101602046FBF745F845E042
:10979000416821F400614160606B90F83510012947
:1097A00029D1A06B49F2E151C0F600010165FAF739
:1097B000A9FC98B320684169490606D50069616A29
:1097C0000870616A206801316162016821F001015D
:1097D0000160202084F83D00A06B1DE0416949062E
:1097E00005D50069616A0870606A013060622046D0
:1097F000FBF794FB12E049F2E151C0F6000101656C
:10980000FAF780FC50B12168606B0A6822F001020F
:109810000A60202184F83D10016D8847206C000704
:1098200004D02068416821F4E061416094F83D0073
:10983000216C490758BF10BD28280FD10020CFF652
:10984000FF70E06200212020216384F83D00204663
:1098500084F83E10BDE81040FBF712BC10BD0000BC
:10986000C16A428D042A07D10168426A4B6823F419
:1098700080634B60096911E0428D032A16D10268AA
:109880000229536823F48063536005D0042903D070
:10989000116821F4806111601169426A1170416A96
:1098A00001314162418D013941857047428D022A63
:1098B00011D101390F2916D8DFE801F00810151071
:1098C00015151515151515151515150801680A68CE
:1098D00022F480620BE00168426ACBE701680A6803
:1098E00042F4806203E001680A6842F400720A6090
:1098F0000969426A1170416A02684B1C4362438DD8
:10990000013B438512694A70416A02680131416234
:10991000418D01394185516821F440715160202108
:1099200080F83D1090F83E200021402A80F83E103B
:1099300002D10163FBF766BF12210163FBF7A2BBF3
:1099400081B090F83D1022290FD1418D04290ED30A
:109950000168426A09691170416A01314162418DB1
:1099600001394185418D032959D001B07047C26A40
:10997000012954D8022A52D00021009140F2481106
:10998000C2F2000109684BF28952C908C1F2F842DB
:10999000A1FB0212110A01EB81010091009901392A
:1099A00000910099002941D001680A68920517D5F5
:1099B000009A013A0092009AC2B30A6892050FD544
:1099C000009A013A0092009A82B30A68920507D57C
:1099D000009A013A0092009A42B30A689205DDD4D7
:1099E0000A6822F480620A604A6822F4E0624A60EF
:1099F0000969426A1170416A01314162418D013940
:109A00004185202180F83D1090F83E200021402A19
:109A100080F83E1025D1016301B0FBF7F3BE00686A
:109A2000416821F48061416001B07047016C41F0F0
:109A3000200101640168426A4B6823F4E0634B60D3
:109A400009691170416A01314162418D01394185D5
:109A5000202180F83D10002180F83E1001B0FBF776
:109A60005DBA1221016301B0FBF70CBBC16A90F82B
:109A70003D20212A18BF7047428D4AB1416A0268D1
:109A800011F8013B13614162418D013941857047F5
:109A900011F5803F18BF082917D101684A6822F4E0
:109AA000E0624A600A6842F400720A6000212022E3
:109AB000016380F83D2090F83E2080F83E10402A57
:109AC00008BFFBF7A1BEFBF7DFBA2029E5D001688C
:109AD0004A6822F4E0624A6011210163002180F8A3
:109AE0003E10202180F83D10FBF7CEBA90F83D10D3
:109AF00090F83EC0C26A038D002B08BF212919D0FF
:109B0000212905D0BCF1400F08BF222900D07047A1
:109B1000418D61B390F83E10402908BF00F03EB877
:109B2000416A026811F8013B13614162418D0139BC
:109B30004185704712F5803F18BF082A1DD1016882
:109B40004A6822F4E0624A600A6842F400720A60DD
:109B500000212022016380F83D2090F83E2080F80B
:109B60003E10402A08BFFBF74FBEFBF78DBA0068D6
:109B7000416821F4806141607047202ADFD001688C
:109B80004A6822F4E0624A6011210163002180F8F2
:109B90003E10202180F83D10FBF776BA90F83D107A
:109BA000026D3AB1026D012A0FD10168826CD2B206
:109BB0000A611AE0C26C816C012A12D10268C9B232
:109BC0001161016D023101657047026D022A18BFF3
:109BD000704722290DD101680A6842F480720A6038
:109BE00003E00268C1F307211161016D01310165D4
:109BF0007047428D5AB1212909D1416A026811F892
:109C0000013B13614162418D013941857047428DAD
:109C1000002A08BF212900D0704701684A6822F451
:109C2000E0624A600A6842F400720A600021202261
:109C3000016380F83D2080F83E10FBF7E5BD000091
:109C40002DE9F04782B0044600680B9D0A9E076824
:109C5000994647F4806707600768904647F4807329
:109C6000036043698A46DA0712D1771C03E000BF1C
:109C70004169C9070CD1002FFAD0FAF7C7FD002EB1
:109C800000F0B680401BB04200F2B2802068EFE7DF
:109C90000AF0FE0AC0F810A0014651F8142F9207EE
:109CA00019D4771C06E000BF2068014651F8142F34
:109CB000920710D44269520500F1B280002FF4D00F
:109CC000FAF7A4FD002E4FF0200100F0B180401BF8
:109CD000B042E9D9ACE000210191014651F8142FBE
:109CE00001924A680192019A0A68120617D4771CF9
:109CF00006E000BF2068014651F8142F12060ED46A
:109D0000426952055BD4002FF5D0FAF77FFD002E93
:109D10004FF0200157D0401BB042EBD953E0B9F1CE
:109D2000010F1DD04FEA18210161014651F8142F8F
:109D3000120615D4771C04E0014651F8142F1206C0
:109D40000ED4426952053AD4002FF5D0FAF75EFDE1
:109D50004FF02001BEB3401BB04234D82068EBE77F
:109D60005FFA88F10161014651F8142F120615D4EB
:109D7000771C05E02068014651F8142F12060DD417
:109D8000426952051BD4002FF5D0FAF73FFD4FF082
:109D90002001C6B1401BB042ECD914E0016800229A
:109DA00041F48071016020464FF001113346009567
:109DB00000F072F900284BD02068006827E06FF4AB
:109DC00080600860042100202022206384F83D2068
:109DD00084F83E00226C1143216484F83C00206C1E
:109DE000042831D12068016841F4007101602BE042
:109DF00000202021206384F83D1084F83E00216C6F
:109E000041F020012164216884F83C000868C00505
:109E100044BF4FF400702064032002B0BDE8F08717
:109E2000026842F4007202606FF4806008600421EE
:109E300000202022206384F83D2084F83E00226C1C
:109E40001143216484F83C00012002B0BDE8F08792
:109E500027684AF0010C0221C0F201012046324677
:109E60002B46C7F810C002B0BDE8F04700F05AB961
:109E70002DE9F04782B00446006890460268DDF89C
:109E80002CA042F48072026042690A9E9946D20771
:109E90000F4610D1751C02E04169C9070BD1002D96
:109EA000FAD0FAF7B3FC002E74D0A0EB0A00B0424F
:109EB00070D82068F0E707F0FE010161014651F813
:109EC000142F920718D4771C06E000BF20680146C3
:109ED00051F8142F92070FD44269520572D4002F03
:109EE000F5D0FAF793FC002E4FF0200172D0A0EBD2
:109EF0000A00B042EAD96DE000210191014651F813
:109F0000142F01924A680192019A0A68120617D426
:109F1000771C05E02068014651F8142F12060FD473
:109F20004269520563D4002FF5D0FAF76FFC002E7A
:109F30004FF020015FD0A0EB0A00B042EAD95AE00E
:109F4000B9F1010F1FD04FEA18210161014651F804
:109F5000142F120617D4771C05E000BF014651F8F4
:109F6000142F12060FD44269520540D4002FF5D0A9
:109F7000FAF74CFC4FF02001EEB3A0EB0A00B04220
:109F800039D82068EAE75FFA88F10161002002B061
:109F9000BDE8F08700202021206384F83D1084F87C
:109FA0003E00216C41F020012164216884F83C00CE
:109FB0000868C00544BF4FF400702064032002B05D
:109FC000BDE8F087026842F4007202606FF48060BE
:109FD0000860042100202022206384F83D2084F8BA
:109FE0003E00226C1143216484F83C0017E06FF4BA
:109FF00080600860042100202022206384F83D2036
:10A0000084F83E00226C1143216484F83C00206CEB
:10A01000042804D12068016841F400710160012026
:10A0200002B0BDE8F0870000F0B581B004460068DA
:10A030001546034653F8147F7A0717D40E464F1C73
:10A0400005E000BF034653F8141F49070ED44169C9
:10A0500049050ED4002FF5D0FAF7D8FB4FF02001B8
:10A060005EB1401BB04208D82068EBE7002001B089
:10A07000F0BD6FF48060042118600020202220636E
:10A0800084F83D2084F83E00226C1143216484F85A
:10A090003C00012001B0F0BD2DE9F047824690461A
:10A0A000DAF8002001F47F001827B0F5803F08BFE0
:10A0B0001427D0598DB22840401BB0FA80F04009D7
:10A0C00080452BD1DDF820901E465C1C0AE000BFC5
:10A0D000DAF80000C0592840401BB0FA80F040096F
:10A0E00080451BD1002CF3D0FAF790FB1EB1A0EBFA
:10A0F0000900B042ECD900202021CAF830008AF8CB
:10A100003D108AF83E00DAF8401041F02001CAF80C
:10A1100040108AF83C000120BDE8F0870020BDE82F
:10A12000F08700002DE9F041044600689846034698
:10A1300053F8146F8FB206EA0701B94202D100202A
:10A14000BDE8F0811646551C06E000BF034653F8F3
:10A15000141F3940B942F2D0416949050CD4002D91
:10A16000F4D0FAF753FB4FF020016EB1A0EB0800DA
:10A17000B04209D82068E9E7016841F40071016044
:10A180006FF480600421186000202022206384F88E
:10A190003D2084F83E00226C1143216484F83C0089
:10A1A0000120BDE8F0810000F0B581B04CF25846C6
:10A1B000C2F200060546B0420C460CD04CF2AC4050
:10A1C000C2F20000854206D04DF2AF30C0F6020068
:10A1D000132100F0E1F948F60C4048F62047C2F29E
:10A1E0000000C2F20007B54208BF074600203874DD
:10A1F00000F0E4FCC7E9010401B0F0BDB0B54CF2D9
:10A200005845C2F200050446A8420CD04CF2AC40BE
:10A21000C2F20000844206D04DF2AF30C0F6020018
:10A22000132100F0B9F948F6204148F60C40C2F27B
:10A230000001C2F200000C31AC4208BF00F10C0179
:10A240000868B0BD2DE9F04784B0DDE90CA80F46E1
:10A2500004465046414699461646F6F7CAFB204644
:10A2600007F0EAFA70B30E9D2046394632464B4657
:10A27000022D28BF0225CDE900A80295FBF7C6FAFA
:10A2800020B34CF25841C2F200018C4222D04CF271
:10A29000AC42C2F2000294421CD04DF2AF34C0F680
:10A2A000020406462046132100F076F948F62045C0
:10A2B000C2F20005012028742046132100F06CF939
:10A2C000304615E0032004B0BDE8F087002004B05C
:10A2D000BDE8F08748F6204548F60C42C2F200057A
:10A2E0008C424FF00101C2F2000208BF15462974EA
:10A2F000E9680131E96004B0BDE8F0872DE9F0417B
:10A3000084B0984616460F46044607F095FA80B387
:10A310000C9DDDE90A10022D28BF0225CDE90010B1
:10A3200020463946324643460295FBF7E7FB20B309
:10A330004CF25841C2F200018C4222D04CF2AC42A5
:10A34000C2F2000294421CD04DF2AF34C0F60204B7
:10A3500006462046132100F01FF948F62045C2F2B8
:10A360000005012028742046132100F015F930461D
:10A3700015E0032004B0BDE8F081002004B0BDE882
:10A38000F08148F6204548F60C42C2F200058C42A6
:10A390004FF00101C2F2000208BF15462974E968B6
:10A3A0000131E96004B0BDE8F0810000B0B54CF2C5
:10A3B0005845C2F200050446A8420CD04CF2AC400D
:10A3C000C2F20000844206D04DF2AF30C0F6020067
:10A3D000132100F0E1F848F6204148F60C40C2F2A3
:10A3E0000001C2F200001031AC4208BF00F11001C0
:10A3F000087880F00100B0BD2DE9F04182B08846B8
:10A400000446104619461D461646F6F7F2FA20464F
:10A4100007F012FA60B3089F2046414632462B46A9
:10A42000022F28BF02270097FAF730FE20B34CF224
:10A430005841C2F200018C4222D04CF2AC42C2F22E
:10A44000000294421CD04DF2AF34C0F6020406461E
:10A450002046132100F0A0F848F62045C2F200057E
:10A46000012028742046132100F096F8304615E0AC
:10A47000032002B0BDE8F081002002B0BDE8F08109
:10A4800048F6204548F60C42C2F200058C424FF0D7
:10A490000101C2F2000208BF15462974E9680131C2
:10A4A000E96002B0BDE8F08170B54CF25846C2F2E6
:10A4B00000060446B0420D460CD04CF2AC40C2F24D
:10A4C0000000844206D04DF2AF30C0F602001321E6
:10A4D00000F062F848F6204148F60C40C2F2000154
:10A4E000C2F20000B44208BF01460D6070BD00001A
:10A4F0002DE9F04182B0984616460F46044607F013
:10A500009BF960B3089D2046394632464346022DEA
:10A5100028BF02250095FAF7F9FF20B34CF2584105
:10A52000C2F200018C4222D04CF2AC42C2F20002D4
:10A5300094421CD04DF2AF34C0F6020406462046C9
:10A54000132100F029F848F62045C2F20005012049
:10A5500028742046132100F01FF8304615E0032030
:10A5600002B0BDE8F081002002B0BDE8F08148F6FD
:10A57000204548F60C42C2F200058C424FF0010122
:10A58000C2F2000208BF15462974E9680131E9608A
:10A5900002B0BDE8F0810000054604200C4619F029
:10A5A000F3FDEFF3108072B64BF62C60C2F20000A0
:10A5B0008567C467FEE700004AF2B800C2F20000F7
:10A5C0000068002808BF704710B582B000F0F6FAA6
:10A5D000044618F02BFF4BF2C070C2F20000006876
:10A5E00048F2A061201AC0F20101884203D3022080
:10A5F000012118F0E1FE4BF68410C2F20000016860
:10A600000131016000F0DAFA4BF2B851C2F20001F8
:10A6100008604BF62C60C2F20000426A01324262CE
:10A62000002001900968032011F07EFB4BF2DC1042
:10A63000C2F20000006801A91DF07AFF019850B134
:10A640004EF60450CEF200004FF080510160BFF38F
:10A650004F8FBFF36F8F02B0BDE81040704700000E
:10A660004AF2B800C2F200000068002808BF704734
:10A6700080B582B04AF2B400C2F200000021006846
:10A68000019101A91EF082FB019850B14EF60450D1
:10A69000CEF200004FF080510160BFF34F8FBFF347
:10A6A0006F8F02B0BDE88040704700004AF2B800EA
:10A6B000C2F200000068002818BF012070470000A7
:10A6C00040F21851C2F20001096800291CBF0120A4
:10A6D000704740F21051C2F200010968401A18BFD9
:10A6E000012070474AF2B800C2F20000006800285A
:10A6F00008BF7047B0B582B04BF62C60C2F20000C4
:10A70000C16B4CF648540131C16343F22420C2F2BC
:10A71000000000250121C2F20004456680F86C109B
:10A720002046FEF787F84AF2BC01C2F2000120463B
:10A730006422FEF70DF84BF20060C2F200000068E0
:10A74000019501AD02210122002300951EF01AFEA1
:10A75000019850B14EF60450CEF200004FF08051F7
:10A760000160BFF34F8FBFF36F8F02B0BDE8B04001
:10A77000704700004AF2B801C2F2000109680029DE
:10A7800008BF70472DE9F04F9FB004460020642CAD
:10A790001E900FD943F22421C2F200014866012025
:10A7A00081F86C004BF62C60C2F20000816B013125
:10A7B0008163E1E0002C00F0DF800DF1080808F172
:10A7C0000A004AF2BC0943F22425019008F1040072
:10A7D0004FF0000AC2F20009C2F200054FF0000B70
:10A7E000009006E085F86CA00BF1010BA34500F08A
:10A7F000C38019F80B6000F0E1F9696E81B1AA6EAF
:10A800004DF29003821AC0F203039A4204D300214E
:10A810000122696685F86C200D2E04D105E000BF89
:10A8200000210D2E01D00A2E22D195F86C000128AE
:10A83000D8D00029D8D004396A18D07820282FD150
:10A84000C81C686612D09378202B2BD1881C6866B0
:10A850000CD05278202A25D1481C686606D06A5C44
:10A86000202A1FD169660439081DE5D1002019E0AE
:10A8700095F86C20002AB7D1A6F17F0212F15F0F84
:10A8800008D3632906D2002908BFA866481C686659
:10A890006E54A9E70120C5F864A085F86C00A3E711
:10A8A000081D00BF05F800A02F78C5F864A0002F90
:10A8B0009AD02846F5F7B4FF0646032808BF4F2F65
:10A8C00030D1687846282DD1A87846282AD1474625
:10A8D000EFF31088EFF3108072B640F21850C2F216
:10A8E0000000012101604BF2E410C2F2000040F2CE
:10A8F0001051C0F800A0C2F20001086801300860E1
:10A900004BF2BC70C2F20000006828B94BF62C6014
:10A91000C2F200000921C160002000F083F888F332
:10A920001088B84600986C21F6F785F840F2105070
:10A93000C2F200000068029000F040F90390019814
:10A9400029463246ADF81060F5F7D4FF4BF2EC1013
:10A95000C2F20000D0F8C80341461EAA00231EF030
:10A9600081F901283FF440AF4BF62C61C2F200019F
:10A97000886B0130886337E74CF648504AF2BC01D7
:10A98000C2F20000C2F200016422FDF7E1FE30B124
:10A990004BF62C60C2F20000C16B0131C1631E98FE
:10A9A00050B14EF60450CEF200004FF080510160DD
:10A9B000BFF34F8FBFF36F8F1FB0BDE8F04F7047ED
:10A9C0004AF2B800C2F200000068002808BF7047D1
:10A9D00080B582B04BF20060C2F200000021006836
:10A9E00001910DF1040C012101220023CDF800C0DA
:10A9F0001EF0C8FC019850B14EF60450CEF2000093
:10AA00004FF080510160BFF34F8FBFF36F8F02B0E3
:10AA1000BDE88040704700004CF20050C2F20000D8
:10AA2000FBF700BA7047000080B542F20800CEF292
:10AA300004000168022221F4805101604CF20050B0
:10AA400043F20001C2F20000C4F2000140F2E73319
:10AA500080E80E00FBF7B8F9002808BF80BDBDE80C
:10AA60008040F8F721BF000043F67401C4F20201F0
:10AA700008680A68C0F3407042F080720A6070474C
:10AA800070B5B2B04AF2B802C2F2000212680C46C7
:10AA90000546BAB3EFF3058030B14DF20D30C0F684
:10AAA00002002D21FFF778FD01AE3046C221F5F7F7
:10AAB000C2FF601E80B2BF2816D8B01C29462246AD
:10AAC000ADF80440F5F716FF4AF27050C2F20000EC
:10AAD000D0F8680C3146002200231DF093FF0128B6
:10AAE00002D1012032B070BD1DF030FC4BF62C605D
:10AAF000C2F20000016C013101641DF049FC00202C
:10AB000032B070BD4CF64850C2F2000029462246D1
:10AB10006423FEF79FFBB0FA80F0400932B070BDAD
:10AB2000F0B587B04CF69057C2F20007397824256B
:10AB30000446C4F2000571BB02A801A9FCF79EFA05
:10AB4000FCF7C2FA0599002243F64003002918BF1A
:10AB500001210092C4F202031E68884046F0010100
:10AB6000196019684DF68363C4F21B33A0FB03031D
:10AB700001F00100009000984FF0FF314FF080404D
:10AB800001EB934302606B60A960012145F8101C42
:10AB90002A600160397028682968091AA1420BD21D
:10ABA0002968091AA14207D22968091AA14203D2C9
:10ABB0002968091AA142EFD307B0F0BD4CF69050B6
:10ABC000C2F200000078012804D12420C4F2000061
:10ABD0000068704780B5F9F719FE4FF47A71484361
:10ABE00080BD0000B0B588B04CF69055C2F20005AB
:10ABF000287880BB03A802A9FCF740FAFCF764FAA6
:10AC00000699002243F64003002918BF0121019252
:10AC1000C4F202031C68884044F0010119601968FD
:10AC20004DF68363C4F21B33A0FB030301F0010064
:10AC3000019001984FF0FF3114244FF0804001EB58
:10AC40009343C4F2000402606361A16101212160A9
:10AC500022610160297008B0B0BD0000B0B584B0B9
:10AC60004CF2981042F2000101230024C2F20000CD
:10AC7000C4F201010125C0F6007303944FF4803241
:10AC8000057680F82040C0E90A34C56180F830407C
:10AC900080E81600C0E903444561F8F7A7FE0028E4
:10ACA00018BFF8F701FE1120CDE900054CF298100D
:10ACB000C2F2000069460294F8F7FEFD002818BFB2
:10ACC000F8F7F2FD04B0B0BDB0B584B04CF2E010BE
:10ACD00042F2002101230024C2F20000C4F201016B
:10ACE0000125C0F6007303944FF48032057680F896
:10ACF0002040C0E90A34C56180F8304080E8160081
:10AD0000C0E903444561F8F771FE002818BFF8F761
:10AD1000CBFD0820CDE900054CF2E010C2F20000A6
:10AD200069460294F8F7C8FD002818BFF8F7BCFD83
:10AD300004B0B0BD80B54CF2282046F20041C2F20A
:10AD40000000C4F200010322002380E80E0000F19D
:10AD50000C014FF4102C4FF4001E81E80850836161
:10AD60008383F9F761F8002808BF80BDBDE8804003
:10AD7000F8F79ABD80B54CF2502046F60001C2F2B9
:10AD80000000C4F200010322002380E80E0000F15D
:10AD90000C014FF4102C4FF4001E81E80850836121
:10ADA0008383F9F741F8002808BF80BDBDE88040E3
:10ADB000F8F77ABD80B582B0002043F630010190EB
:10ADC000C4F202010A6842F400120A600A6802F43E
:10ADD00000120192019A00900868002240F480005D
:10ADE00008600868002100F48000009000980C20A2
:10ADF000FBF7CAF80C20FBF7B5F80F200021002262
:10AE0000FBF7C2F80F20FBF7ADF838200521002230
:10AE1000FBF7BAF83820FBF7A5F83920002100220B
:10AE2000FBF7B2F83920FBF79DF83B200521002203
:10AE3000FBF7AAF83B2002B0BDE88040FBF792B8D0
:10AE40002DE9F04F87B0002543F630000695CDE997
:10AE50000455CDE902550195C4F20200016840F2A3
:10AE6000000941F0020101600168C4F2020901F029
:10AE70000201019101990195016809F5C05741F05E
:10AE8000400101600168012201F040010191019936
:10AE900001950168402641F001010160016801242B
:10AEA00001F00101019101990195016841F008014A
:10AEB0000160016801F008010191019901950168A3
:10AEC00041F004010160016801F004010191019960
:10AED0000195016841F480710160016801F480719D
:10AEE000019101990195016841F02001016001681B
:10AEF00001F02001019101990195016841F0800163
:10AF00000160016801F080010191019901950168DA
:10AF100041F0100101600068402100F01000019034
:10AF200001983846F9F76CFC4846102101224FF091
:10AF3000100BF9F765FC09F58068404645F2010100
:10AF40000122F9F75DFCCDE9026402AE38463146D4
:10AF5000CDE90444F9F784FB082002904FF4041A69
:10AF600038463146CDE903A4F9F77AFB4FF4441093
:10AF7000CDE90305484631460294F9F771FB0225F5
:10AF800048463146CDE902B404940595F9F768FBCB
:10AF90003020CDE9020A09F5006031460494F9F742
:10AFA0005FFB45F20100CDE9020440463146CDE9A0
:10AFB0000445F9F755FB06200A210022FAF7E4FFC1
:10AFC0000620FAF7CFFF092005210022FAF7DCFF5F
:10AFD0000920FAF7C7FF0A2005210022FAF7D4FF5B
:10AFE0000A20FAF7BFFF172005210022FAF7CCFF4D
:10AFF0001720FAF7B7FF07B0BDE8F08F80B54CF225
:10B00000584045F60001C2F20000C4F2000141F6CA
:10B01000802200234FF4804CC0F2060280E80E002C
:10B02000C0E9033CC0E90533C0E90733F9F778FF0D
:10B03000002808BF80BDBDE88040F8F735BC00009F
:10B0400080B54CF2AC4045F60041C2F20000C4F2BB
:10B05000000141F6802200234FF4804CC0F206022A
:10B0600080E80E00C0E9033CC0E90533C0E90733BE
:10B07000F9F756FF002808BF80BDBDE88040F8F70B
:10B0800013BC0000B0B54CF6182043F20001C2F228
:10B090000000C4F201014FF48272002380E80E0028
:10B0A00000F10C014FF0020C4FF0010E4FF4007450
:10B0B000382581E808500A21C0E90645C0E908336F
:10B0C000C0E90A31FCF7A4FA002808BFB0BDBDE80A
:10B0D000B040F8F7E9BB000080B54CF6702043F6AD
:10B0E0000001C2F20000C4F200014FF4827200239A
:10B0F0004FF4007C80E80E000A21C0E90333C0E968
:10B10000053CC361C0E90833C0E90A31FCF780FAA5
:10B11000002808BF80BDBDE88040F8F7C5BB00002F
:10B1200080B588B04CF6103044F200420021C2F2E3
:10B130000000C4F2010241F28733CDE90611CDE9E6
:10B140000411C0E90021C0E9021301618161FCF72B
:10B1500073FD002818BFF8F7A7FB4CF61030C2F2B9
:10B160000000FDF725FA002818BFF8F79DFB6020C6
:10B1700001900020CDE9020005904CF61030C2F29B
:10B18000000001A90022FDF709F9002818BFF8F70F
:10B190008BFB4CF61030C2F20000FDF71FF808B030
:10B1A00080BD000010B596B04CF6C82000220021EA
:10B1B000C2F20000C4F2010240F25F4340F2E73401
:10B1C0001591CDE913111191CDE90F11CDE90D11B3
:10B1D000CDE90B11CDE90911CDE90711CDE9051133
:10B1E000CDE90311CDE90111C0E90023C0E9021442
:10B1F000C0E904118161FCF71FFD002818BFF8F7B2
:10B2000053FB4FF4805012904CF6C820C2F200005D
:10B2100012A9FCF75DFE002818BFF8F745FB4CF6B5
:10B22000C820C2F20000FDF7C3F9002818BFF8F7E4
:10B230003BFB4CF6C8200024C2F2000010A9CDE967
:10B240001044FCF79DFC002818BFF8F72DFB602088
:10B2500009904FF4FA60CDE90A044CF6C820C2F216
:10B26000000009A90022CDE90C44CDE90E44FDF708
:10B2700095F8002818BFF8F717FB00200A904CF645
:10B28000C820C2F2000009A90422FDF787F80028AF
:10B2900018BFF8F709FB4FF4FA600A904CF6C82083
:10B2A000C2F2000009A90822FDF778F8002818BFAB
:10B2B000F8F7FAFA4CF6C820C2F2000009A90C22ED
:10B2C000FDF76CF8002818BFF8F7EEFA002005909B
:10B2D000CDE90300CDE901004FF4005108904CF690
:10B2E000C8200691C2F2000001A9FCF723FC002847
:10B2F00018BFF8F7D9FA4CF6C820C2F20000FCF7E4
:10B300006DFF16B010BD000010B58EB04CF6583071
:10B3100040F600020021C2F20000C4F2000245F231
:10B3200007230D91CDE90B110991CDE90711CDE965
:10B330000511CDE90311CDE90111C0E90021C0E9F2
:10B34000021301618161FCF777FC002818BFF8F750
:10B35000ABFA4FF480500A904CF65830C2F200001D
:10B360000AA9FCF7B5FD002818BFF8F79DFA4CF6BE
:10B370005830C2F20000FDF71BF9002818BFF8F79B
:10B3800093FA4CF658300024C2F2000008A9CDE927
:10B390000844FCF7F5FB002818BFF8F785FA602091
:10B3A000CDE901044CF65830C2F2000001A9082290
:10B3B00003940594FCF7F2FF002818BFF8F774FA1D
:10B3C0004CF65830C2F20000FCF708FF0EB010BD7A
:10B3D00010B58EB04CF6A03040F600420021C2F20B
:10B3E0000000C4F200024FF6FF730D91CDE90B117E
:10B3F0000991CDE90711CDE90511CDE90311CDE999
:10B400000111C0E90021C0E9021301618161FCF76B
:10B4100013FC002818BFF8F747FA4FF480500A9041
:10B420004CF6A030C2F200000AA9FCF751FD00283A
:10B4300018BFF8F739FA4CF6A030C2F20000FDF759
:10B44000B7F8002818BFF8F72FFA4CF6A030002400
:10B45000C2F2000008A9CDE90844FCF791FB0028DE
:10B4600018BFF8F721FA6020CDE901044CF6A030AE
:10B47000C2F2000001A9002203940594FCF78EFF9C
:10B48000002818BFF8F710FA4CF6A030C2F20000FE
:10B4900001A90422FCF782FF002818BFF8F704FA7C
:10B4A00042F2107002904CF6A030C2F2000001A9E6
:10B4B0000822FCF773FF002818BFF8F7F5F94CF6DF
:10B4C000A030C2F20000FCF789FE0EB010BD0000F3
:10B4D00080B582B04CF6E83041F200020021C2F2A1
:10B4E0000000C4F20002D12340F2E73CCDE9001194
:10B4F000C0E90023C0E9021C8161FCF79DFB002824
:10B5000018BFF8F7D1F94CF6E830C2F200006946EE
:10B51000FCF736FB002818BFF8F7C6F902B080BD6B
:10B5200010B596B04CF6784040F200420021C2F2CD
:10B530000000C4F20102A72344F61F641591CDE96F
:10B5400013111191CDE90F11CDE90D11CDE90B11B9
:10B55000CDE90911CDE90711CDE90511CDE90311B7
:10B56000CDE90111C0E90023C0E90214C0E90411CA
:10B570008161FCF761FB002818BFF8F795F94FF4DB
:10B58000805012904CF67840C2F2000012A9FCF7ED
:10B590009FFC002818BFF8F787F94CF67840C2F2F4
:10B5A0000000FDF705F8002818BFF8F77DF94CF604
:10B5B00078400024C2F2000010A9CDE91044FCF745
:10B5C000DFFA002818BFF8F76FF9602009904FF4F0
:10B5D000FA60CDE90A044CF67840C2F2000009A9ED
:10B5E0000022CDE90C44CDE90E44FCF7D7FE00283B
:10B5F00018BFF8F759F94CF67840C2F2000009A9D3
:10B600000422FCF7CBFE002818BFF8F74DF94CF6E2
:10B610007840C2F2000009A90822FCF7BFFE00280A
:10B6200018BFF8F741F900200590CDE90300CDE9F6
:10B6300001004FF4005108904CF678400691C2F298
:10B64000000001A9FCF776FA002818BFF8F72CF9DA
:10B650004CF67840C2F20000FCF7C0FD16B010BDF9
:10B6600080B54CF6C04041F20001C2F20000C4F2C5
:10B6700001014FF41652002380E80E0000F10C0186
:10B680004FF4806C4FF00C0E81E80850C0E906338F
:10B69000FDF7A0FC002808BF80BDBDE88040F8F79A
:10B6A00003B9000080B54CF6045044F60001C2F224
:10B6B0000000C4F2000148F2A06200234FF00C0C1D
:10B6C000C0F2010280E80E00C0E90333C0E905C3FF
:10B6D000C361FDF77FFC002808BF80BDBDE8804046
:10B6E000F8F7E2B810B54CF6485041F2004CC2F2FF
:10B6F0000000C4F2010C4FF4E1324FF480530021FA
:10B700004FF4806E0C24C0E900C2C0E90231C0E9E8
:10B7100004E4C0E90611FDF75DFC002808BF10BD78
:10B72000BDE81040F8F7C0B880B54BF6BC6040F2F9
:10B730004001C2F20000C2F20001002200F09EFFB0
:10B74000002818BFF8F7B0F84BF6BC6040F24C1177
:10B75000C2F20000C2F2000101F0F2F9002818BFA5
:10B76000F8F7A2F84BF6BC6040F2E811C2F2000014
:10B77000C2F2000100F0CAFC002818BFF8F794F8E4
:10B780004BF6BC60C2F2000001F004FA002808BFCA
:10B7900080BDBDE88040F8F787B80000FEE70000F4
:10B7A000704700004CF20C50C2F20000FAF7D0BD16
:10B7B000EFF30980BFF36F8F154B1A681EF0100F5F
:10B7C00008BF20ED108A20E9F04F10602DE9090034
:10B7D0004FF0500080F31188BFF34F8FBFF36F8F8E
:10B7E0001CF076FF4FF0000080F31188BDE80900DF
:10B7F00019680868B0E8F04F1EF0100F08BFB0ECF1
:10B80000108A80F30988BFF36F8F704700BF00BFB5
:10B8100094CD00204CF67020C2F20000FBF76CBE05
:10B82000806B0021C187C186FBF764BE2DE9F04320
:10B8300081B01E4690460D468146F8F7E7FF301A64
:10B8400000EB0807F8F7E2FF40F24811C2F20001EE
:10B850000968C1F3CB3179430091D9F800108A68A7
:10B860002A40AA421AD1064608F1010404E000BFAA
:10B8700088682840A84211D1002CF9D0F8F7C6FFFB
:10B88000801BB8420ED2009800990028A1F1010156
:10B890000091D9F8001008BF0746E9E7002001B081
:10B8A000BDE8F083D9E900014268B1F5827F22F05A
:10B8B000E00242600BD1D9F80810B1F5004F02D078
:10B8C000B1F5806F03D1016821F040010160D9F822
:10B8D0002810B1F5005F07D1016821F40051016023
:10B8E000016841F400510160012089F851000020F5
:10B8F00089F85000032001B0BDE8F083000000008B
:10B90000074B19680868B0E8F04F80F30988BFF367
:10B910006F8F4FF0000080F31188704700BF00BFA9
:10B9200094CD002080B51DF0D1FD012808BF80BD59
:10B93000BDE880401CF0ECBF70B592B006AC20466C
:10B940003021F5F778F8002543F640000595CDE95C
:10B950000355CDE901550095C4F2020001680226A5
:10B9600041F080510160006800F080500090009824
:10B9700047F200000095C4F20000016841F48041E4
:10B980000160006800F48040009000980920069053
:10B990004FF48030079001200B904FF480000D9001
:10B9A00006200E90A820CDE90F0607201190204612
:10B9B0000C96FBF7E7FB30B14CF60860C0F60200CE
:10B9C0000021FEF7E9FD0F20CDE901064FF4A0505C
:10B9D00004904FF48050059001A805210395FBF7D2
:10B9E0009DFA30B14CF60860C0F602000021FEF767
:10B9F000D3FD12B070BD00004EF68850CEF20000AC
:10BA000001684FF0000C41F47001016043F6000141
:10BA1000C4F202010A6842F001020A60C1F808C0DB
:10BA20000B684FF6FF72CFF6F6621A400A6043F2D7
:10BA30001002C2F200424A600A6822F480220A60C0
:10BA4000C1F80CC04FF0006140F8801C7047000046
:10BA50004CF6C820C2F20000FCF70ABB80B54CF6D9
:10BA6000C820C2F20000FCF703FB4CF61030C2F213
:10BA70000000BDE88040FCF7FBBA00004CF6E8305F
:10BA8000C2F20000FCF7F4BA4CF63040C2F20000FB
:10BA9000FCF7EEBA10B540F6FF3E0368C4F2000EA4
:10BAA00040F2004C7045C4F2010C0FDCB0F1804F45
:10BAB00019D040F20042C4F20002904213D040F686
:10BAC0000002C4F2000290420DD010E040F60042A5
:10BAD000C4F20002904206D0604504D00022C4F2B5
:10BAE0000102904203D14A6823F07003134341F6E8
:10BAF000FF72C4F2000290420FDC704521DCB0F10D
:10BB0000804F41D040F20042C4F2000290423BD04C
:10BB100040F60002C4F2000234E043F6FF72C4F2C1
:10BB2000010290421EDC42F20002C4F20002904286
:10BB30002AD00022C4F20102904225D0604523D0D1
:10BB400026E040F60042C4F2000290421CD041F6CA
:10BB50000002C4F20002904216D041F60042C4F244
:10BB600000020FE044F20002C4F2010290420BD046
:10BB700044F60002C4F20102904205D044F20042B1
:10BB8000C4F20102904203D1CA6823F44073134304
:10BB900023F080024B69D1F800E08C681A43026000
:10BBA000C46240F48062C0F828E0624504BF0969BD
:10BBB00001630121416110BD806B0021C185C184F9
:10BBC000FCF756BF81B090F83E10222920D183683F
:10BBD0000246B3F5805F08D152F8281F52F8183C8E
:10BBE000002B61D003685B6809E052F8281F13B985
:10BBF0000369002BF6D003685B6803F07F030B70CA
:10BC0000116801311160C18D01390A04C18501D06B
:10BC100001B070470168CA6822F02002CA60CA6891
:10BC200022F48072CA604A6922F001024A6120212E
:10BC300080F83E10016B01293ED10021016300BF55
:10BC4000016851E8031F026821F0100142E8031364
:10BC5000DBB1016851E8031F026821F0100142E8DE
:10BC6000031393B1016851E8031F026821F010012A
:10BC700042E803134BB1016851E8031F026821F049
:10BC8000100142E80313002BDAD101680A68D206DA
:10BC900006D5002200920A68009249680091009936
:10BCA000818D01B0FCF7BCBD026852686FF35F2262
:10BCB00021F8022B8162A6E701B0FDF7C9BA0000A6
:10BCC000B0B50446006804F108030ECB05691943BA
:10BCD00025F440552A4302616269E3691143C26851
:10BCE000194349F20C639A431143C1604169A26947
:10BCF00021F4407141F20043114340F48062C4F2E8
:10BD000001039A42416102D1FBF7F2F901E0FBF72E
:10BD1000DBF9E1694FF69C7563681922C0F6FF757F
:10BD2000B1F5004FA0FB02011CD15A00DB0FF4F764
:10BD300038FB48F21F51C5F2EB11A0FB01235A0951
:10BD400005F1805302FB0300322303EBC000A0FB8C
:10BD500001014FF4F87000EA111000EB0210C1F37A
:10BD6000421118E09A009B0FF4F71BFB48F21F5199
:10BD7000C5F2EB11A0FB01235A0902FB0500322397
:10BD800003EB0010A0FB0101F02000EA511000EBD2
:10BD90000210C1F34311084421688860B0BD00005F
:10BDA0004CF6C040C2F20000FCF76CBE4CF64850A6
:10BDB000C2F20000FCF766BED0F8D42200EB820C81
:10BDC000DCF8C032002B04BF03207047B0B501F08F
:10BDD0000F0404EB840200EB820E5EF8182F5AB1B8
:10BDE000D0F8C85204EBC40405EB8404A46CB2FB85
:10BDF000F4F505FB142292B10020C3F81402DCF81C
:10BE0000C422D2F810C0BCF1000F08BFB0BDD3F8F7
:10BE100008020A4603F50471E0470020B0BD002285
:10BE20000023CEF8002000F06DFE0020B0BD000021
:10BE3000B0B5D0F8D42200EB8202D2F8C05295B14E
:10BE4000044600F0FBFCD4F8D412C5F80C0204EB55
:10BE50008101D1F8C412D5F80402CA6805F503714E
:10BE600090470020B0BD0320B0BD000070B5812117
:10BE7000044600F02BFC002520460121258700F018
:10BE800025FC20468221A4F8785100F01FFCD4F84C
:10BE9000D402E56404F5307656F8201089B104EB3D
:10BEA0008000D0F8C40240688047D4F8D40256F825
:10BEB000200001F0E1F8D4F8D40246F82050C4F88C
:10BEC000BC52002070BD000010B5D0F8D41200EBB9
:10BED0008100D0F8C04284B1D0F8C41259B194F8AE
:10BEE0000002FF2807D08B6894F80122214698476A
:10BEF000FF2084F80002002010BD032010BD0000C8
:10BF0000014640F2C8100A22C2F200000A807047BF
:10BF1000F0B581B040F28417C2F2000704463846FB
:10BF2000822100F0FFFA06463846012100F0FAFAB5
:10BF300005463846812100F0F5FA002E1CBF10217D
:10BF4000B171002D1CBF4021A98000281CBF4021D9
:10BF50008180432140F28410C2F20000218001B0B0
:10BF6000F0BD0000F0B581B040F28417C2F20007C6
:10BF700004463846822100F0D5FA064638460121AB
:10BF800000F0D0FA05463846812100F0CBFA002EA9
:10BF90001CBF1021B171002D1CBF4FF40071A9808E
:10BFA00000281CBF4FF400718180432140F28410AF
:10BFB000C2F20000218001B0F0BD0000F0B581B0F8
:10BFC00040F28417C2F2000704463846822100F08E
:10BFD000A9FA06463846012100F0A4FA054638467B
:10BFE000812100F09FFA002E1CBF1021B171002D9D
:10BFF0001CBF4021A98000281CBF40218180432113
:10C0000040F28410C2F20000218001B0F0BD0000B7
:10C010002DE9F04104464FF4077001F02FF8002895
:10C0200050D04FF407710546F4F705FDD4F8D4025B
:10C03000402704EB8000C0F8C052207CC4F8BC52FA
:10C04000002808BF4FF400772046812102223B469A
:10C05000022600F073FC4FF0010820460121022265
:10C060003B46A4F8388000F069FC1020A4F84E008C
:10C070002046822103220823A4F8788100F05EFC88
:10C08000D4F8D4020027C5F8047204EB8000D0F87D
:10C09000C402A4F84C8000688047C5F81472C5F843
:10C0A0001872D5F8042252B1207C012100282046C4
:10C0B00014BF40234FF4007300F054FC00263046B8
:10C0C000BDE8F081D4F8D402002104EB8000C0F870
:10C0D000C0120220BDE8F081D0F8D41200EB81013B
:10C0E000D1F8C012002904BF0320704780B590F832
:10C0F00010C0D1F8042240230121BCF1000F08BF79
:10C100004FF4007300F02EFC002080BD00290FBF0B
:10C110000320D0F8D42200EB8200C0F8C41218BF6C
:10C1200000207047D0F8D42200EB8200D0F8C00283
:10C1300000280EBF0320C0F8041200207047000042
:10C14000D0F8D43200EB8300D0F8C00200280FBF33
:10C150000320C0F80812C0F8102200207047000029
:10C16000F0B581B0D0F8D42200EB8203D3F8C042FE
:10C170000022002C8DF80320ADF8002054D00D785B
:10C1800015F0600214D0202A4CD1CA881AB36DB2BF
:10C19000B5F1FF3F27DD4978402A84F80012214697
:10C1A00028BF402284F8012200F06CF800243CE013
:10C1B0004A780B2A36D80024DFE802F006373434F8
:10C1C000343434343434253090F89C22032A29D175
:10C1D000694602221EE0D3F8C40200228368487830
:10C1E0000024984721E0D3F8C43206469D684B7876
:10C1F0000F4618462146A847FA883046072A28BF26
:10C200000722214606E090F89C22032A0AD10DF16C
:10C210000301012200F050F8002406E090F89C226F
:10C22000032A02D000F022F80324204601B0F0BD1A
:10C2300080B5D0F8B82252689047002818BF032074
:10C2400080BD0000002070470020704780B5134675
:10C250000A46002100F086FB002080BD80B5134611
:10C260000A46002100F04EFC002080BD10B5802160
:10C27000044600F019FC20460021BDE8104000F003
:10C2800013BC000080B513460A460321C0F894127F
:10C290000021C0E9563300F065FB002080BD00009E
:10C2A00080B50521C0F8941200210022002300F07F
:10C2B00059FB002080BD000080B513460A460221CC
:10C2C000C0F894120021C0E9063300F01BFC0020E6
:10C2D00080BD000080B50421C0F894120021002226
:10C2E000002300F00FFC002080BD000010B540F6D8
:10C2F000AC74C2F200040A4602A0214600F054F9D0
:10C30000204610BD43444320436F6E6669670000BA
:10C3100040F2D4101222C2F200000A8070470000DE
:10C3200010B540F6AC74C2F200040A4602A02146E1
:10C3300000F03AF9204610BD43444320496E74652D
:10C34000726661636500000040F2FC100422C2F2D4
:10C3500000000A807047000010B540F6AC74C2F2CD
:10C3600000040A4602A0214600F01EF9204610BD36
:10C3700053544D6963726F656C656374726F6E6957
:10C380006373000010B540F6AC74C2F200040A46B4
:10C3900002A0214600F008F9204610BD53544D3349
:10C3A00032205669727475616C20436F6D506F72E4
:10C3B0007400000047F61020C1F6FF700268836821
:10C3C0004FF01A0C9B18A1F800C000F0A680B0B581
:10C3D0004FF0370C1A0F0CEB13714068B3F1204F7C
:10C3E00038BF02F1300140F20022C2F20002917027
:10C3F00019014FF0000E0CEB117582F803E0C3F346
:10C400000364B1F1204F38BF04F1300519021571F2
:10C410000CEB117582F805E0C3F30354B1F1204F22
:10C4200038BF04F13005190395710CEB117582F8D2
:10C4300007E0C3F30344B1F1204F38BF04F13005E6
:10C44000190415720CEB117582F809E0C3F303347B
:10C45000B1F1204F38BF04F13005190595720CEB8E
:10C46000117582F80BE0C3F30324B1F1204F38BFFC
:10C4700004F1300519061573C3F303140CEB1175A1
:10C48000B1F1204F4FEA037103F00F0382F80DE082
:10C4900038BF04F1300503F13704957382F80FE0DB
:10C4A000B1F1204F38BF03F13004010F0CEB1073D2
:10C4B000147482F811E0B0F1204F38BF01F130035D
:10C4C00001010CEB1174937482F813E0C0F3036361
:10C4D000B1F1204F38BF03F1300401021475C0F3ED
:10C4E00003530CEB1174B1F1204F4FEA003182F885
:10C4F00015E038BF03F130040CEB1173947582F82A
:10C5000017E0C0F30340B1F1204F38BF00F1300312
:10C51000137682F819E0BDE8B04040F20020C2F284
:10C5200000007047B0F802C003789C459CBF002013
:10C53000704780B508E000BF82788A4208BF80BD9E
:10C5400073449AB262452DD290F800E0704442786C
:10C55000052A02D182788A4225D073449AB2624574
:10C5600020D290F800E070444278052A02D1827807
:10C570008A4218D073449AB2624513D290F800E010
:10C5800070444278052A02D182788A420BD07344E3
:10C590009AB2624506D290F800E070444278052ACB
:10C5A000CAD0CDE7002080BD002808BF704710B575
:10C5B0000378ABB100F1020E4FF0000C1EF8013C05
:10C5C0008BB19EF800308BB19EF801308BB19EF894
:10C5D00002300CF1040C002B0EF1040EEED10AE037
:10C5E0004FF0000C07E04CF0010C04E04CF0020CA2
:10C5F00001E04CF0030C5FFA8CFC022303EB4C03CC
:10C60000138003220B704A7003789BB3023002221E
:10C610004FF0000C5FFA82FE51FA82F401F80E30FE
:10C6200084F801C010F8013C23B3941C5FFA84FE27
:10C6300051FA84F401F80E3084F801C00378CBB1CC
:10C64000141D5FFA84FE51FA84F401F80E3084F868
:10C6500001C0437873B1941D5FFA84FE51FA84F4EB
:10C6600001F80E3084F801C083780832002B00F105
:10C670000400CFD1BDE8104070470000002804BF7F
:10C68000032070470023C0F8B832C0F8C432002934
:10C69000C0F8D03218BFC0F8B412012180F89C1243
:10C6A000027000F0CFB8000080B5D0F8C802F9F7EA
:10C6B0005DFD40F20032C100C0F2013222FA01F108
:10C6C000032888BF0321C8B280BD000080B5D0F820
:10C6D000C802F9F723FD40F20032C100C0F2013276
:10C6E00022FA01F1032888BF0321C8B280BD0000EF
:10C6F000B0B581B190F89C22032A50D1D0F8B8226D
:10C700005269002A4BD00023C0F8D4329047002849
:10C7100008BF0020B0BDD0F89412022938D1D0E96A
:10C72000071399420DD9CB1A11461A46C361044624
:10C73000FFF794FD204600210022002300F012F9AB
:10C7400025E00FD182698A420CD3D0F898128A4230
:10C7500008D20021002204460025FFF77FFDC4F81F
:10C760009852E7E790F89C12032909D1D0F8B81243
:10C77000C96829B10022C0F8D4220446884720465F
:10C780008021044600F090F92046FFF789FD2046FD
:10C7900090F8A01200291CBF002180F8A0120020F0
:10C7A000B0BD000010B579B190F89C22032A1DD1CC
:10C7B000D0F8B8229269CAB10023C0F8D4329047A9
:10C7C000002808BF002010BDD0F8941203290DD115
:10C7D000D0E9571399420BD9C91AC0F85C11994294
:10C7E00038BF0B4611461A46FFF730FD002010BD3A
:10C7F00090F89C12032909D1D0F8B812096929B11F
:10C800000022C0F8D422044688472046FFF762FD84
:10C81000002010BD00207047012180F89C12D0F844
:10C82000B812002904BF0020704780B54A6801791A
:10C830009047002818BF032080BD0000D0F8C80230
:10C84000F9F7C4BC017809B10020704710B54CF26B
:10C850000C51C2F20001C1F80805C0F8C8124FF02F
:10C86000A0400422C1E9000202200022C1E9030223
:10C87000C1E906020846C1E90822C1E90B22FAF71C
:10C88000B9F9002818BFF7F70FF84CF20C54C2F2B0
:10C89000000420468021F9F7B5FB20460021402204
:10C8A000F9F7B4FB204601218022F9F7AFFBBDE880
:10C8B0001040002070470000D0F8C80201F07F034C
:10C8C0004AB203EBC30301EBC10100EB830300EBAE
:10C8D000810000F27E20002A48BF03F13E0000786C
:10C8E00070470000D0F8D42200EB8202D2F8B822C0
:10C8F000002A04BF0320704790F89C32032B05D117
:10C90000126A1AB180B59047002080BD00207047A0
:10C91000D0F8D42200EB8202D2F8B822002A04BF59
:10C920000320704790F89C32032B05D1526A1AB14C
:10C9300080B59047002080BD0020704780B59446A8
:10C94000D0F8C8021A466346F9F74AFC40F20032B2
:10C95000C100C0F2013222FA01F1032888BF03218D
:10C96000C8B280BD80B5D0F8C802F9F771FC40F2BA
:10C970000032C100C0F2013222FA01F1032888BF5F
:10C980000321C8B280BD0000F0B581B001260025AA
:10C9900080F89C62C0F8945204464560D0F8B80212
:10C9A000C4F8A45284F8A05240B1426832B1204683
:10C9B000002190470546002818BF03252046002186
:10C9C000002240234027FFF7B9FF204680210022A4
:10C9D0004023A4F86461C4F86071FFF7AFFFA68438
:10C9E0002846276201B0F0BD90F89C12042904BFCC
:10C9F00090F89D1280F89C120020704790F89C12CD
:10CA0000032908D1D0F8B81229B1C96919B180B584
:10CA10008847BDE8804000207047000002460020A3
:10CA20001174704780B5D0F8C802FAF71FFA40F2C7
:10CA30000032C100C0F2013222FA01F1032888BF9E
:10CA40000321C8B280BD0000B0B500F2AA2405469B
:10CA5000204600F069F80121C5F8941295F8AA1251
:10CA6000B5F8B03201F01F02022AC5F898320ED094
:10CA7000012A06D08AB928462146BDE8B04000F018
:10CA80008BB828462146BDE8B04000F0BDBA284624
:10CA90002146BDE8B04000F015BA01F080012846FB
:10CAA000BDE8B040AFF3008080B5D0F8C802F9F718
:10CAB000F5FB40F20032C100C0F2013222FA01F16E
:10CAC000032888BF0321C8B280BD000080B5D0F81C
:10CAD000C802FAF7E9F940F20032C100C0F20132AF
:10CAE00022FA01F1032888BF0321C8B280BD0000EB
:10CAF000014690F89C02042281F89D02002081F8F2
:10CB00009C22704780B5D0F8C802F9F7FFFB40F2CD
:10CB10000032C100C0F2013222FA01F1032888BFBD
:10CB20000321C8B280BD00000A7802704A784270C2
:10CB30004A8842808A888280C988C1807047000004
:10CB400010B582B004460020ADF80600B1B1D4F8AB
:10CB5000D42204F52E70C4F8B81250F82200C16A2D
:10CB600021B10DF106008847C4F8D002D4F8D802EC
:10CB70000130C4F8D802002002B010BD032002B07A
:10CB800010BD0000D0F8B822002A04BF0020704772
:10CB900012681047FFF79ABF0A78C2F34112531E7A
:10CBA000022B07D2D0F8D42200EB8202D2F8B822AE
:10CBB0009268104770B582B0002A40F0BA804A7877
:10CBC000092A00F2B680DFE802F0052CB44FB45811
:10CBD00077B41A3C90F89C22013A022A00F2A9800C
:10CBE000C988022940F0A580D0F8A41203220029A8
:10CBF00008BF0122014641F80C2F02224AE1C988F0
:10CC0000012940F0968090F89C124A1E022A80F07A
:10CC10008B800024014641F8084F0122FFF74CFBAE
:10CC200090E090F89C22013A022A00F28280498822
:10CC30000024012940F08680C0F8A442FFF74AFB97
:10CC400080E0498840F6A875C2F2000511F0FE0F99
:10CC5000297047D080210446FFF726FF2046002197
:10CC6000FFF722FF03246DE04A88022A58D0012AE8
:10CC70005FD10121C0F8A41213E18A88002A58D19B
:10CC8000CA88002A55D14D887F2D52D890F89C1221
:10CC900003294ED0E9B280F89E520446FFF7C2FE47
:10CCA00020462646FFF716FB002D14BF0220012068
:10CCB00086F89C02002445E04A884FF0FF3303EBDE
:10CCC00012230026062BADF8066000F2E780DFE8AD
:10CCD00003F004493CE5E55865000D46D0F8B41270
:10CCE0000A68C6E090F89C22032A66D0022A40F027
:10CCF00088800A0600F0D58001F00102C9B24260C6
:10CD00000546FFF73FFF002800F0968004462846BE
:10CD10008021FFF7C9FE28460021FFF7C5FE6CE021
:10CD2000497980F8A012BCE0032902D1011D01223B
:10CD3000B0E080210446FFF7B7FE20460021002422
:10CD4000FFF7B2FE204602B070BDD2B2052A00F253
:10CD5000A580DFE802F003857D817989D0F8B422CF
:10CD6000526884E00D46017C0446D0F8B8020029E0
:10CD70000CBF816AC16A0DF1060088470146022096
:10CD800019E0027C002A40F089800446D0F8B802FD
:10CD90000D46416B0DF1060088476FE0027C002ACA
:10CDA0007CD10446D0F8B8020D46016B0DF10600A7
:10CDB000884701460720487061E00A062FD0426884
:10CDC00001F001018A426CD0D1B20446FFF730FA7B
:10CDD0002978204661602546FFF7D4FE00286ED0F2
:10CDE000044628468021FFF75FFE28460021FFF712
:10CDF0005BFE29792846FFF71BFA022085F89C0282
:10CE0000A0E780210446FFF74FFE20460021FFF7F0
:10CE10004BFE29782046FFF70BFA032492E7022104
:10CE200080F89C120024002144600546FFF700FAB8
:10CE30002846FFF74FFA85E72846FFF74BFA03200D
:10CE400085F89C0200247DE7D0F8B42252690EE0F8
:10CE5000D0F8B422D2680AE0D0F8B422126906E011
:10CE6000D0F8B422926802E0D0F8B4229269AAB154
:10CE70000D460446007C0DF1060190470146EA8804
:10CE800072B1BDF8063083B1934238BF1A46ADF88F
:10CE900006202046FFF710FA002453E7044605E079
:10CEA0002046FFF717FA00244CE720468021FFF7C1
:10CEB000FBFD20460021FFF7F7FD002442E728464E
:10CEC000EFE7000070B50A780D46C2F34112097908
:10CED000531E022B044605D22046FFF7B3F9D8B102
:10CEE000002070BDE2BB687888B3012821D00328F8
:10CEF00036D194F89C0203281FD1688838B911F004
:10CF00007F0004D0E88810B92046FFF7CDFD204609
:10CF1000FFF7E0F9002070BDD4F8B8028268002065
:10CF2000002AC4F8D402DBD020462946BDE8704070
:10CF3000104794F89C0203281CD0022810D1480600
:10CF40000ED02046FFF7B0FD204680210EE094F879
:10CF50009C0203281ED0022808BF5FEA41603FD030
:10CF600020468021FFF7A0FD20460021FFF79CFD11
:10CF7000002070BD68880028B2D10E46480603D054
:10CF800020463146FFF790FB2046FFF7A3F92046E5
:10CF90003146A2E701F00F0000EB8000802904EB8E
:10CFA00080002CBF808CB0F864010028D8D001F03C
:10CFB0007F0000EB800004EB800000F1140501EB22
:10CFC000810004EB8000802938BF00F5AA7548066F
:10CFD00011D02046FFF770FC002818BF01200BE09D
:10CFE00008064FF0140058BF4FF4AA700022211811
:10CFF0002250204603E000202860204629460222D5
:10D00000FFF75AF9002070BDB0B50A7802F060024F
:10D01000602A08D090F89C22013A022A03D88A8814
:10D0200012F0FE0F0AD080210446FFF73DFD204696
:10D0300000210024FFF738FD2046B0BD0C46D1B2D8
:10D040000546FFF701F908B10320B0BDD5F8B812C5
:10D050008A68002AF8D000212846C5F8D412214653
:10D060009047E1880446002908BF002CE4D12846F7
:10D07000FFF730F90020B0BD7047000041F2AC105E
:10D08000C2F200007047000010B50A784B78D0F863
:10D090001CE802F00F04012B4FEA421C17D10123B8
:10D0A000A34043EA0E03C0F81C386044D0F80039AE
:10D0B0001B0427D4CB6800F51060097904686FF36E
:10D0C000DF2343EA814144EA8252114315E04FF4E1
:10D0D0008032A24042EA0E02C0F81C286044D0F818
:10D0E000002B12040ED4CA6800F5306009796FF382
:10D0F000DF22036842EA8141194341F0805141F443
:10D1000000410160002010BD0146D0F8000940F246
:10D11000FF729043C1F80009D1F8040840F480720E
:10D120000020C1F80428704782B00499DDF808C0D7
:10D13000012940F64051C0F203016FD1826B4FF6D6
:10D14000BF7322F480328263C268CFF6BD731A4087
:10D15000C260C2680B9B22F44012012BC26003D153
:10D16000C26842F48012C26000220092009A01322A
:10D170000092009A8A4200F2A9800269002A1ED415
:10D18000009A01320092009A8A4200F29F8002695E
:10D19000002A14D4009A01320092009A8A4200F2C6
:10D1A00095800269002A0AD4009A01320092009AFE
:10D1B0008A4200F28B800269B2F1FF3FD6DC002286
:10D1C0000092026942F001020261009A013200926B
:10D1D000009A8A427AD80269D2071AD0009A01329C
:10D1E0000092009A8A4271D80269D20711D0009A3F
:10D1F00001320092009A8A4268D80269D20708D0A8
:10D20000009A01320092009A8A425FD80269D207DE
:10D21000DBD10021BCF1010F71D168E0C268089B2D
:10D2200042F04002C26000220192019A0132019252
:10D23000019A8A424FD80269002A1BD4019A01320E
:10D240000192019A8A4246D80269002A12D4019AB0
:10D2500001320192019A8A423DD80269002A09D41A
:10D26000019A01320192019A8A4234D80269B2F1DC
:10D27000FF3FDADC00220192026942F00102026102
:10D28000019A01320192019A8A4224D80269D20796
:10D290001AD0019A01320192019A8A421BD802697E
:10D2A000D20711D0019A01320192019A8A4212D812
:10D2B0000269D20708D0019A01320192019A8A428A
:10D2C00009D80269D207DBD1002105E00321BCF1B6
:10D2D000010F14D10BE00321826B002B14BF22F449
:10D2E000803242F480328263BCF1010F07D1826840
:10D2F00042F006028260826842F0200282600846A4
:10D3000002B0704710B54A7891F800E047F6000C7B
:10D31000CEF6334C012A4FEA4E1226D10244D2F8FF
:10D32000001902F51063B1F1FF3F4FF0010407DC73
:10D33000196841F000611960196841F08041196075
:10D340000EF00F01D0F83C2804FA01F18A43C0F82E
:10D350003C28D0F81C2822EA0101C0F81C181868E3
:10D3600000EA0C010020196010BD811801F530633E
:10D37000D1F8001B0CF1707CB1F1FF3F4FF4803409
:10D38000DEDCD5E70146D0F8000E20F00300C1F83E
:10D39000000ED1F8040820F002020020C1F8042891
:10D3A000704700000146D0F8000E20F00300C1F8DD
:10D3B000000ED1F8040840F002020020C1F8042851
:10D3C000704700002DE9F04F83B0DDF84C800E9FD0
:10D3D0000022B8F1000F00F5006BC0F80421C0F87E
:10D3E0000821C0F80C21C0F81021C0F81421C0F8A1
:10D3F0001821C0F81C21C0F82021C0F82421C0F851
:10D400002821C0F82C21C0F83021C0F83421C0F800
:10D410003821C0F83C2107D0866B26F400168663BD
:10D42000866B46F4002610E0D0F8046846F0020649
:10D43000C0F80468866B46F400168663866B26F493
:10D4400000268663866B26F4802686630026C0F855
:10D45000006ED0F80068012FC0F8006806D1DBF834
:10D460000070002B18BF47F0010703E0DBF8003025
:10D4700043F00307DDF83CE0DDF8309040F640551E
:10D48000C0F203050023C0F800780193019B01332B
:10D490000193019BAB4249D80369002B1BD4019B2C
:10D4A00001330193019BAB4240D80369002B12D496
:10D4B000019B01330193019BAB4237D80369002BD9
:10D4C00009D4019B01330193019BAB422ED8036920
:10D4D000B3F1FF3FDADC002301934FF4846303616F
:10D4E000019B01330193019BAB421FD803699B064B
:10D4F0001AD5019B01330193019BAB4216D80369F6
:10D500009B0611D5019B01330193019BAB420DD8C2
:10D5100003699B0608D5019B01330193019BAB4234
:10D5200004D803699B06DBD4002400E00124002317
:10D530000293029B01330293029BAB4247D80369DB
:10D54000002B1BD4029B01330293029BAB423ED8BB
:10D550000369002B12D4029B01330293029BAB425E
:10D5600035D80369002B09D4029B01330293029B37
:10D57000AB422CD80369B3F1FF3FDADC00230293FE
:10D5800010230361029B01330293029BAB421ED81E
:10D590000369DB061CD5029B01330293029BAB425D
:10D5A00015D80369DB0613D5029B01330293029B56
:10D5B000AB420CD80369DB060AD5029B0133029308
:10D5C000029BAB4203D80369DB06DBD400E00124F5
:10D5D0004FF0000A0029CBF810A0CBF814A0CBF82C
:10D5E0001CA000F003810094D0F800394FF00062D5
:10D5F00002EA13134FF67F354E1EC0F80039C0F80B
:10D6000010A9C0F8085975D08B1E032B06F003092A
:10D6100004D22024B9F1000F41D16BE026F00307BA
:10D6200000244FF0904E4FF67F384FF0000C00BFB3
:10D6300000EB0C03D3F82059043F0EEAE575C3F85C
:10D640002059C3F83049C3F82889D3F840590CF160
:10D65000800C0EEAE575C3F84059C3F85049C3F889
:10D660004889D3F860590EEAE575C3F86059C3F8E4
:10D670007049C3F86889D3F880590EEAE575C3F894
:10D680008059C3F89049C3F88889D1D1DDF84C801E
:10D690000CF120044FF67F35B9F1000F2AD000F5C8
:10D6A00010631D594FF0904C0CEAE5751F191D5180
:10D6B0004FF67F3500244FF67F3EB9F1010F3C61F4
:10D6C000C7F808E016D03B6AB9F1020F0CEAE37321
:10D6D0003B623C63C7F828E00CD03B6C4FF09045B0
:10D6E00005EAE3733B6400234FF67F353B654FF655
:10D6F0007F33BB64D0F8003BDDF83CE002EA131353
:10D70000C0F8003B0023C0F8103BC0F8085BDDF810
:10D710003090009C002E69D00239032906F0030CDA
:10D7200004D22023BCF1000F3BD15FE026F00303BD
:10D7300000244FF090474FF67F3600214518D5F86A
:10D74000202B043B07EAE272C5F8202BC5F8304BCA
:10D75000C5F8286BD5F8402B01F1800107EAE27289
:10D76000C5F8402BC5F8504BC5F8486BD5F8602B71
:10D7700007EAE272C5F8602BC5F8704BC5F8686B14
:10D78000D5F8802B07EAE272C5F8802BC5F8904BDC
:10D79000C5F8886BD2D1009C01F12003BCF1000FC9
:10D7A00024D000F53062D6584FF0904707EAE6766D
:10D7B000D118D65000264FF67F33BCF1010F0E6111
:10D7C0008B6013D00A6ABCF1020F07EAE2720A62A8
:10D7D0000E638B620AD00A6C4FF0904303EAE27248
:10D7E0000A6400220A654FF67F328A64DBF8101063
:10D7F000B9F1000F21F48071CBF810106FF0804167
:10D80000C0F818A0416103D1816941F01001816124
:10D81000816943F60002C8F23C021143BEF1000FD9
:10D82000816103D0816941F008018161B8F1010F84
:10D8300005D1816941F0804141F0040181612046B8
:10D8400003B0BDE8F08F00000146806820F00102BF
:10D8500000208A6070470000F0B54B78002691F8F0
:10D8600000E04FF6FF7CCFF6F876012BCEF2070CE6
:10D8700030D18D6900EB4E14D4F81079002D04F5E9
:10D8800010634CD03E401E611E690CF1005706EA41
:10D890000C061E61CE68B54284BF8E6135461E6996
:10D8A0002F4046F400261E611E69012A47EA06073A
:10D8B0001F6141D0D4F80019002D41F00441C4F893
:10D8C000001942D00EF00F01012202FA01F100F618
:10D8D000340337E000EB4E13D3F8100B3040C3F89D
:10D8E000100BD3F8100B00EA0C00C3F8100B8F6973
:10D8F000C868002F03F5306318BF8861C8611F69CD
:10D90000012A47F400271F610CF100571E6900EA45
:10D91000070040EA0600186112D108690DE007EA25
:10D920000C0018611869012A40F400201861186978
:10D9300000EA0600186103D14869002818BF586141
:10D940004FF004411868084318600020F0BD000043
:10D95000D0F840C043F20B03C4F654739C4503D384
:10D96000D0F8003B002B1ED40023C0F8103BD0F8A9
:10D97000103B012943F40023C0F8103BD0F8103BC2
:10D9800043F01803C0F8103BD0F8103B43F0C043FD
:10D99000C0F8103B07D1C0F8142BD0F8001B41F0A1
:10D9A0008021C0F8001B0020704700004A780B78E7
:10D9B000012A4FEA431210440DD1D0F8002922F475
:10D9C0000012C0F80029097901F0FE01022913D1E3
:10D9D00000F510600CE0D0F8002B22F40012C0F823
:10D9E000002B097901F0FE01022905D100F5306014
:10D9F000016841F080510160002070470A784B783F
:10DA00005101012B084406D1D0F80019002900F576
:10DA1000106106D50AE0D0F8001B002900F530613E
:10DA200004D41AB1086820F080400860086840F407
:10DA3000001200200A607047F0B54B78002591F87D
:10DA400000C04FF6FF76CFF6F875012BCEF2070631
:10DA50002ED1D1F818E000EB4C14D4F81079BEF1B7
:10DA6000000F04F510634BD03D401D611D6935402A
:10DA70001D61CD681F690EEB0506013EB6FBF5F58D
:10DA80000026C1F6F87606EAC5453D431D61754698
:10DA90001E696FF3DF4535431D610D79012D38D1C6
:10DAA0001D6925F0C0451D611D6945F000552FE039
:10DAB00000EB4C13D3F8107B4FF6FF7C2F40C3F8DC
:10DAC000107BD3F8107BC0F2070C3740C3F8107BF3
:10DAD0008F69CE68002F03F5306348D03744013F8B
:10DAE000B7FBF6F7BCB26643CE610024C1F6F8740A
:10DAF0001D6904EAC7472F4306EA0C061F613DE093
:10DB00003E401E611E6946F400261E611E693540B6
:10DB10001D61012A12D14A69002A18BFC4F81429CC
:10DB20000979012942D1D0F80818D4F80009C905AB
:10DB30004CBF40F0805040F0005036E000F51063DC
:10DB40004FEA4C141D5945F004451D510D79012D26
:10DB500033D1D0F80858E658ED054FF0805558BF3E
:10DB60004FF000553543E55092B30020F0BD1F69DA
:10DB700006EA0C0637431F614FF400261F69012A8D
:10DB800047EA06071F6103D10A69002A18BF5A61D4
:10DB9000097901290AD1D0F808081968C0054FF0A1
:10DBA000805058BF4FF00050084318604FF00441B8
:10DBB0001868084318600020F0BDBEF1000FD4D0F3
:10DBC0000CF00F01012202FA01F100F63403EFE735
:10DBD0001FFA8EF2002AC8D0D61C4FF0FF33096915
:10DBE00003EB960300F580504FEA0C32032BC6F38B
:10DBF00081030FD3B70827F0030600BF0F68043E68
:10DC000017504F6817508F681750CF6801F11001F7
:10DC10001750F3D1002BA8D00F68012B8750A4D048
:10DC20004F68022B8750A0D0896881500020F0BD3A
:10DC300081B0002200924A780978012A4FEA411106
:10DC40003AD100F510625058B0F1FF3F3ADC8858E5
:10DC500042F2107340F000608850885840F08040D5
:10DC600088500098013000900098984262D850582F
:10DC7000B0F1FF3F26DC00980130009000989842F8
:10DC800058D85058B0F1FF3F1CDC0098013000908C
:10DC9000009898424ED85058B0F1FF3F12DC0098DF
:10DCA000013000900098984244D85058B0F1FF3F9E
:10DCB0004FF00000D5DD3BE000F530625058B0F188
:10DCC000FF3F02DD002001B07047885842F2107318
:10DCD00040F000608850885840F08040885000989C
:10DCE000013000900098984224D85058B0F1FF3F7E
:10DCF000E8DC009801300090009898421AD85058FB
:10DD0000B0F1FF3FDEDC00980130009000989842AF
:10DD100010D85058B0F1FF3FD4DC0098013000908B
:10DD20000098984206D8505800284FF00000D6D4EA
:10DD300001B07047012001B07047000001468068C3
:10DD400040F0010200208A607047000081B040F678
:10DD50004052C0F2030200230093009B0133009362
:10DD6000009B93424AD80369002B1BD4009B0133CC
:10DD70000093009B934241D80369002B12D4009B6F
:10DD800001330093009B934238D80369002B09D4D8
:10DD9000009B01330093009B93422FD80369B3F19A
:10DDA000FF3FDADC890100232031009301610099F3
:10DDB000013100910099914220D8016989061AD554
:10DDC0000099013100910099914217D801698906A3
:10DDD00011D5009901310091009991420ED8016945
:10DDE000890608D50099013100910099914205D822
:10DDF00001698906DBD4002001B07047032001B01F
:10DE000070470000D0F8080800F0060180074FF0C6
:10DE1000020058BF0F20002908BF084670470000C5
:10DE2000406900F001007047D0F81818D0F81C08BD
:10DE3000084080B270470000D0F81818D0F81C08CD
:10DE40000840000C70470000D0F810C8D0F83438F3
:10DE500001F00F0223FA02F2D20100EB4110D2B21C
:10DE6000D0F8080942EA0C010840704700EB411164
:10DE7000D1F8081BD0F81408084070474169806940
:10DE80000840704710B5930802F0030E2BD05A1EBD
:10DE9000032A03F0030C0FD323F003034FF4805243
:10DEA0008458043B0C6084584C6084588C608458BF
:10DEB000CC6001F11001F3D1BCF1000F13D04FF48D
:10DEC000805284580B46BCF1010F43F8044B04D137
:10DED0001946BEF1000F09D11DE08258BCF1020FB6
:10DEE0004A601AD10831BEF1000F14D04FF48052AD
:10DEF00080580A46BEF1010F02F8010B04BF10461C
:10DF000010BD020ABEF1020F4A7004BF881C10BD8A
:10DF1000000C88700331084610BD4FF480528258BF
:10DF20008A600C31BEF1000FE0D1F4E7B0B50446D1
:10DF3000C06820F0C040E06091B1012926D1E068BE
:10DF4000002540F00050E0600120F6F775FA6069A6
:10DF5000C00705F1010014D1312D0546F4D310E0BE
:10DF6000E068002540F08040E06000BF0120F6F747
:10DF700063FA6069C00705F1010002D0312D054642
:10DF8000F4D33238B0FA80F04009B0BD0120B0BD02
:10DF90000246D0F8000801F07F0120F4FE60C2F8CC
:10DFA0000008D2F8000840EA01110020C2F8001869
:10DFB00070470000022A02465CD145F24030CFF69D
:10DFC000277043F200530844C0F20C03984202D277
:10DFD0004FF4705050E041F64060CFF61B7044F2B1
:10DFE00040230844C0F20F03984202D24FF460501D
:10DFF00042E0A1F5740044F68073A0F51050C0F221
:10E000001203984202D24FF4505035E0A1F18370D0
:10E010004DF22063A0F5E740C0F21303984202D20C
:10E020004FF4405028E04BF26060CFF6E5604EF2CE
:10E0300060330844C0F21603984202D24FF43050C5
:10E040001AE04DF20030CFF6CE6047F2407308443C
:10E05000C0F21B03984202D24FF420500CE045F668
:10E06000C030CFF6B36049F2C0130844C0F22103B8
:10E0700098420AD24FF41050D16821F47051D16007
:10E08000D16801430020D1607047A1F1B77047F219
:10E090002053A0F55850C0F23803984202D24FF4F2
:10E0A0000050E9E745F2E040CFF6596049F6E04319
:10E0B0000144C0F241034FF4C050994238BF4FF4BD
:10E0C000E050D9E710B5DDF808C0BCF1000F2CD145
:10E0D0005BB303F1030E4FF0FF3303EB9E0300F538
:10E0E00080541203032BCEF3810C0FD34FEA9E030F
:10E0F00023F003030868043B1051486810518868F6
:10E100001051C86801F110011051F3D1BCF1000F9A
:10E110000BD00868BCF1010FA05006D04868BCF1D4
:10E12000020FA0501CBF8868A050002010BD000046
:10E13000FEE7000080B513F0C7FB014648F65050DB
:10E14000C2F200000160BDE8804010F0E9BB0000B1
:10E150002DE9F043A5B04CF684509FED8F0BC0F62F
:10E1600002004BF6B41740F200080830C2F2000774
:10E1700054EC105BC4F2303838604FF00040414638
:10E180002A4623461DF09EFD1CF0FCFCB8604FF0B3
:10E19000004041462A4623461DF094FD1CF0F2FC47
:10E1A0004FF00009C7E903094FF0004041462A46F5
:10E1B0002346C7E90599C7F81C901DF083FD1CF0A4
:10E1C000E1FC38624FF0004041462A4623461DF0EC
:10E1D00079FD1CF0D7FC78624FF0004041462A469A
:10E1E00023461DF06FFD1CF0CDFCB8624FF00040DF
:10E1F00041462A4623461DF065FD1CF0C3FCF8622B
:10E200004FF0004041462A4623461DF05BFD1CF0BE
:10E21000B9FC38634FF0004041462A4623461DF0C2
:10E2200051FD1CF0AFFC78634FF0004041462A4698
:10E2300023461DF047FD1CF0A5FCB8634FF00040DD
:10E2400041462A4623461DF03DFD1CF09BFCF86329
:10E250004FF0004041462A4623461DF033FD1CF096
:10E2600091FC38644FF0004041462A4623461DF099
:10E2700029FD1CF087FC78644FF0004041462A4697
:10E2800023461DF01FFD1CF07DFCB8644FF00040DC
:10E2900041462A4623461DF015FD1CF073FCF86428
:10E2A000822087F870004FF0FF307867C7F8710060
:10E2B0009221C7E921006FF05D0087F88310C7F84D
:10E2C00092004FF0004041462A46234687F850907E
:10E2D000C7E9189987F85A90C7F85690C7F852902E
:10E2E000A7F88C901DF0EEFC1CF04CFCC7E951091E
:10E2F0004FF0004041462A462346C7F84C911DF096
:10E30000E1FC1CF03FFCC7E954094FF000404146D6
:10E310002A462346C7F858911DF0D4FC1CF032FC65
:10E32000C7E957094FF0004041462A462346C7F83F
:10E3300064911DF0C7FC1CF025FCC7E95A094CF696
:10E34000E050C0F6020090E82E0000F1100C9CE8AE
:10E350005010C06907F5D47E07F5FC788EE82E00D2
:10E360004FF0240E88E82E0007F50271C7F870916F
:10E37000C7E96899C7E96E46C7E970C0C7F8C8E140
:10E38000C7E97C9981E85010C7E9850E25B0BDE842
:10E39000F08300BF00BF00BF0000008000003043DA
:10E3A00080B512F00BFD014648F61860C2F200007D
:10E3B000BDE8804010F0B8B92DE9F04FADF5657DAE
:10E3C00040F2AC02C2F2000240F2B00040F240154E
:10E3D0005178C2F20000C2F200050068D278695696
:10E3E00040F6BC176FF0630340F2B406C2F20007B8
:10E3F00011FB0301AA56C2F200066FF059037960BF
:10E40000317812FB0302FA606A5640F2D971C2F207
:10E41000000173780978EB5601FB12079FEDFC0BA6
:10E420000B9703FB11070A97B778F678EF57AE57AB
:10E4300007FB1105099506FB1105089511FB02055F
:10E44000079513FB0105069517FB010516FB010156
:10E45000049140F2D871C2F2000105950C7840F2A7
:10E46000DA75C2F20005297804FB120514FB020BD1
:10E47000019514FB030504FB130804FB170914FBA7
:10E48000060A029514FB070504FB160401FB130C96
:10E49000009401FB120411FB030E039411FB020410
:10E4A00011FB070301FB170711FB060201FB160610
:10E4B00040F6BC11C2F200010860886040F6987115
:10E4C000C2F20001C1E90000C1E9020040F6CC102F
:10E4D0000B99C2F2000001600A99416009998160BC
:10E4E0000899C16040F654100799C2F2000001601B
:10E4F00006994160059981600499C16040F6E01079
:10E50000C2F20000C0E900B8C0E9029A40F64C60CF
:10E510000199C2F2000001600299C0E90115009959
:10E52000C16040F664100399C2F20000C0E9001C0B
:10E53000C0E9023240F64410C2F20000C0E902769F
:10E540000027C0E9004E55EC106B0A20C4F23037AA
:10E55000C8F20000394632462B461DF0B3FB1CF0D2
:10E5600011FB9FEDAD0B804651EC100BCDE90A017C
:10E570001CF008FB83466420C8F20000394632468E
:10E580002B461DF09FFB1CF0FDFA09903220C8F2CB
:10E590000000394632462B461DF094FB1CF0F2FA7F
:10E5A0000446C820C8F20000394632462B461DF00A
:10E5B00089FB1CF0E7FA08904FF0004039463246DC
:10E5C0002B461DF07FFB1CF0DDFA40F67419C2F2F9
:10E5D0000009C9F800004FF00040394632462B468A
:10E5E0001DF070FB1CF0CEFA4FF0000AC9E9010AD9
:10E5F0004FF00040394632462B46C9E903AAC9F814
:10E6000014A01DF05FFB1CF0BDFA09F1180181E8B0
:10E6100001094FF00040394632462B46C9F82480A4
:10E620001DF050FB1CF0AEFAC9F828004FF0004076
:10E63000394632462B461DF045FB1CF0A3FAC9F8BB
:10E640002C004FF00040394632462B461DF03AFB75
:10E650001CF098FAC9F8300009983946C9E90D0448
:10E660004FF0004032462B46C9F83C401DF02AFBD3
:10E670001CF088FA08993246C9E910010A20C8F24C
:10E68000000039462B461DF01DFB1CF07BFA08905C
:10E69000DDE90A011CF076FA80463220C8F200005B
:10E6A000394632462B461DF00DFB1CF06BFA044632
:10E6B0001920C8F20000394632462B461DF002FBF5
:10E6C0001CF060FA81466420C8F2000039463246E8
:10E6D0002B461DF0F7FA1CF055FA09904FF0004058
:10E6E000394632462B461DF0EDFA1CF04BFA40F647
:10E6F000046BC2F2000BCBF800004FF0004039462B
:10E7000032462B461DF0DEFA1CF03CFACBE9010A3A
:10E710004FF00040394632462B46CBE903AACBF8EE
:10E7200014A01DF0CFFA1CF02DFACBF818000898B1
:10E730003946CBE907084FF0004032462B46CBF86C
:10E7400024401DF0BFFA1CF01DFACBF828004FF052
:10E750000040394632462B461DF0B4FA1CF012FA3E
:10E76000CBF82C004FF00040394632462B461DF0C6
:10E77000A9FA1CF007FA0BF1300181E811024FF001
:10E780000040394632462B46CBF83C901DF09AFAB1
:10E790001CF0F8F909999FED220BCBE9100151EC1F
:10E7A000100B1CF0EFF98246DDE90A011CF0EAF9D2
:10E7B00083466420C8F20000394632462B461DF0DD
:10E7C00081FA1CF0DFF981463220C8F20000394698
:10E7D00032462B461DF076FA1CF0D4F90B90192026
:10E7E000C8F20000394632462B461DF06BFA1CF089
:10E7F000C9F904464FF00040394632462B461DF019
:10E8000061FA1CF0BFF940F6EC6800F015B800BFE3
:10E8100000000080000030437B14AE47E17A943F53
:10E82000CDCCCCCCCCCCFC3FB81E85EB51B8AE3FA8
:10E830007B14AE47E17A843FC2F20008C8F80000BA
:10E840004FF00040394632462B461DF03BFA1CF093
:10E8500099F9C8F804000020C8E90200C8E90400DA
:10E860004FF00040394632462B461DF02BFA1CF083
:10E8700089F908F1180181E8010C4FF00040394690
:10E8800032462B46C8F824901DF01CFA1CF07AF989
:10E89000C8F828004FF00040394632462B461DF09C
:10E8A00011FA1CF06FF9C8F82C004FF000403946FF
:10E8B00032462B461DF006FA1CF064F9C8F8300009
:10E8C0000B983946C8E90D044FF0004032462B46FC
:10E8D000C8F83C401DF0F6F91CF054F9C8E91009DD
:10E8E0000C20C8F20000394632462B461DF0EAF9EA
:10E8F0001CF048F91FED340B0A9051EC100B1CF082
:10E9000041F9834640F22C10C8F2000039463246E5
:10E910002B461DF0D7F91CF035F904460A20C8F241
:10E920000000394632462B461DF0CCF91CF02AF97E
:10E930000B906420C8F20000394632462B461DF089
:10E94000C1F91CF01FF982463220C8F20000394696
:10E9500032462B461DF0B6F91CF014F980464FF0F4
:10E960000040394632462B461DF0ACF91CF00AF93E
:10E9700042F25C49C2F20009C9F800004FF00040C1
:10E98000394632462B461DF09DF91CF0FBF8C9F8BC
:10E9900004000020C9E90200C9E904004FF000406A
:10E9A000394632462B461DF08DF91CF0EBF8C9F8BC
:10E9B00018000A983946C9E9070B4FF00040324663
:10E9C0002B46C9F824401DF07DF91CF0DBF8C9F88E
:10E9D00028004FF00040394632462B461DF072F9B0
:10E9E0001CF0D0F8C9F82C004FF0004039463246F0
:10E9F0002B461DF067F91CF0C5F8C9F830000B98DC
:10EA00003946C9E90D0A4FF0004032462B46C9F895
:10EA10003C801DF057F91CF0B5F8C9E91004052039
:10EA2000C8F20000394632462B461DF04BF91CF067
:10EA3000A9F882464FF00040394632462B461DF079
:10EA400041F91CF09FF80446C820C8F2000039467E
:10EA500032462B461DF036F91CF094F80B906420DA
:10EA6000C8F20000394632462B461DF02BF91CF047
:10EA700089F8834640F29010C8F2000039463246C9
:10EA80002B461DF01FF91CF07DF842F2CC38814670
:10EA9000C2F200084FF00040394632462B46C8F813
:10EAA00000401DF00FF91CF06DF8C8F804000020BC
:10EAB000C8E90200C8E904004FF000403946324678
:10EAC0002B461DF0FFF81CF05DF8C8E9060A4FF070
:10EAD0000040394632462B46C8E908441DF0F2F89A
:10EAE0001CF050F8C8F828004FF000403946324674
:10EAF0002B461DF0E7F81CF045F8C8F82C004FF045
:10EB00000040394632462B461DF0DCF81CF03AF83E
:10EB1000C8F830000B983946C8E90D0B4FF000409B
:10EB200032462B46C8F83CB01DF0CCF81CF02AF851
:10EB3000C8E910090220C8F20000394632462B46C7
:10EB40001DF0C0F81CF01EF81FEDC70B044651EC79
:10EB5000100B1CF017F883460A20C8F20000394653
:10EB600032462B461DF0AEF81CF00CF80B90052039
:10EB7000C8F20000394632462B461DF0A3F81CF0BF
:10EB800001F882461420C8F20000394632462B466E
:10EB90001DF098F81BF0F6FF81464FF00040394613
:10EBA00032462B461DF08EF81BF0ECFF42F2144863
:10EBB000C2F20008C8F800004FF000403946324663
:10EBC0002B461DF07FF81BF0DDFFC8F80400002085
:10EBD000C8E90200C8E904004FF000403946324657
:10EBE0002B461DF06FF81BF0CDFF08F1180181E8EE
:10EBF00011084FF00040394632462B46C8F82440F1
:10EC00001DF060F81BF0BEFFC8F828004FF0004070
:10EC1000394632462B461DF055F81BF0B3FFC8F8B5
:10EC20002C004FF00040394632462B461DF04AF882
:10EC30001BF0A8FFC8F830000B983946C8E90D0A48
:10EC40004FF0004032462B46C8F83CA01DF03AF881
:10EC50001BF098FFC8E910090820C8F200003946E7
:10EC600032462B461DF02EF81BF08CFF82464FF0EB
:10EC70000040394632462B461DF024F81BF082FF37
:10EC800004466420C8F20000394632462B461DF087
:10EC900019F81BF077FF0B903220C8F200003946BC
:10ECA00032462B461DF00EF81BF06CFF8346C82041
:10ECB000C8F20000394632462B461DF003F81BF01F
:10ECC00061FF40F65C688146C2F200084FF00040E8
:10ECD000394632462B46C8F800401CF0F3FF1BF0C3
:10ECE00051FFC8F804000020C8E90200C8E9040088
:10ECF0004FF00040394632462B461CF0E3FF1BF034
:10ED000041FFC8E9060A4FF00040394632462B461B
:10ED1000C8E908441CF0D6FF1BF034FFC8F82800EF
:10ED20004FF00040394632462B461CF0CBFF1BF01B
:10ED300029FFC8F82C004FF00040394632462B46D8
:10ED40001CF0C0FF1BF01EFFC8F830000B983946BE
:10ED5000C8E90D0B4FF0004032462B46C8F83CB0D6
:10ED60001CF0B0FF1BF00EFF9FEDFB0BC8E9100974
:10ED700051EC100B1BF006FF9FEDF90B804651EC98
:10ED8000100B1BF0FFFE83460120C8F2000039463D
:10ED900032462B461CF096FF1BF0F4FE82460520FF
:10EDA000C8F20000394632462B461CF08BFF1BF0A0
:10EDB000E9FE9FEDED0B099051EC100BCDE90A0136
:10EDC0001BF0E0FE81460A20C8F2000039463246B8
:10EDD0002B461CF077FF1BF0D5FE08904FF000404B
:10EDE000394632462B461CF06DFF1BF0CBFE40F639
:10EDF000A464C2F2000420604FF00040394632465D
:10EE00002B461CF05FFF1BF0BDFE60600020C4E9D4
:10EE10000200C4E904004FF00040394632462B4658
:10EE20001CF050FF1BF0AEFE04F1180181E801094F
:10EE30004FF00040394632462B46C4F824A01CF05F
:10EE400041FF1BF09FFEA0624FF000403946324662
:10EE50002B461CF037FF1BF095FEE0624FF00040A0
:10EE6000394632462B461CF02DFF1BF08BFE2063EB
:10EE700009983946C4E90D094FF0004032462B4647
:10EE8000C4F83C901CF01EFF1BF07CFE0899324633
:10EE9000C4E910010820C8F2000039462B461CF0D6
:10EEA00011FF1BF06FFE82464FF00040394632469C
:10EEB0002B461CF007FF1BF065FE04466420C8F2D9
:10EEC0000000394632462B461CF0FCFE1BF05AFE71
:10EED00009903220C8F20000394632462B461CF019
:10EEE000F1FE1BF04FFE8146C820C8F200003946F3
:10EEF00032462B461CF0E6FE1BF044FE40F67458EA
:10EF00008346C2F200084FF00040394632462B4695
:10EF1000C8F800401CF0D6FE1BF034FEC8F8040010
:10EF20000020C8E90200C8E904004FF0004039465B
:10EF300032462B461CF0C6FE1BF024FEC8E9060A2A
:10EF40004FF00040394632462B46C8E908441CF0D1
:10EF5000B9FE1BF017FEC8F828004FF000403946F4
:10EF600032462B461CF0AEFE1BF00CFEC8F82C00FF
:10EF70004FF00040394632462B461CF0A3FE1BF0F2
:10EF800001FEC8F8300009983946C8E90D094FF06C
:10EF9000004032462B46C8F83C901CF093FE1BF014
:10EFA000F1FDC8E9100B0120C8F2000039463246D5
:10EFB0002B461CF087FE1BF0E5FD9FEDBF0B824644
:10EFC00051EC100B1BF0DEFD81460520C8F200005D
:10EFD000394632462B461CF075FE1BF0D3FD0990D6
:10EFE000DDE90A011BF0CEFD04460A20C8F200004C
:10EFF000394632462B461CF065FE1BF0C3FD0B90D4
:10F000004FF00040394632462B461CF05BFE1BF0A9
:10F01000B9FD40F6BC5BC2F2000BCBF800004FF02C
:10F020000040394632462B461CF04CFE1BF0AAFD30
:10F03000CBF804000020CBE90200CBE904004FF03C
:10F040000040394632462B461CF03CFE1BF09AFD30
:10F05000CBE9060A4FF00040394632462B46CBE951
:10F06000089A1CF02FFE1BF08DFDCBF828004FF006
:10F070000040394632462B461CF024FE1BF082FD30
:10F08000CBF82C004FF00040394632462B461CF09E
:10F0900019FE1BF077FDCBF8300009983946CBE913
:10F0A0000D044FF0004032462B46CBF83C401CF09C
:10F0B00009FE1BF067FD0B9940F6F014CBE9100137
:10F0C00040F24010C2F20000D0E90001C2F2000498
:10F0D000C4E9000140F2AC00C2F20000006840F256
:10F0E000B40140F2B002C2F20001C2F200020968AB
:10F0F0001268A06040F22000C2F20000E1600168E6
:10F100002261426861618168A261C268E16101694E
:10F1100022624269C4E90912D0E9061040F6BC1225
:10F12000C2F20002E162116820635068C4E90D1068
:10F13000D2E9020140F6CC12C2F20002E06310688C
:10F1400021645168C4E91101D2E9020140F6541268
:10F15000C2F2000200F00CB8000000000000E03F26
:10F16000FCA9F1D24D62603F0000000000000440A5
:10F17000E064106821655168C4E91501D2E9020113
:10F1800040F6E012C2F20002E065106821665168A4
:10F19000C4E91901D2E9020140F64C62C2F2000250
:10F1A000E066106821675168C4E91D01D2E90201D7
:10F1B00040F66412C2F20002E0671068C4F88010E2
:10F1C0005168C4E92101D2E9020140F64412C2F2B9
:10F1D0000002C4F88C001068C4F890105168C4E9AB
:10F1E0002501D2E9020140F69872C2F20002C4F889
:10F1F0009C001068C4F8A0105168C4E92901D2E944
:10F2000002014822C4E92B0140F6741104F1B40054
:10F21000C2F20001F1F7B3FB40F6046104F1FC0017
:10F22000C2F200014822F1F7AAFB40F6EC6104F5B6
:10F23000A270C2F200014822F1F7A1FB42F25C4148
:10F2400004F5C670C2F200014822F1F798FB42F2C1
:10F25000CC3104F5EA70C2F200014822F1F78FFBCD
:10F2600042F2144104F50770C2F200014822F1F79E
:10F2700086FB40F65C6104F51970C2F20001482279
:10F28000F1F77DFB40F6A46104F52B70C2F200019A
:10F290004822F1F774FB04F53D7041464822F1F72E
:10F2A0006EFB04F54F7059464822F1F768FB0DF5E7
:10F2B000657DBDE8F08F00BF7B14AE47E17A743FF7
:10F2C00010B54CF6AC50C0F6020042F6FC5142F2CA
:10F2D000AC440830C2F20001C2F2000408602046CB
:10F2E00003F0A6FE44F2893040F20002C0F60100AD
:10F2F000C0F600022146F1F75CFA4CF69850C0F6D1
:10F30000020042F6F4510830C2F20001086010BD5C
:10F310000F2828D842EA010C0023B3EB1C3F18BF8A
:10F32000704780B584B0062303EB80008DF80B0096
:10F33000080A8DF80D00100A8DF80F004CF25840A5
:10F340008DF80C108DF80E204FF0020CC2F2000068
:10F350000DF10B0280210523CDF800C0FBF7C8F8A2
:10F3600004B0BDE88040704710B501F031F800F0FE
:10F3700097FB01F015FF08B1802402E001F060F96D
:10F38000044601F0C5FC00281CBF44F0400010BD3D
:10F3900001F030F8204310BD2DE9F04F85B042F662
:10F3A000F150C2F200000027077010EE100A1CF0A6
:10F3B0008DFF9FED810B53EC102B1CF0D5F91BF04A
:10F3C000E1FB1CF083FF9FED7E0B02460B4651ECE8
:10F3D000100B1CF0C9F99FED7C0B02460B4651EC5B
:10F3E000100B1BF071FE9FED7A0B04460D460120B9
:10F3F000002153EC102BC8F20000C4F230311CF095
:10F4000061FC02460B46204629461CF05BFC044684
:10F410004FF07C500D461CF059FF02460B4620462B
:10F4200029461BF011FD41EC100B1AF0CDFD51ECFB
:10F43000100B1CF045F84CF25845C2F2000583460B
:10F4400042F210760DF111022846802101238DF839
:10F4500013708DF8117000964FF00109FBF748F812
:10F460000DF113022846802101230096FAF7C4FF0C
:10F470009DF813400DF1110204F06F0010308DF86B
:10F4800012002846802102238DF811700096FBF7A8
:10F490002FF84FF0FE0A0DF11102284680210223B9
:10F4A0008DF811A08DF812B00096FBF721F80DF140
:10F4B00011022846802102238DF811708DF8124028
:10F4C0000096FBF715F80220F4F7B6FF44F0A10010
:10F4D0008DF812000DF111022846802102238DF8CB
:10F4E00011700096FBF704F840F20140ADF81100EE
:10F4F0000DF111022846802102230096FAF7F8FF49
:10F500000DF111022846802101238DF813708DF82A
:10F5100011700096FAF7ECFF0DF1130228468021D6
:10F5200001230096FAF768FF9DF813800DF1110290
:10F530002846802101238DF813708DF811900096D4
:10F54000FAF7D6FF0DF11302284680210123009619
:10F55000FAF752FF9DF813400DF111022846802161
:10F5600001238DF813708DF811A00096FAF7C0FFF3
:10F570000DF113022846802101230096FAF73CFF83
:10F580009DF813602846FAF711FF68B108F03000C3
:10F5900080F0200084F00401084386EA0B01C9B220
:10F5A0000843B0FA80F0470942F6F150C2F2000079
:10F5B000077005B0BDE8F08FA8C64B378941F03F12
:10F5C000000000000000B0400000000084D7774138
:10F5D0000000008000003043B0B501F0CFF801F02A
:10F5E00013F800F0E9F9322001F010F800F0DCF92E
:10F5F000322001F00BF8002002F006F810281CBFA2
:10F600004020B0BD012001F001F80B20082102F0DC
:10F6100047F8012000F0FAFF0B2001F0F5FF044647
:10F62000012000F0F3FF4CF6A835082CC0F60205C7
:10F6300032D14120092102F033F8012000F0E6FF29
:10F64000412001F0E1FF0446012000F0DFFF092C1A
:10F6500024D14220C02102F023F8012000F0D6FF7F
:10F66000422001F0D1FF0446012000F0CFFFC02C62
:10F6700017D10A200B2102F013F8012000F0C6FF79
:10F680000A2001F0C1FF0446012000F0BFFF0B2C4F
:10F6900004BF0020B0BD0935A878B0BD0335A878F7
:10F6A000B0BD0635A878B0BDF0B54CF61823C2F24F
:10F6B00000031B685E6846F002065E605E6846F006
:10F6C00001065E601E6846F040061E604CF2782619
:10F6D000C2F2000633681D6825F001051D601D6833
:10F6E000ED0716D01D6825F001051D601D68ED07AA
:10F6F0001FBF1D6825F001051D601D6818BF5FEA6A
:10F70000C57506D01D6825F001051D601D68ED0753
:10F71000E1D146F20C43C4F20203366846F2080C0B
:10F7200003F14C0446F2704EC4F2020CA642C4F23D
:10F73000020E0BD9764543D046F28845C4F2020545
:10F74000AE4240D14FF400651D6075E00CF1B0058C
:10F75000AE4218D946F21045C4F20205AE4258D066
:10F7600046F22845C4F20205AE424DD046F240456D
:10F77000C4F20205AE420CBF4FF400154FF0006515
:10F78000CCF8005458E00CF15005AE4225D946F2B1
:10F790007005C4F20205AE4247D046F28805C4F2B5
:10F7A0000205AE4239D046F2A005C4F20205AE42CF
:10F7B0000CBF4FF400154FF00065CCF804503BE04F
:10F7C00020251D6038E003F194074FF00065BE422C
:10F7D00008BF4FF400151D602EE046F21005C4F27C
:10F7E0000205AE4225D046F22805C4F20205AE421B
:10F7F00018D046F24005C4F20205AE420CBF4FF4E9
:10F8000000154FF0006515E04FF40065CCF800548A
:10F8100012E02025CCF800540EE04FF40065CCF83F
:10F82000045009E04FF4006504E02025CCF80450B2
:10F8300002E02025CCF8005043F20C05C4F201058B
:10F84000B560F1607260316841F0100131604CF2D6
:10F85000D821C2F200010E68376827F0010737602F
:10F860003768FF0716D0376827F001073760376819
:10F87000FF071FBF376827F001073760376818BFD9
:10F880005FEAC77706D0376827F001073760376827
:10F89000FF07E1D10968A1420BD9714543D046F277
:10F8A0008847C4F20207B94240D14FF400661E6097
:10F8B00075E00CF1B003994218D946F21043C4F236
:10F8C0000203994258D046F22843C4F202039942F7
:10F8D0004DD046F24043C4F2020399420CBF4FF4AC
:10F8E00000134FF00063CCF8003458E00CF15003E3
:10F8F000994225D946F27003C4F20203994247D0D7
:10F9000046F28803C4F20203994239D046F2A003BA
:10F91000C4F2020399420CBF4FF400134FF000638E
:10F92000CCF804303BE020261E6038E003F1940759
:10F930004FF00066B94208BF4FF400161E602EE07B
:10F9400046F21003C4F20203994225D046F228037E
:10F95000C4F20203994218D046F24003C4F20203F3
:10F9600099420CBF4FF400134FF0006315E04FF4C1
:10F970000063CCF8003412E02023CCF800340EE011
:10F980004FF40063CCF8043009E04FF4006304E066
:10F990002023CCF8043002E02023CCF800308D6026
:10F9A000C8604A60F0BD000041F60000C4F20200E9
:10F9B00040210122F4F724BF41F60000C4F2020006
:10F9C00040210022F4F71CBFF0B593B00446501E4E
:10F9D0000F284FF0000009D800291FBF42F6F1534D
:10F9E000C2F200031B785FEAC37301D113B0F0BD0C
:10F9F0001019102802D9002013B0F0BD0DF10B052D
:10FA0000681C0E4640211746F0F7F3FF062000EB76
:10FA10008400324639468DF80B000020002300BFD9
:10FA200032F81340B0EB143FE0D105EB830701330C
:10FA3000260A9942FC703E71F2D188000130C3B2AF
:10FA40004CF258400227C2F200000DF10B02802157
:10FA50000097FAF74DFDB0FA80F0400913B0F0BD01
:10FA600080B582B0012101FA00F08DF807004CF258
:10FA700058404FF6FF7CC2F200000DF10702E12171
:10FA80000123CDF800C0FAF733FD02B080BD0000BD
:10FA900000281EBF0021C0E90011C0E90211704713
:10FAA00070470000F4F7C8BCFBF73AB82DE9F04FF7
:10FAB00081B04CF27823C2F20003D3F800C089462B
:10FAC000DCF8003023F00103CCF800304CF2D823EE
:10FAD000C2F200031B681F6827F001071F60DCF8F3
:10FAE000007007E0DCF8007027F00107CCF8007028
:10FAF000DCF80070FF071FBFDCF8007027F001077B
:10FB0000CCF80070DCF8007018BF5FEAC77715D03A
:10FB1000DCF8007027F00107CCF80070DCF800700A
:10FB2000FF071FBFDCF8007027F00107CCF800705A
:10FB3000DCF8007018BF5FEAC777D3D11F68FF07F2
:10FB40001FBF1F6827F001071F601F6818BF5FEA0B
:10FB5000C77714D01F6827F001071F601F68FF07D1
:10FB60001FBF1F6827F001071F601F6818BF5FEAEB
:10FB7000C77704D01F6827F001071F60DEE74CF647
:10FB8000182BC2F2000BDBF84C5046F20C44C4F2C6
:10FB900002042E6846F2080E04F14C0846F2884131
:10FBA000C4F2020E4645C4F2020112D98E4252D06E
:10FBB00046F27045C4F20205AE425BD120252560B5
:10FBC0001025256008252560042525600125256070
:10FBD000DAE10EF1B005AE42009017D946F2104AB4
:10FBE0004F46C4F2020A46F228495645C4F20209B9
:10FBF0007BD04E4576D046F24045C4F20205AE4277
:10FC00000CBF4FF400154FF000656FE00EF1500A85
:10FC100046F2100746F270005645C4F20207C4F2DD
:10FC200002004BD9054608463946AE4200F0C08076
:10FC300046F28805C4F202054F46AE4200F0B2809B
:10FC400046F2A005C4F20205AE420CBF4FF4001903
:10FC50004FF00069AFE04FF4006525604FF4806518
:10FC600025604FF4007525604FF4807525604025B0
:10FC7000256089E104F194054FF00067AE4208BFAA
:10FC80004FF4001727604FF0806708BF4FF48017CC
:10FC900027604FF00077AE4208BF4FF4002727607F
:10FCA0004FF0807708BF4FF4802727604FF480071C
:10FCB000AE4208BF4FF48037276065E1BE4200F0D6
:10FCC0009B8046F22805C4F20205AE426DD046F292
:10FCD0004005C4F20205AE420CBF4FF400154FF0D0
:10FCE00000658AE04FF4006500E020255645CEF817
:10FCF00000540FD04E450AD046F24045C4F20205EA
:10FD0000AE420CBF4FF480154FF0806503E04FF416
:10FD1000806500E010255645CEF800540FD04E45C2
:10FD20000AD046F24045C4F20205AE420CBF4FF481
:10FD300000254FF0007503E04FF4007500E0082542
:10FD40005645CEF800540FD04E450AD046F24045F5
:10FD5000C4F20205AE420CBF4FF480254FF080750F
:10FD600003E04FF4807500E004255645CEF80054BA
:10FD700012D000984E450DD046F24045C4F202051F
:10FD8000AE42B9460CBF4FF480354FF48005CEF833
:10FD90000054F9E0402501E001250098B946CEF86D
:10FDA0000054F1E04FF4006905E04FF4006524E0F1
:10FDB0004F464FF02009CEF80490B9460F46014651
:10FDC00046F27000C4F2020056451AD8BE422ED048
:10FDD00046F22805C4F20205AE420AD046F24005BA
:10FDE000C4F20205AE420CBF4FF480154FF080659F
:10FDF0001EE04FF480651BE02025CEF800505645EC
:10FE0000E4D986422ED046F28805C4F20205AE42FD
:10FE10000AD046F2A005C4F20205AE420CBF4FF470
:10FE200080154FF080651EE04FF480651BE01025C3
:10FE3000CEF8005056451AD986422ED046F2880593
:10FE4000C4F20205AE420AD046F2A005C4F2020591
:10FE5000AE420CBF4FF400254FF000751EE04FF48A
:10FE600000751BE01025CEF804505645E4D8BE427C
:10FE70002ED046F22805C4F20205AE420AD046F260
:10FE80004005C4F20205AE420CBF4FF400254FF00E
:10FE900000751EE04FF400751BE00825CEF80450F5
:10FEA00056451AD8BE422ED046F22805C4F20205A5
:10FEB000AE420AD046F24005C4F20205AE420CBF83
:10FEC0004FF480254FF080751EE04FF480751BE0E5
:10FED0000825CEF800505645E4D9864232D046F285
:10FEE0008805C4F20205AE420AD046F2A005C4F26B
:10FEF0000205AE420CBF4FF480254FF0807522E022
:10FF00004FF480751FE00425CEF8005056451ED9E9
:10FF10008642009831D046F28805C4F20205AE420E
:10FF20000CD046F2A005C4F20205AE420CBF4FF45D
:10FF300080354FF48005CEF8045025E04025CEF8FA
:10FF4000045021E00425CEF804505645E0D800982E
:10FF5000BE4216D046F22805C4F20205AE420AD0CF
:10FF600046F24005C4F20205AE420CBF4FF48035A4
:10FF70004FF4800506E0402504E00125CEF804504A
:10FF800002E00125CEF80050DBF848502D684545C9
:10FF900012D98D4248D046F27041C4F202018D421E
:10FFA00051D12021216010212160082121600421EC
:10FFB000216001212160F7E10EF1B0018D4216D9D7
:10FFC00046F21044C4F20204A5427BD046F2284116
:10FFD000C4F202018D4272D046F24041C4F20201E5
:10FFE0008D420CBF4FF400164FF000666BE00EF12F
:10FFF0005004A5424BD946F27001C4F202018D4271
:020000040801F1
:1000000000F0D18046F28801C4F202018D4200F076
:10001000C48046F2A001C4F202018D420CBF4FF42D
:1000200000164FF00066BFE04FF4006121604FF40E
:10003000806121604FF4007121604FF48071216074
:1000400040212160B0E104F194014FF000678D423E
:1000500008BF4FF4001727604FF0806708BF4FF4C8
:10006000801727604FF000778D4208BF4FF40027BC
:1000700027604FF0807708BF4FF4802727604FF448
:1000800080078D4208BF4FF4803727608CE146F22D
:100090001001C4F202018D4200F0A48046F2280152
:1000A000C4F202018D427BD046F24001C4F202014B
:1000B0008D420CBF4FF400164FF0006693E04FF4F2
:1000C000006600E02026A542CEF8006413D046F278
:1000D0002841C4F202018D420AD046F24041C4F2E6
:1000E00002018D420CBF4FF480164FF0806603E092
:1000F0004FF4806600E01026A542CEF8006413D0CD
:1001000046F22841C4F202018D420AD046F2404133
:10011000C4F202018D420CBF4FF400264FF000766E
:1001200003E04FF4007600E00826A542CEF8006414
:1001300013D046F22841C4F202018D420AD046F2A1
:100140004041C4F202018D420CBF4FF480264FF0B3
:10015000807603E04FF4807600E00426A542CEF8D6
:10016000006416D046F22841C4F202018D420CD040
:1001700046F24041C4F202018D420CBF4FF480347C
:100180004FF48004CEF800440EE14024CEF8004441
:100190000AE10124CEF8004406E14FF4006603E0D2
:1001A0004FF400661FE02026CEF80460A5421ED85A
:1001B00046F21001C4F202018D4232D046F228010B
:1001C000C4F202018D420AD046F24001C4F202019B
:1001D0008D420CBF4FF480164FF0806622E04FF442
:1001E00080661FE02026CEF80060A542E0D946F2E6
:1001F0007001C4F202018D4232D046F28801C4F28D
:1002000002018D420AD046F2A001C4F202018D42E1
:100210000CBF4FF480164FF0806622E04FF48066EA
:100220001FE01026CEF80060A5421ED946F27001EC
:10023000C4F202018D4232D046F28801C4F20201BA
:100240008D420AD046F2A001C4F202018D420CBFD9
:100250004FF400264FF0007622E04FF400761FE0C6
:100260001026CEF80460A542E0D846F21001C4F290
:1002700002018D4232D046F22801C4F202018D42C1
:100280000AD046F24001C4F202018D420CBF4FF485
:1002900000264FF0007622E04FF400761FE008269B
:1002A000CEF80460A5421ED846F21001C4F2020145
:1002B0008D4232D046F22801C4F202018D420AD0AA
:1002C00046F24001C4F202018D420CBF4FF4802679
:1002D0004FF0807622E04FF480761FE00826CEF8BB
:1002E0000060A542E0D946F27001C4F202018D42DD
:1002F00035D046F28801C4F202018D420AD046F29E
:10030000A001C4F202018D420CBF4FF480264FF0D1
:10031000807625E04FF4807622E00426CEF8006057
:10032000A54221D946F27001C4F202018D4234D0B7
:1003300046F28801C4F202018D420CD046F2A001BF
:10034000C4F202018D420CBF4FF480344FF480049C
:10035000CEF8044028E04024CEF8044024E00426EF
:10036000CEF80460A542DDD846F21001C4F20201C5
:100370008D4216D046F22801C4F202018D420AD005
:1003800046F24001C4F202018D420CBF4FF48034AA
:100390004FF4800406E0402404E00124CEF8044039
:1003A00002E00124CEF80040CCF80C90D860CCF8E4
:1003B00004205A60DCF8000040F00100CCF8000096
:1003C000186840F00100186001B0BDE8F08F00002F
:1003D0007047000040F20040C4F2020001210122F7
:1003E000F4F70EBA40F20040C4F2020001210022EC
:1003F000F4F706BAB0B5FFF7F5FF802000F0AEFEC7
:10040000552000F0ABFEFFF7E5FF9620FFF74CFB11
:10041000FFF7E8FF802000F0A1FE552000F09EFECF
:10042000FFF7D8FF9620FFF73FFBFFF7DBFF142015
:1004300000F094FEB62000F091FEFFF7CBFF5020B5
:10044000FFF730FBFFF7CEFF802000F087FE55203E
:1004500000F084FEFFF7BEFF9620FFF725FBFFF7B5
:10046000C1FF802000F07AFE552000F077FE0446A0
:10047000FFF7B0FF9620FFF717FB0F2C1CBFFF20E4
:10048000B0BDFFF7AFFF0F2000F068FE002000F0C6
:1004900065FEFFF79FFF9620FFF706FBFFF7A2FF21
:1004A0008F2000F05BFE552000F058FE0446FFF759
:1004B00091FF9620FFF7F8FA4CF6B435C0F6020526
:1004C0000CB1A878B0BDFFF78DFF102000F046FEFC
:1004D000822000F043FEFFF77DFF9620FFF7E4FA4D
:1004E000FFF780FF902000F039FE552000F036FE27
:1004F0000446FFF76FFF9620FFF7D6FA822C1ED135
:10050000FFF770FF112000F029FE002000F026FE0A
:10051000FFF760FF9620FFF7C7FAFFF763FF912010
:1005200000F01CFE552000F019FE0446FFF752FFB4
:100530009620FFF7B9FA2CB10635A878B0BD03357F
:10054000A878B0BDFFF74EFF152000F007FE802011
:1005500000F004FEFFF73EFF9620FFF7A5FAFFF735
:1005600041FF952000F0FAFD552000F0F7FD04460C
:10057000FFF730FF9620FFF797FA802C1ED1FFF788
:1005800031FF162000F0EAFD002000F0E7FDFFF744
:1005900021FF9620FFF788FAFFF724FF962000F04E
:1005A000DDFD552000F0DAFD0446FFF713FF96202D
:1005B000FFF77AFA2CB10C35A878B0BD0935A878C8
:1005C000B0BDFFF70FFF182000F0C8FD012000F0BC
:1005D000C5FDFFF7FFFE9620FFF766FAFFF702FF63
:1005E000982000F0BBFD552000F0B8FD0446FFF751
:1005F000F1FE9620FFF758FA012C04BF0020B0BD91
:100600000F35A878B0BD000070470000F3F714BFA5
:100610000020C4F2020010210122F4F7F1B800001A
:100620000020C4F2020010210022F4F7E9B8000013
:1006300042F6F050C2F20000007880F001007047EE
:100640002DE9F04182B000208DF80700FFF7E8FFA8
:10065000802000F083FD552000F080FD552000F043
:100660007DFD8DF80700FFF7D3FF9620FFF71CFAFA
:10067000FFF7D6FF802000F071FD552000F06EFDE1
:10068000552000F06BFD8DF80700FFF7C1FF9620A5
:10069000FFF70AFAFFF7C4FF7E2000F05FFDB620E7
:1006A00000F05CFDFFF7B4FF5020FFF7FBF9FFF708
:1006B000B7FF802000F052FD552000F04FFD55207F
:1006C00000F04CFD8DF80700FFF7A2FF9620FFF722
:1006D000EBF9FFF7A5FF802000F040FD552000F06A
:1006E0003DFD552000F03AFD8DF80700FFF790FF23
:1006F0009620FFF7D9F99DF807001E2836D14CF651
:10070000C6380026C0F60208FFF78AFF06EB46004F
:1007100018F8005008EB00077C78284600F01EFD12
:10072000204600F01BFDFFF773FF9620FFF7BCF992
:10073000FFF776FF45F0800000F010FD552000F037
:100740000DFD552000F00AFD8DF80700FFF760FF52
:100750009620FFF7A9F99DF80700A0420AD10136BB
:10076000062ED1D1002002B0BDE8F081FF2002B0FA
:10077000BDE8F081B87802B0BDE8F08170470000B4
:1007800003780A78DB0702BF02F0FB0008707047AD
:100790002DE9F0412DED028B86B042F004020A7083
:1007A000B0F901209FED220B40F2000854EC105BE1
:1007B00082F00042C4F23038064610460F464146E9
:1007C0002A4623461BF07EFA1AF0DCF99FED1A8ABE
:1007D00000EE100A28EE000A87ED010AB6F90300C0
:1007E000414680F000402A4623461BF06BFA1AF07F
:1007F000C9F900EE100A28EE000A87ED020AB6F9E0
:100800000500414680F000402A4623461BF05AFA74
:100810001AF0B8F900EE100A28EE000A87ED030A74
:1008200006B0BDEC028BBDE8F08100BF00BF00BF89
:1008300000000080000030439A99993E42F6F15042
:10084000C2F200000078704784B048F64455C2F206
:10085000000528604AF2B000C2F2000001604BF6C9
:10086000B010C2F2000002604BF6AC10C2F2000001
:10087000049E036048F64050C2F200000660FAF79A
:10088000B1F94BF20464C2F20004002504F14802FD
:1008900001207C212346009518F052F80028C4F866
:1008A000C40000F01E814BF2C474C2F2000404F1D3
:1008B0004802012054212346009518F041F80028F1
:1008C000C4F89C0000F01F814BF22074C2F20004B7
:1008D000002504F14802012050212346009518F01C
:1008E0002FF80028C4F8980000F01F814BF2EC1498
:1008F000C2F2000404F1480208207021234600954A
:1009000018F01EF80028C4F8C80300F020814AF24D
:100910007054C2F20004002504F148021020C221E4
:100920002346009518F00CF80028C4F8680C00F075
:1009300020814AF22014C2F2000404F1480220206F
:1009400020212346009517F0FBFF0028C4F8480437
:1009500000F021814BF66804C2F20004002604F185
:100960004802042034212346009617F0E9FF0028AE
:10097000C4F8180100F0218143F24920C0F60200BA
:1009800010F03CFA48F6C4330325C2F200030120FC
:1009900000210022009517F0D3FF4AF2B401C2F201
:1009A00000010028086000F01A8143F2C430C2F24E
:1009B0000000042143F29426CDE9001042F61940CC
:1009C000C2F20006C0F6020097A14FF4C0620023F5
:1009D000029618F087FB4BF2DC17C2F20007386072
:1009E00044F6C430C2F20000052143F2E024CDE910
:1009F000001042F24940C2F20004C0F602008EA18B
:100A00004FF400620023029418F06CFB4BF2E014E8
:100A1000C2F20004206046F6C430C2F2000043F285
:100A20002C36CDE9005043F2C510C2F20006C0F6E4
:100A3000020084A14FF4C0620023029618F052FB1A
:100A40004BF2E815C2F20005286048F2C430C2F249
:100A50000000022143F27836CDE9001043F2313034
:100A6000C2F20006C0F602007AA14FF40072002321
:100A7000029618F037FB39684BF20062C2F20002AE
:100A80000029106000F0BD802168002900F0B980C5
:100A90002968002900F0B580002800F0B2804CF2EF
:100AA0005840C2F20000F9F7FFFC21684CF2AC405C
:100AB000C2F20000F9F7F8FC17F0C2FD042013F0B1
:100AC00063FBEFF3108072B64BF62C604CF690711E
:100AD000C2F20000C0F6020181673A21C16700BF7F
:100AE000FEE7042013F050FBEFF3108072B64BF6D4
:100AF0002C604CF6ED61C2F20000C0F60201816785
:100B00001921C167FEE7042013F03EFBEFF31080CC
:100B100072B64BF62C604CF6ED61C2F20000C0F6E6
:100B2000020181671921C167FEE7042013F02CFB45
:100B3000EFF3108072B64BF62C604CF6ED61C2F20A
:100B40000000C0F6020181671921C167FEE7042099
:100B500013F01AFBEFF3108072B64BF62C604CF6D4
:100B6000ED61C2F20000C0F6020181671921C16780
:100B7000FEE7042013F008FBEFF3108072B64BF68B
:100B80002C604CF6ED61C2F20000C0F602018167F4
:100B90001921C167FEE7042013F0F6FAEFF3108085
:100BA00072B64BF62C604CF6ED61C2F20000C0F656
:100BB000020181671921C167FEE7042013F0E4FAFE
:100BC000EFF3108072B64BF62C604CF6ED61C2F27A
:100BD0000000C0F6020181671921C167FEE7042009
:100BE00013F0D2FAEFF3108072B64BF62C604CF68D
:100BF0009071C2F20000C0F6020181672821C1672E
:100C0000FEE7042013F0C0FAEFF3108072B64BF643
:100C10002C604CF69071C2F20000C0F602018167B0
:100C20003621C167FEE700BF636F6E74726F6C5F41
:100C30006C6F6F7000000000696D755F6675736999
:100C40006F6E000070726573737572655F70776D9B
:100C500000000000756172745F747800000000008D
:100C60002DE9F04381B02DED028B86B09FED260B70
:100C70000646B0F9000040F2000855EC107BC4F2C3
:100C800030380C4680F0004041463A462B461BF077
:100C900019F819F077FF40F21C09C2F2000999ED2A
:100CA000000A01EE100A21EE000A84ED000AB6F9EE
:100CB0000200414680F000403A462B461BF002F805
:100CC00019F060FF99ED008A00EE100A20EE080A84
:100CD00084ED010AB6F90400414680F000403A462E
:100CE0002B461AF0EFFF19F04DFF00EE100A20EE30
:100CF000080A84ED020A06B0BDEC028B01B0BDE823
:100D0000F08300BF00BF00BF000000800000304340
:100D100010B5FFF767FB802000F020FA552000F0A7
:100D20001DFAFFF757FB9620FEF7BEFEFFF75AFBB2
:100D3000802000F013FA552000F010FAFFF74AFB6C
:100D40009620FEF7B1FEFFF74DFB142000F006FAE7
:100D5000B62000F003FAFFF73DFB5020FEF7A2FE9D
:100D6000FFF740FB802000F0F9F9552000F0F6F97C
:100D7000FFF730FB9620FEF797FEFFF733FB80204E
:100D800000F0ECF9552000F0E9F9FFF723FB96207D
:100D9000FEF78AFEFFF726FB3C2000F0DFF901207A
:100DA00000F0DCF9FFF716FB5020FEF77BFEFFF7A3
:100DB00019FBBC2000F0D2F9552000F0CFF9044611
:100DC000FFF708FB9620FEF76FFEA00700F1918069
:100DD000FFF708FBBC2000F0C1F9552000F0BEF978
:100DE0000446FFF7F7FA9620FEF75EFEA00700F133
:100DF0008080FFF7F7FABC2000F0B0F9552000F032
:100E0000ADF90446FFF7E6FA9620FEF74DFEA0077F
:100E10006FD4FFF7E7FABC2000F0A0F9552000F0EE
:100E20009DF90446FFF7D6FA9620FEF73DFEA0078F
:100E30005FD4FFF7D7FABC2000F090F9552000F0FE
:100E40008DF90446FFF7C6FA9620FEF72DFEA0079F
:100E50004FD4FFF7C7FABC2000F080F9552000F00E
:100E60007DF90446FFF7B6FA9620FEF71DFEA007AF
:100E70003FD4FFF7B7FABC2000F070F9552000F01E
:100E80006DF90446FFF7A6FA9620FEF70DFEA007BF
:100E90002FD4FFF7A7FABC2000F060F9552000F02E
:100EA0005DF90446FFF796FA9620FEF7FDFDA007D0
:100EB0001FD4FFF797FABC2000F050F9552000F03E
:100EC0004DF90446FFF786FA9620FEF7EDFDA007E0
:100ED0000FD4FFF787FABC2000F040F9552000F04E
:100EE0003DF90446FFF776FA9620FEF7DDFD012175
:100EF00000E00021402000EA0410002918BF402033
:100F000010BD0000000000002DE9F04F81B02DED74
:100F1000068B8CB09FED7A0BCDE90110B0F9001073
:100F2000002554EC106BC4F230350392B0F9027016
:100F3000B0F9048081F000402946324623461AF079
:100F4000C1FE19F01FFE40F21801C2F2000191ED3E
:100F5000008A00EE100A87F00040294632462346F8
:100F600020EE089A1AF0AEFE19F00CFE00EE100A00
:100F700088F0004029463246234620EE08AA1AF09F
:100F8000A1FE19F0FFFD19EE109A00EE100A484676
:100F900020EE088A1BF09AF91AEE10AA0546504670
:100FA0000F461BF093F99FED580B53EC102B1AF0E2
:100FB000DBFB9FED570B04460E4653EC102B2846E7
:100FC00039461AF0D1FB2246334619F03DFF18EEA0
:100FD00010BA0546584688461BF078F99FED4E0B2F
:100FE00053EC102B1AF0C0FB2A46434619F02CFF95
:100FF00019F0C8FDDDF80480C8F8000048461BF071
:1010000065F9044650460D461BF060F99FED440B10
:1010100053EC102B1AF0A8FB9FED430B06460F462E
:1010200053EC102B204629461AF09EFB32463B46D5
:1010300019F00AFF044658460D461BF047F99FED8C
:101040003C0B53EC102B1AF08FFB22462B4619F069
:10105000FBFE19F097FDC8F8040048461BF036F96E
:10106000044650460D461BF031F99FED330B53EC0F
:10107000102B1AF079FB9FED320B06460F4653EC0E
:10108000102B204629461AF06FFB32463B4619F0DA
:10109000DBFE044658460D461BF018F99FED2A0B5F
:1010A00053EC102B1AF060FB22462B4619F0CCFEB5
:1010B00019F068FD029AC8F80800D1799079127A7F
:1010C000090241EA02419FED220B0844002153EC42
:1010D000102BC4F230311AF0F5FD19F053FD9FEDDD
:1010E0001E0A01EE100A039821EE000A80ED000AA4
:1010F0000CB0BDEC068B01B0BDE8F08F00BF00BFA7
:101100000000008000003043CC96EA6969D377BFC5
:1011100050826C09CF22F03F4129BFEE0A56833F2F
:101120006AC1A2921615F03FE81FFCC7B794973F1B
:10113000E00162108CB09D3F0F1F6C38255338BF03
:10114000B6F7DAFCDF9690BFFD9B1711A510F03FB4
:10115000000000000000304300401C42B0B582B0E7
:1011600042F6F054C2F200048DF807002078002106
:101170008DF8061080B9022000904CF61820C2F2BB
:1011800000000DF107010DF1060201230125F6F71C
:10119000A3FB002818BF25709DF8060002B0B0BD63
:1011A0002DE9F04F87B000208DF81B00FFF738FACB
:1011B0008020FFF7D3FF5520FFF7D0FF5520FFF722
:1011C000CDFF8DF81B00FFF723FA9620FEF76CFC8D
:1011D000FFF726FA8020FFF7C1FF5520FFF7BEFF7B
:1011E0005520FFF7BBFF8DF81B00FFF711FA962083
:1011F000FEF75AFCFFF714FA7E20FFF7AFFFB62088
:10120000FFF7ACFFFFF704FA5020FEF74BFCFFF7A7
:1012100007FA8020FFF7A2FF5520FFF79FFF552018
:10122000FFF79CFF8DF81B00FFF7F2F99620FEF701
:101230003BFCFFF7F5F98020FFF790FF5520FFF703
:101240008DFF5520FFF78AFF8DF81B00FFF7E0F9AF
:101250009620FEF729FC9DF81B001E2840F09A807E
:10126000FFF7DEF94020FFF779FFAC20FFF776FFAC
:10127000FFF7CEF99620FEF717FCFFF7D1F9C02053
:10128000FFF76CFF5520FFF769FF5520FFF766FF5A
:101290008DF81B00FFF7BCF99620FEF705FC9DF8C2
:1012A0001B004CF6C054AC28C0F6020479D1502083
:1012B000FEF7F8FBFFF7B4F97D20FFF74FFF04209E
:1012C000FFF74CFFFFF7A4F99620FEF7EDFBFFF7C1
:1012D000A7F9FD20FFF742FF5520FFF73FFF5520FC
:1012E000FFF73CFF8DF81B00FFF792F99620FEF701
:1012F000DBFB9DF81B00042850D15020FEF7D2FBE9
:10130000FFF78EF94120FFF729FF0320FFF726FFA3
:10131000FFF77EF99620FEF7C7FBFFF781F9C120A2
:10132000FFF71CFF5520FFF719FF5520FFF716FFA9
:101330008DF81B00FFF76CF99620FEF7B5FB9DF8C2
:101340001B0003282CD15020FEF7ACFBFFF768F9F7
:101350007C20FFF703FF0020FFF700FFFFF758F99D
:101360009620FEF7A1FBFFF75BF9FC20FFF7F6FEE6
:101370005520FFF7F3FE5520FFF7F0FE8DF81B0018
:10138000FFF746F99620FEF78FFB9DF81B0060B132
:10139000093406E0FF2007B0BDE8F08F033400E019
:1013A0000634A07807B0BDE8F08F5020FEF77AFB36
:1013B000FFF736F96D20FFF7D1FE0D20FFF7CEFEC7
:1013C000FFF726F99620FEF76FFBFFF729F9ED20CE
:1013D000FFF7C4FE5520FFF7C1FE5520FFF7BEFE04
:1013E0008DF81B00FFF714F99620FEF75DFB9DF8C2
:1013F0001B000D2840F097805020FEF753FBFFF7AD
:101400000FF99220FFF7AAFE9220FFF7A7FE5520C2
:10141000FFF7A4FE83465520FFF7A0FE8146552026
:10142000FFF79CFE80465520FFF798FE05465520A5
:10143000FFF794FE06465520FFF790FE0746FFF79C
:10144000E7F8FFF7EDF86D20FFF788FE0920FFF7BA
:1014500085FEFFF7DDF89620FEF726FBFFF7E0F8A4
:10146000ED20FFF77BFE5520FFF778FE5520FFF7B4
:1014700075FE8DF81B00FFF7CBF89620FEF714FBE6
:101480009DF81B00092851D15020CDE90458CDE921
:101490000276FEF707FBFFF7C3F89220FFF75EFE28
:1014A0009220FFF75BFE5520FFF758FE804655203F
:1014B000FFF754FE82465520FFF750FE04465520A4
:1014C000FFF74CFE07465520FFF748FE054655201E
:1014D000FFF744FE0646FFF79BF8FFF7A1F86D20E3
:1014E000FFF73CFE0020FFF739FEFFF791F896204A
:1014F000FEF7DAFAFFF794F8ED20FFF72FFE5520FC
:10150000FFF72CFE5520FFF729FE8DF81B00FFF793
:101510007FF89620FEF7C8FA9DF81B0060B1042002
:1015200007B0BDE8F08F04F10C0001E004F10F00FA
:10153000807807B0BDE8F08FCDE9006526464BEA1C
:10154000092448EA0A25FFF76BF87E20FFF706FE1C
:10155000B620FFF703FEFFF75BF85020FEF7A2FA74
:1015600020B229B2411A40F25550814218DBDDE920
:10157000042141EA022146EA072209B212B2891A7D
:1015800081420DDBDDE9021040EA0120DDE90021A6
:1015900000B241EA022109B2401AB0F52A7F03DA0B
:1015A000802007B0BDE8F08FFFF73AF88020FFF702
:1015B000D5FD5520FFF7D2FD5520FFF7CFFD8DF863
:1015C0001B00FFF725F89620FEF76EFAFFF728F8C4
:1015D0008020FFF7C3FD5520FFF7C0FD5520FFF722
:1015E000BDFD8DF81B00FFF713F89620FEF75CFA9F
:1015F000002007B0BDE8F08F42F6F050C2F20000C4
:10160000002101707047000080B584B002460020C0
:101610008DF80F0001200DF10F01CDE900104CF203
:10162000AC404FF0640CC2F200001C210123CDF845
:1016300008C0F8F707FE9DF80F0004B080BD000059
:1016400010B582B090F900200C46D1B24078C900A4
:1016500041EA50104FF60001CFF6FF719FED0E0BDF
:10166000002A48BF0843002180F0004053EC102BB3
:10167000C4F230311AF026FB19F084FA00EE100A99
:10168000B4EE001A20EE010AB3EE071A30EE010A9A
:1016900084ED000A02B010BD00000080000030435D
:1016A00080B584B002468DF80F1001200DF10F01B6
:1016B000CDE900104CF2AC404FF0640CC2F20000D7
:1016C0001C210123CDF808C0F8F718FE04B080BD36
:1016D00080B582B08DF806004CF258408DF80710A6
:1016E00042F2107CC2F200000DF1060280210223BA
:1016F000CDF800C0F8F7FCFE02B080BD10B504467E
:10170000012898BF012400BF2046EFF723FA0028E4
:1017100018BF10BD16F0A6F908B18047F4E7002005
:1017200010BD0000F0B581B00C460546012898BFF9
:101730000125042998BF04240027684621462A462B
:101740000097EFF75DFA009878B96E4616F08AF9BF
:1017500050B18047304621462A460097EFF750FAAD
:1017600000980028F2D000E0002001B0F0BD000099
:101770002DE9F0472DED068B82B090ED001B90ED2A
:10178000042B044690ED02AB90ED069BB0EE408A30
:1017900051EC120B53EC112BF0EE608A19F054FB54
:1017A00053EC1A2B8046894619F04EFB02460B4635
:1017B0004046494619F088FC55EC196B07468A46A5
:1017C00051EC180B32462B461AF07CFA02460B46B7
:1017D0003846514619F0C8FF32462B4619F034FB03
:1017E0009FED130B41EC180B0120002153EC102B43
:1017F000C8F20000C4F2303184ED068B1AF062FAB0
:101800003A4653461AF05EFA42464B4619F0ACFF90
:1018100041EC110BB0EE480AF0EE680A84ED041BAF
:1018200002B0BDEC068BBDE8F08700BF00BF00BF73
:1018300000000080000030432DE9F0414CF2584593
:10184000C2F200050446A8420CD04CF2AC40C2F2F1
:101850000000844206D04DF2AF30C0F602001321E2
:10186000F8F79AFEF8F722FF48F60C4848F62047AA
:10187000C2F20008C2F2000788B93E46AC4208BF77
:101880004646B06858B9F9F799F93946AC4208BFED
:10189000414648604CF2C060C0F22D00B060EFF3EA
:1018A000058030B14DF2AF30C0F602001E21F8F7CE
:1018B00073FEF8F7FBFE78B117F002FE3946AC4232
:1018C00008BF41460968884206D04DF2AF30C0F6E5
:1018D00002002021F8F760FE3E46AC4208BF4646B3
:1018E000307C00BB20688069800714D4F9F766F962
:1018F000391DAC4208BF08F1040107F1080209686C
:10190000AC4208BF08F108021268401A90423CBF7E
:101910000120BDE8F081AC4208BF4746F9680120CC
:101920003074481CF8600020BDE8F08170B590ED7F
:101930000A0AD1ED000A044600F2445678300D46FA
:1019400014F0E2FB287F86ED000A012813D194ED04
:101950000B0AD5ED010A04F5767014F0D5FB84ED81
:101960000C0A94ED0D0AD5ED020A04F58D6014F011
:10197000CBFB84ED0E0A94ED0C0AD5ED040A04F5B8
:10198000647014F0C1FB86ED010A94ED0E0AD5EDEA
:10199000050A04F5846014F0B7FB86ED020A70BDF9
:1019A000B0B582B000250446C5634563C562783092
:1019B00014F02AFB04F5647014F026FB04F576702D
:1019C00014F022FB04F5846014F01EFB04F58D6016
:1019D00014F01AFB04F5407014F016FB04F5527075
:1019E00014F012FB9FED100B1E20002153EC102B66
:1019F000C8F20000C4F23031A4F8685084F86D5089
:101A00001AF060F919F0BEF8A06240F24A60C4E929
:101A10000200C4E90400C4E90600C4E9080002B0F9
:101A2000B0BD00BF00BF00BF000000800000304319
:101A3000F0B581B008680C464FF4FA61B0F5FA6F62
:101A4000B8BF014642F2107548F6AD3605EB0131DC
:101A5000C6F6DB06A1FB0612520BB0F57A7F4FF0FB
:101A600000004FF000014FF4FA67B8BFCD22FDF738
:101A70004FFC60684FF4FA61B0F5FA6FB8BF0146E9
:101A800005EB0131A1FB0612520BB0F57A7F4FF046
:101A900001004FF00001B8BFCD22FDF739FCA0686E
:101AA0004FF4FA61B0F5FA6FB8BF014605EB0131AA
:101AB000A1FB0612520BB0F57A7F4FF002004FF0F7
:101AC0000001B8BFCD22FDF723FCE0684FF4FA61B6
:101AD000B0F5FA6FB8BF014605EB0131A1FB061264
:101AE000520BB0F57A7F4FF003004FF00001B8BF02
:101AF000CD22FDF70DFC20694FF4FA61B0F5FA6FC5
:101B0000B8BF014605EB0131A1FB0612520BB0F53F
:101B10007A7F4FF004004FF00001B8BFCD22FDF7EF
:101B2000F7FB60694FF4FA61B0F5FA6FB8BF014690
:101B300005EB0131A1FB0612520BB0F57A7F4FF095
:101B400005004FF00001B8BFCD22FDF7E1FBA06911
:101B50004FF4FA61B0F5FA6FB8BF014605EB0131F9
:101B6000A1FB0612520BB0F57A7F4FF006004FF042
:101B70000001B8BFCD22FDF7CBFBE069B0F5FA6FED
:101B8000B8BF074605EB0731A1FB0612520BB0F5B3
:101B90007A7FB8BFCD220720002101B0BDE8F04018
:101BA000FDF7B6BB10B5044690F8680000286ED16A
:101BB00094F8690000286AD140F63470C2F200003F
:101BC0004CF6CC610430C0F60201EEF7F7FD0028B8
:101BD0005DD0EEF7A9FD4CF6CC61A060C0F6020125
:101BE0000020EEF7EBFD002851D0EEF79DFD4CF6FE
:101BF000CC61E060C0F602010020EEF7DFFD0028B6
:101C000045D0EEF791FD4CF6CC612061C0F60201A3
:101C10000020EEF7D3FDD0B3EEF786FD4CF6CC6195
:101C20006061C0F602010020EEF7C8FD78B3EEF760
:101C30007BFD4CF6CC61A061C0F602010020EEF7FE
:101C4000BDFD20B3EEF770FD4CF6CC61E061C0F64F
:101C500002010020EEF7B2FD002808BF10BDEEF72C
:101C600063FD4CF6CC612062C0F602010020EEF765
:101C7000A5FD60B1EEF758FD02464CF6CC61C0F60A
:101C8000020100206262BDE81040EEF797BD10BD72
:101C900070B52DED0A8B8EB00D4604460DA9284671
:101CA00018F0A8FD0D98A84200F0358110EE101A2A
:101CB00021F00041B1F1FF4F80F22D8101782C29F4
:101CC00040F02981451C0DA92846B0EE40BA18F015
:101CD00091FD0D98A84200F01E8110EE101A21F01F
:101CE0000041B1F1FF4F80F2168101782C2940F0BC
:101CF0001281451C0DA92846B0EE408A18F07AFDE5
:101D00000D98A84200F0078110EE101A21F0004152
:101D1000B1F1FF4F80F2FF8001782C2940F0FB8069
:101D2000451C0DA92846B0EE409A18F063FD0D98A9
:101D3000A84200F0F08010EE101A21F00041B1F13D
:101D4000FF4F80F2E8800178202900F2E480DFE88C
:101D500011F07800E200E200E200E200E200E200BE
:101D6000E200E200E2002100E200E2002100E200E5
:101D7000E200E200E200E200E200E200E200E20053
:101D8000E200E200E200E200E200E200E200E20043
:101D9000E20021004178202900F2BD80DFE811F047
:101DA0005100BB00BB00BB00BB00BB00BB00BB00C5
:101DB000BB00BB002100BB00BB002100BB00BB007F
:101DC000BB00BB00BB00BB00BB00BB00BB00BB003B
:101DD000BB00BB00BB00BB00BB00BB00BB00BB002B
:101DE00021008178202900F29680DFE801F02A9412
:101DF00094949494949494941194941194949494A9
:101E000094949494949494949494949494941100A9
:101E1000C178202900F27F80DFE801F0137D7D7D0D
:101E20007D7D7D7D7D7D117D7D117D7D7D7D7D7DBA
:101E30007D7D7D7D7D7D7D7D7D7D7D7D1100043081
:101E400081E7B0EE40AA9FED4C0B002155EC106BE2
:101E5000C4F230314FF0004032462B4619F032FFC9
:101E600018F090FE01EE100AB4EEC1BAF1EE10FACD
:101E700051D464200021C8F20000C4F2303132464F
:101E80002B4619F01FFF18F07DFE01EE100AB4EE8C
:101E9000C1BAF1EE10FA3EDC1E200021C8F20000AB
:101EA000C4F2303132462B46B0EEC8CA19F00AFFF0
:101EB00018F068FE00EE100AB4EEC0CAF1EE10FA97
:101EC00029DC1E200021C8F20000C4F23031324665
:101ED0002B46B0EEC9CA19F0F5FE18F053FE00EE1D
:101EE000100AB4EEC0CAF1EE10FA14DCB4200021DE
:101EF000C8F20000C4F2303132462B46B0EECACAF6
:101F000019F0E0FE18F03EFE00EE100AB4EEC0CA72
:101F1000F1EE10FA04DD00200EB0BDEC0A8B70BDAE
:101F200064200021C8F20000C4F2303132462B4652
:101F300019F0C8FE18F026FE00EE100A2BEE000A7B
:101F400084ED0A0A2046B0EE480A01F041F884ED1B
:101F50000B0A2046B0EE490A01F03AF884ED0D0A6A
:101F60002046B0EE4A0A01F033F8012084ED0F0A52
:101F7000D2E700BF00BF00BF000000800000304378
:101F800090F86910012940D190F86810012918BF14
:101F900070472DE9F04385B040F63471C2F200017C
:101FA000043181460846EEF7BFFB9FED190B40F266
:101FB000000854EC105BC4F2303880F00040414619
:101FC0002A46234619F07EFE18F0DCFD1AF07EF951
:101FD0009FED110B53EC102B19F0C6FB0746B420F4
:101FE0000E46C8F2000041462A46234619F06AFE12
:101FF00002460B463846314619F066F818F0C2FD25
:10200000C9F83C0005B0BDE8F043704700BF00BF11
:102010000000008000003043182D4454FB2109408B
:1020200090F86820012A18BF70472DE9F04F81B061
:102030002DED0C8BA6B000F244540746FFF776FC5A
:1020400097F8746597F8752507F26C509FEDBA0BF9
:10205000049007F5B061039297F8762510F9068091
:10206000D7F8A00540F2000B94ED008A94ED01AA88
:1020700094ED029A0591D7F87CA551F8269007F1C6
:10208000080154EC105BC4F2303B0692019180F0E1
:10209000004059462A462346CDF81CA019F012FEEE
:1020A00018F070FD0BEE100A88F0004059462A46E1
:1020B0002346D84619F006FE18F064FD80F0004073
:1020C0000CEE100A6FF0004059462A46234619F0DC
:1020D000F9FD18F057FD00EE100A2AEE001A28EE5E
:1020E000002A32EE011A29EE000A30EE010A2CEE27
:1020F000000A30EE0B0ABDEEC00A10EE100A0021F5
:102100005045B8BFC9F10001C8BF49460844DDF8D1
:1021100004A0DDE9031BDDF814904AF826001BF942
:102120000160D7F8A40559F8211080F00040029111
:1021300041462A46234619F0C5FD18F023FD0BEE53
:10214000100A86F0004041462A46234619F0BAFD9F
:1021500018F018FD80F000400CEE100A6FF00040FF
:1021600041462A46234619F0ADFD18F00BFD00EE5E
:10217000100A01202AEE001A28EE000AC8F2000018
:1021800041462A46234630EE01DA19F09BFD18F04D
:10219000F9FC00EE100A29EE000A30EE0D0A2CEED2
:1021A000000A30EE0B0ABDEEC00A079910EE100AC5
:1021B00088424FF00001029AB8BF5142C8BF114691
:1021C000069A08441BF90260D7F8A81559F822802E
:1021D000039A23464AF8220081F000400021C4F20D
:1021E00030312A4619F06EFD18F0CCFC00210BEEC0
:1021F000100A86F00040C4F230312A4623468B464E
:1022000019F060FD18F0BEFC80F000400CEE100AE2
:102210006FF0004059462A46234619F053FD18F046
:10222000B1FC0DEE100A0120C8F2000059462A4602
:10223000234619F047FD18F0A5FC00EE100A2AEE1F
:10224000000A28EE0D1A31EE000A29EE0D1A31EEC1
:10225000000A2CEE000A30EE0B0ABDEEC00ADDF8D3
:102260001C9010EE100A00214845B8BFC8F10001CB
:10227000C8BF414697F8778508440499059A11F933
:102280000860D7F8AC1552F82870069A23464AF829
:10229000220081F0004059462A4619F013FD18F03B
:1022A00071FC0BEE100A86F0004059462A46234680
:1022B00019F008FD18F066FC80F000400CEE100AE2
:1022C0006FF0004059462A46234619F0FBFC18F0EF
:1022D00059FC0DEE100A0120C8F2000059462A46AA
:1022E000234619F0EFFC18F04DFC00EE100A2AEE20
:1022F000001A28EE0D2A32EE011A29EE000A30EEFD
:10230000010A2CEE000A30EE0B0ABDEEC00A10EEF8
:10231000100A00214845B8BF7942C8BF3946084471
:102320004AF8280026B0BDEC0C8B01B0BDE8F04F98
:10233000704700BF00BF00BF0000008000003043B6
:102340002DE9F04F81B02DED048BA4B0054690F837
:102350006800012840F0A68195F86900012868D13D
:10236000087F002875D091ED030A95ED0F1A8B4672
:1023700030EE410A10EE100A19F0A8FF9FEDCE0BC7
:1023800058EC109B4A46434618F05EFD9FEDC80B83
:1023900040F2000A41EC180B57EC104B0220C4F23B
:1023A000303AC8F20000514622463B4619F08AFCFA
:1023B0004A46434619F0D8F941EC110BB0EE480AF1
:1023C000F0EE680A17F00CFF51EC100B18F0DAFB76
:1023D000064608EE100A4FF00040514622463B46A2
:1023E00019F070FC18F0CEFB00EE100AB4EEC08AB3
:1023F000F1EE10FA30D502200021C8F20000C4F23C
:10240000303122463B4619F05DFC044630460F460B
:1024100019F05CFF06468A46204639464A4643463E
:1024200019F0A2F93246534618F00EFD18F0AAFB37
:1024300013E09FED9F0B002153EC102BC4F23031C1
:102440004FF0004019F03EFC18F09CFB08EE100A1B
:102450002CE095ED100A1DE0304619F037FF4A4692
:10246000434619F02FFC18F08DFB9FED950B08EEFD
:10247000100A686451EC100B05F5527418F082FBD9
:1024800000EE100A2046F0EE480A13F03DFE5946D1
:1024900085ED100AD1ED060A05F5407013F034FE03
:1024A00005F5AA60B0EE408A80ED000A95F86D004F
:1024B00095F878A505F26C5105EB00100A9105F529
:1024C000B062D5F87C3511F90A4001469FED780BD2
:1024D0000B9252F82A800790D0F8C404D1F8C8248F
:1024E000D1F8CC140026089305F1080357EC10BB73
:1024F000C4F2303609930592069180F000403146CF
:102500005A463B46029719F0DDFB18F03BFB09EEFB
:10251000100A84F0004031465A463B4619F0D2FB7F
:1025200018F030FB00EE100A20EE080A30EE090A1F
:10253000BDEEC00A089C10EE100A0021A042B8BFF0
:10254000C8F10001C8BF4146099E084495F8798545
:1025500046F82A000A9840F2000910F908A00B98E2
:102560005F4650F82800CDF804B0039005985A460D
:10257000DDF808B0C4F2303980F0004049465B46CF
:10258000049519F09FFB18F0FDFA09EE100A8AF085
:10259000004049463A465B4619F094FB18F0F2FABF
:1025A00000EE100A20EE080A30EE090ABDEEC00A5D
:1025B00010EE100A0021A042039AB8BF5142C8BFD2
:1025C00011460844A14695F87A4546F828000B982C
:1025D000DDF8288050F824A006980026019DC4F25A
:1025E000303618F9047080F0004031462A465B46C8
:1025F00019F068FB18F0C6FA09EE100AC7F100409E
:1026000031462A465B4619F05DFB18F0BBFA00EE36
:10261000100A20EE080A30EE090ABDEEC00A10EEDC
:10262000100A00214845B8BFCAF10001C8BF514691
:10263000DDF824A0084404994AF82400079891F88A
:102640007B75D0F8D0040B9918F9074051F8278012
:1026500080F0004031462A465B4619F033FB18F003
:1026600091FA09EE100AC4F1004031462A465B4651
:1026700019F028FB18F086FA00EE100A20EE080A7E
:1026800030EE090ABDEEC00A089910EE100A884221
:102690004FF00001B8BFC8F10001C8BF414608446F
:1026A0004AF8270024B0BDEC048B01B0BDE8F08FE0
:1026B0000000008000003043182D4454FB210940E5
:1026C000000000000000000090F86810012918BF09
:1026D000704740F63471C2F200018A8844F64F63B5
:1026E0009A4208D0898844F24F62914204BF002187
:1026F00080F869107047D0F82029012180F869100E
:10270000C2637047000000002DE9F04F81B02DED4D
:10271000028B9CB040F6F018C2F20008044600F2AA
:102720006C5041464FF46172EEF729F904F17800DC
:1027300008F1B4014822EEF722F908F1FC0604F58D
:10274000847031464822EEF71AF908F5A27704F1B1
:10275000C00039464822EEF712F908F5C67504F5AF
:10276000F07029464822EEF70AF904F51C7031464C
:102770004822EEF704F904F50A7039464822EEF7CC
:10278000FEF804F52E7029464822EEF7F8F804F515
:10279000407008F5EA714822EEF7F1F804F552703E
:1027A00008F507714822EEF7EAF804F5647008F5B9
:1027B00019714822EEF7E3F804F5767008F52B71ED
:1027C0004822EEF7DCF804F5846008F53D714822F4
:1027D000EEF7D5F804F58D6008F54F714822EEF755
:1027E000CEF89FEDFD0B002559EC10ABC4F230354F
:1027F0004FF00040294652464B4619F063FA18F054
:10280000C1F9E0654FF00040294652464B4619F0A9
:1028100059FA18F0B7F92066002001214CF65856F5
:10282000A4F86800A4F86B00C4E91C0184F86D00EA
:1028300004F5966757200DF16205C0F602068DF883
:1028400062000DF1630B0DF164081AA839462A469F
:1028500033461995CDE9008B14F0BAFC1A98022181
:10286000417253208DF862001AA839462A46334631
:102870001995CDE9008B14F0ABFC1A980321417235
:1028800041208DF862001AA839462A463346199528
:10289000CDE9008B14F09CFC1A980421417244206D
:1028A0008DF862001AA839462A4633461995CDE9B3
:1028B000008B14F08DFC1A98052141725A208DF876
:1028C00062001AA839462A4633461995CDE9008B8D
:1028D00014F07EFC1A980121417245208DF86200A7
:1028E0001AA839462A4633461995CDE9008B14F0CB
:1028F0006FFC1A980621417251208DF862001AA8C7
:1029000039462A4633461995CDE9008B14F060FC10
:102910001A980721417204F5C2630FCB04F5B6671C
:10292000C4F8C404C4F8C814C4F8CC24C4F8D0341F
:102930008FCFC4F8F47404F5BA67C4F8E404C4F89B
:10294000E814C4F8EC24C4F8F0348FCFD4F8C4658C
:10295000D4F8C855D4F8CCC5C4F8103504F5C26312
:10296000C4F80405C4F80815C4F80C250FCBC4F846
:10297000F864C4F8FC54C4F800C5D4F8E465D4F88D
:10298000E855D4F8ECC5C4F8147504F5BE67C4F86E
:10299000D404C4F8D814C4F8DC24C4F8E0348FCFCD
:1029A000C4F81865C4F81C55C4F820C5D4F80466EA
:1029B000D4F80856D4F80CC6C4F824050420C4F88A
:1029C0002815C4F82C25C4F83035C4F83475C4F87B
:1029D0003865C4F83C55C4F840C5FDF741F80520FA
:1029E000F1F72AFD00200021FEF772FE00263220BA
:1029F000C4F23036C8F20000314652464B4619F058
:102A000061F918F0BFF800EE100AFCF7C5FCD4F825
:102A10007C0548F6AD35A0600003C6F6DB0550FB2B
:102A200005F0411301EBD07080F000403146524672
:102A30004B4619F047F918F0A5F800EE100AB6EE6B
:102A4000008A30EE080A17F04BFBBCEEC00A10EE0D
:102A5000102A00200021FCF75BFCD4F87C055246CC
:102A6000E060000350FB05F0411301EBD07080F0F3
:102A7000004031464B4619F025F918F083F800EE76
:102A8000100A30EE080A17F02BFBBCEEC00A10EE5D
:102A9000102A01200021FCF73BFCD4F87C055246AB
:102AA0002061000350FB05F0411301EBD07080F072
:102AB000004031464B4619F005F918F063F800EE76
:102AC000100A30EE080A17F00BFBBCEEC00A10EE3D
:102AD000102A02200021FCF71BFCD4F87C0552468A
:102AE0006061000350FB05F0411301EBD07080F0F2
:102AF000004031464B4619F0E5F818F043F800EE77
:102B0000100A30EE080A17F0EBFABCEEC00A10EE1D
:102B1000102A03200021FCF7FBFBD4F87C05524669
:102B2000A061000350FB05F0411301EBD07080F071
:102B3000004031464B4619F0C5F818F023F800EE76
:102B4000100A30EE080A17F0CBFABCEEC00A10EEFD
:102B5000102A04200021FCF7DBFBD4F87C05524648
:102B6000E061000350FB05F0411301EBD07080F0F1
:102B7000004031464B4619F0A5F818F003F800EE76
:102B8000100A30EE080A17F0ABFABCEEC00A10EEDD
:102B9000102A05200021FCF7BBFBD4F87C05524627
:102BA0002062000350FB05F0411301EBD07080F070
:102BB000004031464B4619F085F817F0E3FF00EE70
:102BC000100A30EE080A17F08BFABCEEC00A00F0CB
:102BD00007B800BF00BF00BF000000800000304306
:102BE00010EE102A06200021FCF792FBD4F87C0599
:102BF00052466062000350FB05F0411301EBD070B8
:102C000080F0004031464B4619F05CF817F0BAFFEF
:102C100000EE100A30EE080A17F062FABCEEC00AA5
:102C200010EE102A07200021FCF772FB1CB0BDEC4F
:102C3000028B01B0BDE8F08FB0B588B00446042027
:102C4000FCF70EFF00200790EFF31080EFF31081E8
:102C500072B640F26021C2F2000101F19C0591F8C8
:102C6000A8102CCD8DF81C104BF6B411C2F2000147
:102C7000CDE900230295D1F82021D1E94B35D1F8D7
:102C80004011CDE90553CDE903216D4680F310884D
:102C900020462946FFF7C4F920462946FFF750FB96
:102CA00004F1080108B0BDE8B040FEF7C1BE000065
:102CB000F0B58BB040F23026C2F20006716832786F
:102CC000044640F63470C2F20000EDF7C8FD40B98A
:102CD000D6E90210C20704EB600001D00268515827
:102CE00088477169327C40F63470C2F20000EDF71B
:102CF000B6FD40B9D6E90610C20704EB600001D06A
:102D000002685158884740F63475716A96F8202059
:102D1000C2F200052846EDF7A2FD40B9D6E90A1037
:102D2000C20704EB600001D002685158884794F84C
:102D3000680001282CD1288844F6446188422ED0AE
:102D4000288845F2550188424AD0D4F8B4040028B6
:102D50007DD04FF0553101EA5001411A4FF0333325
:102D600003EA910321F0CC31194401EB111121F058
:102D7000F0314FF0013359432A784FEA116EBEF11A
:102D8000010F04F5966139D8431E03EA02063DE0BF
:102D9000288844F64F61884208D00BB0F0BD94ED0E
:102DA0000A0AB7EE001A30EE010A23E0012004F609
:102DB000241184F86800D4F87C05D1ED000A9FED59
:102DC0007C0AC4E90200C4E90400C4E90600C4E9BD
:102DD000080017F0BDF99FED771A20EE010A09E00F
:102DE00094ED0A0AB7EE001A70EE410A9FED700AE0
:102DF00017F0AEF984ED0A0A0BB0F0BD904216460A
:102E000004D8C3B2B2FBF3F606FB13260B6853F8E3
:102E10002630E3B11D68D5B1A0F1010C06E000BF7A
:102E20002B7A934200F0A4802D6885B16B689342A1
:102E3000F6D0BEF1010F02D803EA0C0305E083428D
:102E400003D3B3FBF0F707FB1033B342ECD040F6EB
:102E50003475C2F2000558A128460322EDF7B4FCF0
:102E600028B3286845F25201C3F6592188424DD053
:102E7000288843F6482188427FF48FAFA81CEDF7DD
:102E800053FC9FED470B002153EC102B80F00040CA
:102E9000C4F2303118F016FF9FED430B53EC102BAA
:102EA00018F012F917F06EFEA0620BB0F0BDD4F866
:102EB0007C55002044F8085F9FED390BA4F86000B2
:102EC0001E20002153EC102BC8F20000C4F2303158
:102ED000C4E90155C4E90355C4E90555E56118F095
:102EE000F1FE17F04FFE206294F8700594F871150A
:102EF00094F8732594F8723544F8225044F823501E
:102F000044F8215044F820500BB0F0BD40F6347026
:102F1000C2F2000029A10622EDF756FC18B340F6D4
:102F20003470C2F2000027A10722EDF74DFC002803
:102F30007FF433AF002084F86900D4F87C0594F85E
:102F4000782594F8793594F87B7594F87A6504F1CE
:102F5000080141F8270041F8260041F8230041F814
:102F600022000BB0F0BD012084F869000BB0F0BD69
:102F70004CF658538DF81E200DF11E020DF11F075F
:102F800008AEC0F6020309A80892CDE9006714F064
:102F90001FF90998407A84F86D000BB0F0BD00BFAE
:102FA00000000080000030430000000000002440CA
:102FB000000000000000C8424F4646005250593AF7
:102FC0004F4E00005250593A4F4646000000000054
:102FD000B0B582B010EE100A19F078F99FED100B21
:102FE00053EC102B18F0C0FB9FED0F0B04460D4661
:102FF000B420002153EC102BC8F20000C4F2303191
:1030000018F060FE02460B462046294618F05CF890
:1030100017F0B8FD00EE100A02B0B0BD00BF00BF4F
:10302000182D4454FB21094000000080000030436B
:103030002DE9F041ADF5D26D04464CF65C509FEDA4
:10304000FC0BC0F60200083055EC106B20604FF00E
:10305000000830462946C4E90288C4E90488C4E966
:103060000688C4E9088817F08DFDE06230462946DD
:1030700017F088FD20633046294617F083FD606312
:103080003046294617F07EFDA0633046294617F0EA
:1030900079FDE0633046294617F074FD9FEDE60B9D
:1030A000002755EC106BC4F2303720644FF000401D
:1030B000394632462B4618F005FE17F063FDA0672F
:1030C0004FF00040394632462B4618F0FBFD17F012
:1030D00059FDC4E91F084FF00040394632462B46DF
:1030E000C4E92188C4F88C8018F0ECFD17F04AFD83
:1030F000C4F890004FF00040394632462B4618F095
:10310000E1FD17F03FFDC4F894004FF00040394650
:1031100032462B4618F0D6FD17F034FDC4F898005F
:103120004FF00040394632462B4618F0CBFD17F0E1
:1031300029FDC4F89C004FF00040394632462B462A
:1031400018F0C0FD17F01EFDC4F8A0004FF00040BD
:10315000394632462B4618F0B5FD17F013FDC4F87A
:10316000A4004FF00040394632462B4618F0AAFD25
:1031700017F008FDC4F8A8004FF000403946324669
:103180002B4618F09FFD17F0FDFCC4F8AC004FF083
:103190000040394632462B4618F094FD17F0F2FCF9
:1031A000C4F8B0004FF00040394632462B4618F0C4
:1031B00089FD17F0E7FCC4F8B4004FF00040394631
:1031C00032462B4618F07EFD17F0DCFCC4F8B80040
:1031D0004FF00040394632462B4618F073FD17F089
:1031E000D1FCC4F8BC004FF00040394632462B46B3
:1031F00018F068FD17F0C6FCC4F8C0004FF000409E
:10320000394632462B4618F05DFD17F0BBFCC4E989
:1032100031084FF00040394632462B46C4E9338826
:10322000C4F8D48018F04EFD17F0ACFCC4F8D800F8
:103230004FF00040394632462B4618F043FD17F058
:10324000A1FCC4F8DC004FF00040394632462B4662
:1032500018F038FD17F096FCC4F8E0004FF000407D
:10326000394632462B4618F02DFD17F08BFCC4F87A
:10327000E4004FF00040394632462B4618F022FD5C
:1032800017F080FCC4F8E8004FF0004039463246A1
:103290002B4618F017FD17F075FCC4F8EC004FF042
:1032A0000040394632462B4618F00CFD17F06AFCF8
:1032B000C4F8F0004FF00040394632462B4618F073
:1032C00001FD17F05FFCC4F8F4004FF000403946F0
:1032D00032462B4618F0F6FC17F054FCC4F8F80000
:1032E0004FF00040394632462B4618F0EBFC17F001
:1032F00049FCC4F8FC004FF00040394632462B46EA
:1033000018F0E0FC17F03EFCC4F800014FF000405C
:10331000394632462B4618F0D5FC17F033FCC4F87A
:1033200004014FF00040394632462B4618F0CAFCE3
:1033300017F028FCC4F808014FF000403946324627
:103340002B4618F0BFFC17F01DFCC4E943084FF0F2
:103350000040394632462B46C4E94588C4F81C81F2
:1033600018F0B0FC17F00EFCC4F820014FF000403C
:10337000394632462B4618F0A5FC17F003FCC4F87A
:1033800024014FF00040394632462B4618F09AFC93
:1033900017F0F8FBC4F828014FF0004039463246D8
:1033A0002B4618F08FFC17F0EDFBC4F82C014FF002
:1033B0000040394632462B4618F084FC17F0E2FBF9
:1033C000C4F830014FF00040394632462B4618F021
:1033D00079FC17F0D7FBC4F834014FF000403946B0
:1033E00032462B4618F06EFC17F0CCFBC4F83801BF
:1033F0004FF00040394632462B4618F063FC17F078
:10340000C1FBC4F83C014FF00040394632462B4620
:1034100018F058FC17F0B6FBC4F840014FF000401C
:10342000394632462B4618F04DFC00F009B800BF73
:103430000000000000000000000000800000304399
:1034400017F0A0FBC4F844014FF000403946324663
:103450002B4618F037FC17F095FBC4F848014FF0E5
:103460000040394632462B4618F02CFC17F08AFBF8
:10347000C4F84C014FF00040394632462B4618F054
:1034800021FC17F07FFBC4F850014FF00040394693
:1034900032462B4618F016FC17F074FBC4E95508A9
:1034A0004FF00040394632462B46C4E95788C4F8ED
:1034B000648118F007FC17F065FBC4F868014FF051
:1034C0000040394632462B4618F0FCFB17F05AFBF9
:1034D000C4F86C014FF00040394632462B4618F0D4
:1034E000F1FB17F04FFBC4F870014FF00040394674
:1034F00032462B4618F0E6FB17F044FBC4F8740183
:103500004FF00040394632462B4618F0DBFB17F0EF
:1035100039FBC4F878014FF00040394632462B465B
:1035200018F0D0FB17F02EFBC4F87C014FF00040E0
:10353000394632462B4618F0C5FB17F023FBC4F87A
:1035400080014FF00040394632462B4618F0BAFB56
:1035500017F018FBC4F884014FF00040394632469A
:103560002B4618F0AFFB17F00DFBC4F888014FF0A5
:103570000040394632462B4618F0A4FB17F002FBF8
:10358000C4F88C014FF00040394632462B4618F003
:1035900099FB17F0F7FAC4F890014FF00040394654
:1035A00032462B4618F08EFB17F0ECFAC4F8940163
:1035B0004FF00040394632462B4618F083FB17F097
:1035C000E1FAC4F898014FF00040394632462B46E4
:1035D00018F078FB17F0D6FAC4E967084FF00040FE
:1035E000394632462B46C4E96988C4F8AC8118F0E4
:1035F00069FB17F0C7FAC4F8B0014FF00040394634
:1036000032462B4618F05EFB17F0BCFAC4F8B40142
:103610004FF00040394632462B4618F053FB17F066
:10362000B1FAC4F8B8014FF00040394632462B4693
:1036300018F048FB17F0A6FAC4F8BC014FF00040A0
:10364000394632462B4618F03DFB17F09BFAC4F87A
:10365000C0014FF00040394632462B4618F032FB8D
:1036600017F090FAC4F8C4014FF0004039463246D2
:103670002B4618F027FB17F085FAC4F8C8014FF065
:103680000040394632462B4618F01CFB17F07AFAF8
:10369000C4F8CC014FF00040394632462B4618F0B2
:1036A00011FB17F06FFAC4F8D0014FF00040394613
:1036B00032462B4618F006FB17F064FAC4F8D40122
:1036C0004FF00040394632462B4618F0FBFA17F00F
:1036D00059FAC4F8D8014FF00040394632462B461B
:1036E00018F0F0FA17F04EFAC4F8DC014FF0004081
:1036F000394632462B4618F0E5FA17F043FAC4F87B
:10370000E0014FF00040394632462B4618F0DAFA15
:1037100017F038FAC4E979084FF0004039463246CC
:103720002B46C4E97B88C4F8F48118F0CBFA17F073
:1037300029FAC4F8F8014FF00040394632462B46CA
:1037400018F0C0FA17F01EFAC4F8FC014FF0004060
:10375000394632462B4618F0B5FA17F013FAC4F87A
:1037600000024FF00040394632462B4618F0AAFAC4
:1037700017F008FAC4F804024FF000403946324608
:103780002B4618F09FFA17F0FDF9C4F808024FF025
:103790000040394632462B4618F094FA17F0F2F9F9
:1037A000C4F80C024FF00040394632462B4618F060
:1037B00089FA17F0E7F9C4F810024FF000403946D3
:1037C00032462B4618F07EFA17F0DCF9C4F81402E2
:1037D0004FF00040394632462B4618F073FA17F086
:1037E000D1F9C4F818024FF00040394632462B4652
:1037F00018F068FA17F0C6F9C4F81C024FF0004040
:10380000394632462B4618F05DFA17F0BBF9C4F87A
:1038100020024FF00040394632462B4618F052FA4B
:1038200017F0B0F9C4F824024FF000403946324690
:103830002B4618F047FA17F0A5F9C4F828024FF004
:103840000040394632462B4618F03CFA17F09AF9F8
:10385000C4E98B084FF00040394632462B46C4E994
:103860008D88C4F83C8218F02DFA17F08BF9C4F853
:1038700040024FF00040394632462B4618F022FAFB
:1038800017F080F9C4F844024FF000403946324640
:103890002B4618F017FA17F075F9C4F848024FF0E4
:1038A0000040394632462B4618F00CFA17F06AF9F8
:1038B000C4F84C024FF00040394632462B4618F00F
:1038C00001FA17F05FF9C4F850024FF00040394692
:1038D00032462B4618F0F6F917F054F9C4F85402A2
:1038E0004FF00040394632462B4618F0EBF917F0FE
:1038F00049F9C4F858024FF00040394632462B4689
:1039000018F0E0F917F03EF9C4F85C024FF00040FF
:10391000394632462B4618F0D5F917F033F9C4F87A
:1039200060024FF00040394632462B4618F0CAF983
:1039300017F028F9C4F864024FF0004039463246C7
:103940002B4618F0BFF917F01DF9C4F868024FF0C4
:103950000040394632462B4618F0B4F917F012F9F8
:10396000C4F86C024FF00040394632462B4618F03E
:10397000A9F917F007F9C4F870024FF00040394672
:1039800032462B4618F09EF917F0FCF8C4E99D0862
:103990004FF00040394632462B46C4E99F88C4F8B0
:1039A000848218F08FF917F0EDF8C4F888024FF010
:1039B0000040394632462B4618F084F917F0E2F8F9
:1039C000C4F88C024FF00040394632462B4618F0BE
:1039D00079F917F0D7F8C4F890024FF00040394653
:1039E00032462B4618F06EF917F0CCF8C4F8940262
:1039F0004FF00040394632462B4618F063F917F075
:103A0000C1F8C4F898024FF00040394632462B46C0
:103A100018F058F917F0B6F8C4F89C024FF00040BF
:103A2000394632462B4618F04DF917F0ABF8C4F87A
:103A3000A0024FF00040394632462B4618F042F9BA
:103A400017F0A0F8C4F8A4024FF0004039463246FF
:103A50002B4618F037F917F095F8C4F8A8024FF084
:103A60000040394632462B4618F02CF917F08AF8F8
:103A7000C4F8AC024FF00040394632462B4618F0ED
:103A800021F917F07FF8C4F8B0024FF00040394632
:103A900032462B4618F016F917F074F8C4F8B40241
:103AA0004FF00040394632462B4618F00BF917F01C
:103AB00069F8C4F8B8024FF00040394632462B4648
:103AC00018F000F917F05EF8C4E9AF084FF00040B5
:103AD000394632462B46C4E9B188C4F8CC8218F086
:103AE000F1F817F04FF8C4F8D0024FF00040394613
:103AF00032462B4618F0E6F817F044F8C4F8D40222
:103B00004FF00040394632462B4618F0DBF817F0EC
:103B100039F8C4F8D8024FF00040394632462B46F7
:103B200018F0D0F817F02EF8C4F8DC024FF000407F
:103B3000394632462B4618F0C5F817F023F8C4F87A
:103B4000E0024FF00040394632462B4618F0BAF8F2
:103B500017F018F8C4F8E4024FF000403946324636
:103B60002B4618F0AFF817F00DF8C4F8E8024FF044
:103B70000040394632462B4618F0A4F817F002F8F8
:103B8000C4F8EC024FF00040394632462B4618F09C
:103B900099F816F0F7FFC4F8F0024FF000403946EC
:103BA00032462B4618F08EF816F0ECFFC4F8F402FB
:103BB0004FF00040394632462B4618F083F816F095
:103BC000E1FFC4F8F8024FF00040394632462B4678
:103BD00018F078F816F0D6FFC4F8FC024FF0004059
:103BE000394632462B4618F06DF816F0CBFFC4F874
:103BF00000034FF00040394632462B4618F062F879
:103C000016F0C0FFC4E9C1084FF000403946324603
:103C10002B46C4E9C388C4F8148318F053F816F08F
:103C2000B1FFC4F818034FF00040394632462B4626
:103C300018F048F816F0A6FFC4F81C034FF0004037
:103C4000394632462B4618F03DF816F09BFFC4F873
:103C500020034FF00040394632462B4618F032F828
:103C600016F090FFC4F824034FF000403946324666
:103C70002B4618F027F816F085FFC4F828034FF0FC
:103C80000040394632462B4618F01CF816F07AFFF1
:103C9000C4F82C034FF00040394632462B4618F04A
:103CA00011F816F06FFFC4F830034FF000403946AA
:103CB00032462B4618F006F816F064FFC4F83403B9
:103CC0004FF00040394632462B4617F0FBFF16F006
:103CD00059FFC4F838034FF00040394632462B46AE
:103CE00017F0F0FF16F04EFFC4F83C034FF0004011
:103CF000394632462B4617F0E5FF16F043FFC4F86D
:103D000040034FF00040394632462B4617F0DAFFA9
:103D100016F038FFC4F844034FF0004039463246ED
:103D20002B4617F0CFFF16F02DFFC4F848034FF0D5
:103D30000040394632462B4617F0C4FF16F022FFEA
:103D4000C4E9D3084FF00040394632462B46C4E957
:103D5000D588C4F85C8317F0B5FF16F013FFC4F8DC
:103D600060034FF00040394632462B4617F0AAFF59
:103D700016F008FFC4F864034FF00040394632469D
:103D80002B4617F09FFF16F0FDFEC4F868034FF0B6
:103D90000040394632462B4617F094FF16F0F2FEEB
:103DA000C4F86C034FF00040394632462B4617F0FA
:103DB00089FF16F0E7FEC4F870034FF00040394663
:103DC00032462B4617F07EFF16F0DCFEC4F8740373
:103DD0004FF00040394632462B4617F073FF16F07D
:103DE000D1FEC4F878034FF00040394632462B46E6
:103DF00017F068FF16F0C6FEC4F87C034FF00040D1
:103E0000394632462B4617F05DFF16F0BBFEC4F86C
:103E100080034FF00040394632462B4617F052FFE0
:103E200016F0B0FEC4F884034FF000403946324625
:103E30002B4617F047FF16F0A5FEC4F888034FF095
:103E40000040394632462B4617F03CFF16F09AFEEA
:103E5000C4F88C034FF00040394632462B4617F029
:103E600031FF16F08FFEC4F890034FF00040394642
:103E700032462B4617F026FF16F084FEC4E9E5080B
:103E80004FF00040394632462B46C4E9E788C4F873
:103E9000A48317F017FF16F075FEC4F8A8034FF0BF
:103EA0000040394632462B4617F00CFF16F06AFEEA
:103EB000C4F8AC034FF00040394632462B4617F0A9
:103EC00001FF16F05FFEC4F8B0034FF00040394622
:103ED00032462B4617F0F6FE16F054FEC4F8B40333
:103EE0004FF00040394632462B4617F0EBFE16F0F5
:103EF00049FEC4F8B8034FF00040394632462B461D
:103F000017F0E0FE16F03EFEC4F8BC034FF0004090
:103F1000394632462B4617F0D5FE16F033FEC4F86C
:103F2000C0034FF00040394632462B4617F0CAFE18
:103F300016F028FEC4F8C4034FF00040394632465C
:103F40002B4617F0BFFE16F01DFEC4F8C8034FF055
:103F50000040394632462B4617F0B4FE16F012FEEA
:103F6000C4F8CC034FF00040394632462B4617F0D8
:103F7000A9FE16F007FEC4F8D0034FF00040394602
:103F800032462B4617F09EFE16F0FCFDC4F8D40313
:103F90004FF00040394632462B4617F093FE16F09C
:103FA000F1FDC4F8D8034FF00040394632462B46A5
:103FB00017F088FE16F0E6FDC4E9F7084FF0004060
:103FC000394632462B46C4E9F988C4F8EC8317F029
:103FD00079FE16F0D7FDC4F8F0034FF000403946E3
:103FE00032462B4617F06EFE16F0CCFDC4F8F403F3
:103FF0004FF00040394632462B4617F063FE16F06C
:10400000C1FDC4F8F8034FF00040394632462B4654
:1040100017F058FE16F0B6FDC4F8FC034FF0004050
:10402000394632462B4617F04DFE16F0ABFDC4F86C
:1040300000044FF00040394632462B4617F042FE4E
:1040400016F0A0FDC4F804044FF000403946324693
:104050002B4617F037FE16F095FDC4F808044FF014
:104060000040394632462B4617F02CFE16F08AFDEA
:10407000C4F80C044FF00040394632462B4617F086
:1040800021FE16F07FFDC4F810044FF000403946C1
:1040900032462B4617F016FE16F074FDC4F81404D1
:1040A0004FF00040394632462B4617F00BFE16F013
:1040B00069FDC4F818044FF00040394632462B46DB
:1040C00017F000FE16F05EFDC4F81C044FF000402F
:1040D000394632462B4617F0F5FD16F053FDC4F86D
:1040E00020044FF00040394632462B4617F0EAFDD7
:1040F00016F048FDC4F824044FF00040394632461B
:104100002B46C4F82884C4F82C84C4F83084C4F83E
:10411000348417F0D7FD16F035FDC4F838044FF09D
:104120000040394632462B4617F0CCFD16F02AFDEA
:10413000C4F83C044FF00040394632462B4617F095
:10414000C1FD16F01FFDC4F840044FF00040394691
:1041500032462B4617F0B6FD16F014FDC4F84404A1
:104160004FF00040394632462B4617F0ABFD16F0B3
:1041700009FDC4F848044FF00040394632462B464A
:1041800017F0A0FD16F0FEFCC4F84C044FF0004000
:10419000394632462B4617F095FD16F0F3FCC4F86D
:1041A00050044FF00040394632462B4617F08AFD46
:1041B00016F0E8FCC4F854044FF00040394632468B
:1041C0002B4617F07FFD16F0DDFCC4F858044FF0C5
:1041D0000040394632462B4617F074FD16F0D2FCEB
:1041E000C4F85C044FF00040394632462B4617F0C5
:1041F00069FD16F0C7FCC4F860044FF00040394672
:1042000032462B4617F05EFD16F0BCFCC4F8640481
:104210004FF00040394632462B4617F053FD16F05A
:10422000B1FCC4F868044FF00040394632462B46D2
:1042300017F048FD16F0A6FCC4F86C044FF00040DF
:10424000394632462B46C4F87084C4F87484C4F8E6
:104250007884C4F87C8417F035FD16F093FCC4F81C
:1042600080044FF00040394632462B4617F02AFDB5
:1042700016F088FCC4F884044FF0004039463246FA
:104280002B4617F01FFD16F07DFCC4F888044FF094
:104290000040394632462B4617F014FD16F072FCEA
:1042A000C4F88C044FF00040394632462B4617F0D4
:1042B00009FD16F067FCC4F890044FF00040394641
:1042C00032462B4617F0FEFC16F05CFCC4F8940452
:1042D0004FF00040394632462B4617F0F3FC16F0FB
:1042E00051FCC4F898044FF00040394632462B4642
:1042F00017F0E8FC16F046FCC4F89C044FF00040B0
:10430000394632462B4617F0DDFC16F03BFCC4F86C
:10431000A0044FF00040394632462B4617F0D2FC3D
:1043200016F030FCC4F8A4044FF000403946324681
:104330002B4617F0C7FC16F025FCC4F8A8044FF074
:104340000040394632462B4617F0BCFC16F01AFCEA
:104350004FF07E51C4F8AC0404F26C50C4F8B08441
:10436000C4F8B484C4F8B884C4F8BC84C4F8C014D5
:104370000FF042FF04F50F605221ECF75CFB204682
:104380000DF5D26DBDE8F081B0B504464CF65C5138
:10439000D0F8B804C0F602010831216030B100BF86
:1043A000056813F0A1FB002D2846F9D1D4F8B0041C
:1043B00000210028C4F8B01418BF13F095FB204664
:1043C000B0BD00000000000070B582B09FED500B42
:1043D0000D460021044653EC102BC4F230314FF04F
:1043E000004017F06FFC16F0CDFB04EB8501C1F81F
:1043F000280204F5D076705D40B92046294600F0C9
:1044000061FA2046294600F0D3F9705540F2381081
:10441000C2F200000078042800F27580DFE800F0A6
:104420000351354E1C009FED560B51EC100B16F04E
:10443000A9FB9FED550BC4F8280251EC100B16F0A8
:10444000A1FB9FED530BC4F82C0251EC100B16F09E
:1044500099FB9FED510B4CE09FED2F0B51EC100B96
:1044600016F090FB9FED2E0BC4F8280251EC100BB8
:1044700016F088FB9FED2C0BC4F82C0251EC100BAE
:1044800016F080FB9FED2A0B33E09FED330B51ECD0
:10449000100B16F077FB9FED320BC4F8280251EC9D
:1044A000100B16F06FFB9FED300BC4F82C0251EC93
:1044B000100B16F067FB9FED2E0B1AE09FED1E0B05
:1044C00001E09FED2D0B51EC100B16F05BFB9FED07
:1044D0001C0BC4F8280251EC100B16F053FB9FED97
:1044E0001A0BC4F82C0251EC100B16F04BFB9FED8D
:1044F000180BC4F8300251EC100B16F043FB00EE21
:10450000100A84ED8D0A02B070BD00BF00BF00BF6D
:1045100000000080000030436F1283C0CA5C8F40EF
:10452000022B8716D9678F403F355EBA49638F40AB
:10453000894160E5D0588F40894160E5D0618F4066
:10454000FCA9F1D24D5A8F404E62105839588F4015
:1045500008AC1C5A645E8F4033333333338E8F4044
:104560002DB29DEFA7978F403BDF4F8D97908F40E7
:10457000CDCCCCCCCC8E8F40894160E5D0B18F4082
:10458000BA490C022B6D8F40A69BC420B0658F40AA
:10459000CDCCCCCCCC628F405839B4C876688F4033
:1045A0002DE9F04F81B02DED028B92B00D460646FD
:1045B00009A82421ECF73FFA9FED7B0B002157EC73
:1045C000104BC4F230314FF0004022463B4617F00A
:1045D00079FB16F0D7FA019506EB85014CF25845A8
:1045E00040F2640B01F50A7801F510794FF0640A86
:1045F000C2F20005C8F2000BC1F82802019930464A
:1046000000F06AFD284689ED000AF5F7CFFE002884
:1046100000F0C380002199ED008A5846C4F2303181
:1046200022463B4617F04EFB16F0ACFA00EE100A9D
:1046300088EE000A98ED001ABAF1010A31EE008AFC
:1046400088ED008ADAD140F2E8300021C8F200009B
:10465000C4F2303122463B4617F034FB16F092FA92
:1046600000EE100A28EE000ABDEEC00A46F26766A8
:1046700010EE102AC6F2666652FB06F0811001EBBE
:10468000D07151FB06F39F0807EBD37303EB830351
:10469000A1EB430E48F21F53C5F2EB1352FB03F399
:1046A0005F1107EBD37353FB06F7BD0805EBD77714
:1046B00007EB8707A3EB470844F6D357C1F262071D
:1046C00052FB07F7BD1105EBD77757FB06F5AC0892
:1046D00004EBD57505EB8505A7EB450748F6AD3529
:1046E000C6F6DB0552FB05F52C1304EBD57555FB1F
:1046F00006F6B40804EBD67606EB8606A5EB46066E
:104700004BF28955C1F2F84552FB05F56C1301EBEC
:10471000810004EBD57546F26764A2EB400C14FBF4
:1047200005F0810C01EBD0704DF68361C4F21B31B2
:1047300052FB01F18A1402EBD17101FB04F2940CDB
:1047400004EBD27202EB8202019B00EB8000A1EB32
:104750004201A5EB4005303103EBC30209A88418E0
:10476000815405F13001617006F13001A17007F14B
:104770003001E1702E21217108F1300161710EF1DB
:104780003001A1710CF13001E1712C21032B08BF24
:104790000A2121722421F6F773F912B0BDEC028BC5
:1047A00001B0BDE8F08F00BF000000800000304382
:1047B000B0B584B0C1EBC10100EB8100D0E92EC1DE
:1047C00000F1C00ED0E933409EE80C40ADF80C007B
:1047D0006046ADF80210ADF80420ADF80630ADF833
:1047E00008E06FF31F300021EE464FF440520023E3
:1047F000ADF80A40ADF80000ADF80E103EF8030029
:10480000023381EA102482EA4405090458BF650096
:1048100082EA45012C0458BF690082EA41040D0474
:1048200058BF4C0082EA4401250458BF610082EA67
:1048300041040D0458BF4C0082EA4401250458BFCE
:10484000610082EA41040D0458BF4C0082EA440131
:10485000C0B2250458BF6100484082EA4004090400
:1048600058BF440082EA4400210458BF600082EA35
:104870004001040458BF410082EA41000C0458BFC3
:10488000480082EA4001040458BF410082EA410026
:104890000C0458BF480082EA4004010458BF440099
:1048A00082EA4401200458BF6100102BA6D1C1F355
:1048B0000330CCF30731401AB0FA80F0400904B05D
:1048C000B0BD00002DE9F04182B04CF258440646DC
:1048D0001E20C2F200040D468DF807004FF6FF7748
:1048E0000DF107022046EC2101230097F5F700FEA9
:1048F0001420EFF7A1FDC5EBC50006EB8005A02055
:104900000DF106088DF806002046EC2142460123F1
:104910000097F5F7EDFD01AE2046EC21324602236B
:104920000097F5F769FDBDF80400EC2140BAC5F821
:10493000B800A2208DF806002046424601230097C9
:10494000F5F7D6FD2046EC21324602230097F5F715
:1049500053FDBDF80400EC2140BAC5F8BC00A4200A
:104960008DF806002046424601230097F5F7C0FD6A
:104970002046EC21324602230097F5F73DFDBDF8B5
:104980000400EC2140BAC5F8C000A6208DF806004E
:104990002046424601230097F5F7AAFD2046EC2168
:1049A000324602230097F5F727FDBDF80400EC21FD
:1049B00040BAC5F8C400A8208DF80600204642463B
:1049C00001230097F5F794FD2046EC21324602239F
:1049D0000097F5F711FDBDF80400EC2140BAC5F8C9
:1049E000C800AA208DF80600204642460123009701
:1049F000F5F77EFD2046EC21324602230097F5F7BD
:104A0000FBFCBDF80400EC2140BAC5F8CC00AC209A
:104A10008DF806002046424601230097F5F768FD11
:104A20002046EC21324602230097F5F7E5FCBDF85D
:104A30000400D5F8B81042BAB1FA81F04009C5F8BF
:104A4000D02002B0BDE8F08170B50D46097C044667
:104A5000CA071AD095ED000A94ED8A1A84ED900ADF
:104A600030EE410A10EE100A17F030FC41EC100B4A
:104A700040F2B800C2F20000FCF77AFE51EC100BD5
:104A800016F080F8297CC4F8580240F2B80688076E
:104A9000C2F2000618D595ED010A94ED8B1A84ED4B
:104AA000910A30EE410A10EE100A17F00FFC41ECAB
:104AB000100B06F12000FCF75BFE51EC100B16F01A
:104AC00061F8297CC4F85C02480718D595ED020A04
:104AD00094ED8C1A84ED920A30EE410A10EE100A21
:104AE00017F0F4FB41EC100B06F14000FCF740FE20
:104AF00051EC100B16F046F8297CC4F86002080748
:104B000058BF70BD95ED030A94ED8D1A84ED930A9C
:104B100030EE410A10EE100A17F0D8FB41EC100BF2
:104B200006F16000FCF724FE51EC100B16F02AF899
:104B3000C4F8640270BD00002DE9F04F81B02DED86
:104B4000068BC0B0824600F5F0702821EBF773FFAA
:104B50000120CAF8DC010420CAF8E40100208AF828
:104B60000802F5F7A3FD9AF8A011D8B1002900F0CA
:104B70009A829AF8A101002800F097829AF8A2017F
:104B8000002800F094829AF8A301002840F0928255
:104B900003208DE200BF00BF000000800000304312
:104BA000000048430029E1D09AF8A1010028DDD097
:104BB0009AF8A2010028D9D09AF8A3010028D5D0EC
:104BC0004FF47A70EFF738FC4CF2584041F2002174
:104BD000C2F20000C0F27A01F5F7E6FA46F6283094
:104BE000C4F66E601FED140BCDE92E00CDE92C004C
:104BF0000AF5FC701FED16AA00210AF1B80B04900B
:104C000054EC100BCDE93E11CDE93C11CDE93A1140
:104C1000CDE93811CDE93611CDE93411CDE93211A4
:104C2000CDE93011CDE92A11CDE928110590CDF853
:104C300008B0002600274FF0000903915FFA89F0C1
:104C4000CAF8E491FAF70CFF5046494600F044FADE
:104C5000B0EE408A0CF0B2F890F88C10DAE96635C4
:104C600024A85A4600950AF063FF4CF25840C2F25D
:104C70000000F5F79BFB002800F01C829DF89800CF
:104C8000012840F0178218EE108A28F00040B0F199
:104C9000FF4F80F20F8243F680000021059A9DEDC0
:104CA000248AC8F20100C4F23031234617F00AF812
:104CB00015F068FF00EE100AB4EEC08AF1EE10FAAB
:104CC00000F1F8814DF2C0400021059AC8F20100C0
:104CD000C4F23031234616F0F5FF15F053FF00EE15
:104CE000100AB4EEC08AF1EE10FA00F3E38118EE78
:104CF000100A17F0EBFA024638A8851995ED000B5B
:104D00000B4651EC100B16F09FF841EC100B40468F
:104D100085ED000B17F0DAFA024630A8851995EDFB
:104D2000000B0B4651EC100B16F08EF841EC110BFA
:104D30002CA8A046C41994ED000AF0EE480A85EDAF
:104D4000001B15F029FA28A8C519B0EE409A95ED78
:104D5000000AF0EE480A84ED009A444615F0F8F98E
:104D600085ED000A30EE490A0498B4EECA0A3844C8
:104D7000F1EE10FA80ED000A00F39C81043709F18E
:104D800001090836102F0BF11C0B7FF457AF039964
:104D9000DDF808B001316429CAF8E0117FF449AFA9
:104DA0009FEDCB0B00275BEC104BC4F23037642037
:104DB000394622465B4616F085FF9DED380B0246CC
:104DC0000B469DED3AAB9DED3C9B9DED3E8B51EC32
:104DD000100B16F079F915F0D5FE249064203946B1
:104DE00022465B4616F06EFF02460B4651EC1A0B4C
:104DF00016F06AF915F0C6FE259064203946224661
:104E00005B4616F05FFF02460B4651EC190B16F09D
:104E10005BF915F0B7FE26906420394622465B46C2
:104E200016F050FF02460B4651EC180B16F04CF9E9
:104E300015F0A8FE279024A80CF04AF9002800F0ED
:104E4000438124AF8ECF00250AF5F47CC4F23035BF
:104E50008CE88E0004906420294622465B4616F0BA
:104E600031FF9DED300B02460B469DED328B51EC30
:104E7000100B16F029F915F085FEDDF81490CAF82C
:104E800028024FF0004029464A464346CDF80480A8
:104E900016F018FF15F076FECAF84002CAF858025C
:104EA00040F2B80647F6E12041F27B4349F69911FA
:104EB00049F69A17002240F20008C2F20006C3F633
:104EC0008470C4F2AE73C3F6A971C9F69917C3F61C
:104ED000F0720025C4F23038C6E90030C6E902712C
:104EE000C6E904526420414622465B46C6E906559F
:104EF00016F0E8FE02460B4651EC180B16F0E4F8EB
:104F000015F040FE019FCAF82C024FF000404146C8
:104F10004A463B4616F0D6FE15F034FECAF8440267
:104F2000CAF85C0241F27B40C4F2AE70306247F6D0
:104F3000E120C3F68470706249F69A10C9F69910A0
:104F4000B06249F69910C3F6A970C6E90B050020B6
:104F5000C3F6F070C6E90D059DED348B6420414623
:104F600022465B46F56316F0ADFE02460B4651EC59
:104F7000180B16F0A9F815F005FECAF830024FF02C
:104F8000004041464A463B4616F09CFE15F0FAFDAD
:104F9000CAF84802CAF8600241F27B40C4F2AE701F
:104FA000306447F6E120C3F68470706449F69A10C5
:104FB000C9F69910B06449F69910C3F6A970C6E90C
:104FC00013050020C3F6F070C6E915059DED368B7C
:104FD0006420414622465B46F56516F073FE0246A4
:104FE0000B4651EC180B16F06FF815F0CBFDCAF814
:104FF00034024FF0004041464A463B4616F062FEFE
:1050000015F0C0FDCAF84C02CAF8640241F27B40B8
:10501000C4F2AE70306647F6E120C3F68470706665
:1050200049F69A10C9F69910B06649F69910C3F678
:10503000A970C6E91B050020C3F6F070C6E91D057E
:105040004FF0004041464A463B46F567CAE92755BE
:10505000CAE92955CAF8AC50CAE91E55CAE9205513
:10506000CAE92255CAE9245516F02CFE15F08AFD2E
:105070000146CAE9A111CAF88C12DAF87010049836
:105080000131CAF870100421CAF8E4110221CAF8EB
:10509000DC110121CAF8A8528AF838508AF87450F5
:1050A0008AF808120AE0002002E0012000E0022055
:1050B000CAF8E4010320CAF8DC01002040B0BDECCE
:1050C000068B01B0BDE8F08F0321CAF8DC11F5E7CB
:1050D00000000000000030432DE9F04387B0044693
:1050E000084490F8A001002800F0F2804CF25845E6
:1050F0005420C2F2000588468DF81B0000264FF6AA
:10510000FF770DF11B022846EC2101238DF81A6070
:105110000097F5F7EDF90420EFF78EF90DF11A027B
:105120002846EC2101230097F5F7E2F90DF117026B
:105130002846EC2103230097F5F75EF99DF8181037
:105140009DF817009DF81920090241EA004010441B
:10515000C4F89C0144208DF81B000DF11B02284669
:10516000EC2101238DF81A600097F5F7C1F90420AE
:10517000EFF762F90DF11A022846EC21012300979E
:10518000F5F7B6F90DF117022846EC210323009735
:10519000F5F732F99DF818109DF817009DF81920C1
:1051A000090241EA00401044C4F898012846F5F786
:1051B000FDF89FED7B0A002800F0DD80D4F898917F
:1051C000B9F1000F00F0D7804FF6FE70C0F2FF007B
:1051D000814500F2D080D4F89C01022300F17F4287
:1051E0000132CFF600739A42C0F0C580C8EBC80206
:1051F00004EB820EDEF8CC20DEF8C810A0EB022310
:10520000DEF8C400DE17A0FB032500FB065500FBFB
:1052100006F2ED176F0EE0FB0372A1FB030501FB25
:10522000065001FB06F5C017800EE1FB0305DEF812
:10523000BC10FF0947EA4267D21117EB014842EB65
:10524000114CC4F894C1DEF8D0108009A1FB0327EB
:1052500001FB06724E43D217520AE1FB0326DEF829
:10526000C01040EA8560AD1110EB414745EBD130ED
:10527000D10D41EA462101F5FA62C4F8B4204FF697
:105280003002C7F6FF72914201FB01F583FB031266
:10529000C4F8B030C4E96270C4F8908124D30B2301
:1052A000A1FB031602FB0362D31711EBE27142EB81
:1052B00053714FEAE10EC5EB4511CA1701EB52716C
:1052C000CA10C5EB8511CB1701EBD3614B1119E067
:1052D0009FED310B002153EC102BC4F230316FF0F5
:1052E000004016F0EFFC42E0530043EAD17649005B
:1052F00042F3807211EBE37146EBD2614FEA611E1B
:105300002A090023BD1A60EBE276B8EB030104F52D
:10531000B078A1FB090788E80C406CEBE372C4F895
:10532000781102FB0971C4E95C56C4F87C2116F0BF
:105330002BF99FED130B53EC102B15F0C5FE044613
:105340000F462846314616F01FF902460B46204606
:10535000394616F0B7FC9FED0C0B53EC102B15F0F3
:10536000B3FE9FED0B0B53EC102B15F0ADFE15F0BB
:1053700009FC00EE100A07B0BDE8F08300BF00BFD3
:105380000000000000004041000000000000E0407C
:105390000000000000005940000000800000304381
:1053A0000000C07F000000002DE9F04F81B02DED1E
:1053B000068BA2B00446F5F701FCD4F8A812074604
:1053C00039B1D4F8980040F6B831381A884203D27F
:1053D00070E2002084F8380004F118004CF25846BE
:1053E0000A9004F108004FF0000841F2883BC2F235
:1053F00000064FF0010A6FF07F49002509900BE08D
:1054000094F838000AFA05F1884384F8380000BFA0
:105410000135042D00F08F80F5F7D0FBC01B5845F7
:1054200080F08080ABEB00013046F4F7BDFE6019E0
:1054300090F8A0010028EBD0D4F8A80220B194F88D
:105440003800E840C007E3D0E8B2FAF709FB54207F
:105450008DF83800D4F8A8028DF85680ADF8548045
:10546000D0B33046EC210EAA01238DF83880CDF858
:1054700000A0F5F73DF83046EC2115AA0323CDF83E
:1054800000A0F4F7B9FF9DF855109DF854009DF861
:105490005620090241EA00401044484500D040B976
:1054A00094F838100AFA05F2914384F8381068B974
:1054B000AEE7D4F8A812012904EB850111BF886179
:1054C000886044218DF838100028A1D048459FD02D
:1054D000D4F8A802022814D03046EC210EAA0123E9
:1054E000CDF800A0F5F704F8F5F768FBD4F8A8129A
:1054F000C4F89800012902BF00F2DC5004EB8501DA
:1055000088623046F4F752FF00283FF479AFD4F8B0
:10551000A80200287FF47CAF94F838000AFA05F15D
:10552000084372E74FF0FF3094F83810A84021EAA2
:10553000000084F83800D4F8A802012802D018B975
:105540000120B5E10220B3E115AD28463021EBF78B
:1055500072FA606C01301790F5F730FB03901690EB
:10556000D4F88C00226F4FF0000801302192CDE971
:105570001188CDE90F88CDF838801390EFF746F900
:10558000149005F10C009FEDCE8B9FEDCF9B9FED0E
:10559000D0AB04F1B8090290012002264FF0040EAE
:1055A00000214FF0000B4FF0000C4FF0000A089163
:1055B00094F8382004EB8B07B96A15AB00FA0BF5A9
:1055C00003EB8B031542D96130D1BBF1030F00F01F
:1055D0003581F96A06FA0BF5154219621AD1BBF149
:1055E000020F00F02B81396B0EFA0BF51542596250
:1055F00015D1BBF1010F00F021810825796B05FA67
:105600000BF5154299620FD10BF1040BBBF1040F9E
:10561000D0D113E1CDF814800BF1010B08E0CDF8E7
:1056200014800BF1020B03E00BF1030BCDF8148097
:10563000A1EB0A02012AA8BF8A465FEACC7008BF24
:105640008A460BF0BBFB0A9A90F88C1052F82B306C
:10565000099ACBEBCB0052F82B7009EB80080BA812
:10566000424600970AF064FA9DF83400CDE9069AA4
:1056700030B10B98029941F82B0008982843089004
:105680000998D8F8141050F82BC0D8F80C70ACEB6F
:105690000123A7FB0310DA1707FB0200D8F81060FC
:1056A000C01707FB02F9400EE7FB0309A6FB03172F
:1056B00006FB027106FB02F7C917890EE6FB03170A
:1056C0000A9EC4F89CC156F82BE0D8F80460C009C3
:1056D00040EA49604FEAE91C10EB06494CEB164AD8
:1056E000C4F894A1D8F818608909A6FB030C06FB3E
:1056F00002C07243C017400AE6FB0302D8F80860F4
:10570000C00D41EA876140EA422011EB464800F5AE
:10571000FA61C4F8B4104FF630014FEAA717C7F684
:10572000FF7147EBD63C884200FB00F183FB03028C
:10573000C4F898E1C4F8B030C4F89091C4E9628C20
:10574000CDF810A01BD30B26A0FB060302FB0632EC
:10575000D31710EBE27042EB5370C010C4F868012D
:10576000C1EB4110C21700EB5270C310C1EB8110A6
:10577000C11700EBD160C4F86031411110E0530053
:1057800043EAD076400042F3807210EBE37046EBC0
:10579000D26040110B090021C4F86801C4F86031DF
:1057A000059EB8EB030A46EA0506049D6CEBE37719
:1057B000B9EB0102A2FB0E0365EBE175C4F86411BD
:1057C00005FB0E31C4E95CA7C4F87821C4F87C510C
:1057D00015F0DAFE53EC182B15F076FC05468846DA
:1057E0005046394615F0D0FE02460B462846414643
:1057F000B04616F067FA53EC192B15F065FC53EC24
:105800001A2B15F061FC15F0BDF90EA941F82B001B
:105810000BF1010BDDE9069ABBF1040F4FF0010C0F
:105820004FF001004FF002064FF0040E7FF4C0AEBF
:1058300008988DF848808DF880000BE008988DF866
:1058400048808DF880005FEACC70CDF854A00398B2
:1058500008BF824616AF8FCF5646C4E90F6004F1E9
:105860004400CDF854A0DDE91BA580E88E04219802
:1058700094F83810E066B1F10F00DDE91DCEDDE9E6
:105880001F89B0FA80F04FEA5010A565C4E917CE21
:10589000C4E9198984F8740009D10EAF8FCFDDE90E
:1058A000136504F1780C8CE88F00C4E923650020AF
:1058B000C4F8A80222B0BDEC068B01B0BDE8F08FA1
:1058C0000000000000004041000000000000E04037
:1058D00000000000000059402DE9F04F91B09FED0D
:1058E0005A0B40F2000804465AEC10BB4FF6F47015
:1058F000C4F23038C7F6FF7041465A46534616F098
:10590000E1F915F03FF981460C20C8F2000041464C
:105910005A46534616F0D6F915F034F99FED4C0B64
:10592000074651EC100B15F02DF99FED4B0B05467A
:1059300051EC100B15F026F906464FF00040414699
:105940005A46534616F0BEF915F01CF9C4E97260C8
:10595000C4E97400C4F8D8010020C4E96A094BF610
:10596000AC60C2F20000C4E96C77C4E96E95C4E98A
:105970007056FAF78DF80020FAF772F80520EEF766
:105980005BFD20460021FEF71FFD0120FAF768F8B5
:105990000520EEF751FD20460121FEF715FD0220FE
:1059A000FAF75EF80520EEF747FD20460221FEF7E4
:1059B0000BFD0320FAF754F80520EEF73DFD2046D5
:1059C0000321FEF701FD4FF0004041465A46534681
:1059D00016F078F915F0D6F8C4F870024FF00040D0
:1059E00041465A46534616F06DF915F0CBF8C4F807
:1059F00074020120C8F2000041465A46534616F090
:105A000061F915F0BFF8C4F878024FF00040414644
:105A10005A46534616F056F915F0B4F8C4F87C020D
:105A20004FF0004041465A46534616F04BF915F0E8
:105A3000A9F8C4F880020020A4F8A40211B0BDE8BF
:105A4000F08F00BF00BF00BF0000008000003043A7
:105A50009A999999999915C09A99999999991540EE
:105A600070B52DED0A8B82B0044690F8A402D4F8EC
:105A7000A852012806D1204600F092F8002084F8B0
:105A8000A40202E02046FFF78FFC4CF25840C2F21D
:105A90000000F4F78BFC002854D0D4F8A802D4F806
:105AA0008C600238D4F89420B0FA80F0A91E4FEA36
:105AB000501018BF0121964201EA000508D004F1F8
:105AC00078012046FEF7C0FFD4F88C60C4F89460DB
:105AD00094ED989A94ED99AA94ED97BA94ED968ADC
:105AE0003AEE090A30EE0B0A30EE08CA9FED180BA9
:105AF0000420002153EC102BC8F20000C4F2303116
:105B000016F0E0F815F03EF800EE100A8CEE000AF0
:105B100038EE0B1A38EE0A2A31EE491A32EE4B2AC9
:105B200031EE4A1A32EE492A84ED281A84ED292AE8
:105B3000C4E92A5684EDA21A84EDA32A84ED270A2B
:105B400084EDA10A02B0BDEC0A8B70BD00BF00BF9E
:105B5000000000800000304390F8A412012918BF13
:105B6000FFF722BC10B5044600F01AF8002084F8B4
:105B7000A40210BD40F63471C2F200010A8844F25A
:105B800043139A4208D0098844F25612914204BF46
:105B9000012180F8A5127047012180F8A4127047F6
:105BA00010B504460020F9F75BFF20460021FEF700
:105BB000F7FC4CF25840C2F20000F4F7F7FB60B378
:105BC0000120F9F74DFF20460121FEF7E9FC4CF2D8
:105BD0005840C2F20000F4F7E9FB002808BF10BDEE
:105BE0000220F9F73DFF20460221FEF7D9FC4CF2D6
:105BF0005840C2F20000F4F7D9FB70B10320F9F766
:105C00002FFF20460321FEF7CBFC4CF25840C2F296
:105C10000000BDE81040F4F7C9BB10BD10B5EFF3AC
:105C20001084EFF3108172B648F6C441C2F200014D
:105C300091F87810012920D148F68441C2F2000180
:105C40000969411AB1F5FA6F17D94CF2782248F672
:105C50008041C2F20002C2F20001126801230B70FF
:105C6000116821F0010111604CF2D821C2F200014B
:105C700009680A6822F001020A60002108F06AFA45
:105C800084F3108810BD00002DE9F0412DED0C8B40
:105C90008CB0B0EE60BAB0EE40AA9FED4D0B02277B
:105CA00040F2000855EC106BC8F20007C4F230381F
:105CB00004463846414632462B46B0EE418A16F03D
:105CC00001F814F05FFF00EE100A8AEE000A14F0EB
:105CD000D1F83846414632462B46B0EE409A15F090
:105CE000F1FF14F04FFF00EE100A8AEE000A14F0E4
:105CF0009BFC3846414632462B46B0EE40AA15F092
:105D0000E1FF14F03FFF00EE100A8BEE000A14F0E2
:105D1000B1F83846414632462B46B0EE40CA15F03F
:105D2000D1FF14F02FFF00EE100A8BEE000A14F0E2
:105D30007BFC3846414632462B46B0EE40BA15F061
:105D4000C1FF14F01FFF00EE100A88EE000A14F0E5
:105D500091F83846414632462B46B0EE40DA15F00F
:105D6000B1FF14F00FFF00EE100A88EE000A14F0E5
:105D70005BFC29EE0C1A2AEE0B2A22EE003A21EEE9
:105D80000D4A34EE033A2AEE0C4A29EE0B5A25EE60
:105D9000006A24EE0D7A24EE004A25EE0D5A22EE1A
:105DA0000D2A21EE000A37EE466A35EE044A30EE3F
:105DB000420A84ED003A84ED016A84ED024A84EDE2
:105DC000030A0CB0BDEC0C8BBDE8F08100BF00BF36
:105DD00000000080000030432DE9F0412DED0E8BD6
:105DE00088B09FED4B0B40F20108002755EC106B7B
:105DF000C8F20008C4F2303790ED00AA90ED01BA65
:105E000090ED02CA90ED03DA0C4640463946324620
:105E10002B4615F057FF14F0B5FE0EEE100A0220C7
:105E2000C8F20000394632462B4615F04BFF14F0FD
:105E3000A9FE2DEE0D0A2CEE0C2A01EE100A32EE10
:105E4000000A21EE400A30EE0E8A2AEE0D0A2BEEF1
:105E50000C3A33EE000A2AEE0C4A2BEE0D5A21EED4
:105E6000009A2BEE0B3A2AEE0B0A2CEE0D6A35EE59
:105E7000444A36EE000A33EE022A21EE04AA21EE4D
:105E8000000A21EE421A71EE0E0A13F067FE6FF05F
:105E90000040394632462B4684ED000AB1EE4ABA3C
:105EA00015F010FF14F06EFE0AEE100A4046394657
:105EB00032462B4615F006FF14F064FEB4EECABA63
:105EC000F1EE10FA0ED400EE100AB4EEC0BA0020C3
:105ED000F1EE10FAC8BF0120002818BFB0EE40BA9A
:105EE000B0EE4BAAB0EE4A0A13F0A2FD84ED010A0F
:105EF000B0EE490AF0EE480A13F030FE84ED020AD3
:105F000008B0BDEC0E8BBDE8F08100BF00BF00BF44
:105F100000000080000030432DE9F04381B02DEDFA
:105F2000108B98B09FED740B40F20108002755ECE0
:105F3000106BC8F20008C4F2303790ED009A90ED73
:105F400001AA90ED02BA90ED03CA0C4640463946CC
:105F500032462B4615F0B6FE14F014FE40F202094C
:105F6000C8F200090EEE100A4846394632462B4662
:105F700015F0A8FE14F006FE80F000402CEE0CDABE
:105F80002BEE0B8A00EE100A38EE0D1A20EE010AF5
:105F900030EE0E0A4846394632462B4684ED000A5A
:105FA00015F090FE14F0EEFD69EE0C8A6AEE0B9A85
:105FB00000EE100A39EEE81A20EE010A484639468A
:105FC00032462B4684ED010A15F07CFE14F0DAFD12
:105FD00029EE0BEA2AEE0CFA00EE100A3FEE0E1A3A
:105FE00020EE010A4846394632462B4684ED020A25
:105FF00015F068FE14F0C6FD00EE100A39EEA81A7E
:1060000020EE010A4046394632462B4684ED030A0B
:1060100015F058FE14F0B6FD09EE900A48463946D0
:1060200032462B4615F04EFE14F0ACFD80F00040D9
:106030006AEE0A8A00EE100A38EE8D1A20EE010A86
:1060400030EE290A4846394632462B4684ED040A8A
:1060500015F038FE14F096FD29EE0A9A2BEE0CAAE4
:1060600000EE100A3AEE491A20EE010A4846394677
:1060700032462B4684ED050A15F024FE14F082FD0D
:1060800000EE100A3FEE4E1A20EE010A484639464D
:1060900032462B4684ED060A15F014FE14F072FD0C
:1060A00000EE100A3AEE091A20EE010A404639467F
:1060B00032462B4684ED070A15F004FE14F062FD0B
:1060C00009EE100A4846394632462B4615F0FAFDCD
:1060D00014F058FD80F0004000EE100A38EE881AE7
:1060E00020EE010A30EE090A84ED080A18B0BDEC72
:1060F000108B01B0BDE8F083000000800000304349
:1061000090ED000A90ED011A91ED004A91ED015ACF
:1061100090ED022A91ED026A90ED033A91ED037A37
:1061200061EE050A60EE041A71EEE00A62EE461AAC
:1061300071EEA00A63EE471A71EEA00A61EE041A2E
:1061400060EE052A72EEA11A62EE072A72EEA11A1B
:1061500063EE462A72EEA11A61EE072A60EE063A55
:1061600021EE061A20EE070A73EEE22A62EE043AE6
:1061700030EE010A22EE451A73EEA22A63EE053ACA
:1061800031EE000A23EE041A73EEA22A31EE000A61
:10619000C2ED000AC2ED011AC2ED022A82ED030A25
:1061A0007047000000000000B0B52DED088B82B0F4
:1061B00090ED000A90ED011A90ED022A21EE011AED
:1061C00020EE000A30EE010A22EE021A31EE000A39
:1061D0000C46054614F0F0FAB0EE408A9FED400AF6
:1061E000B6EE00AAB4EEC08AF1EE10FAB0EE4A9A0A
:1061F00007D4B6EE000A28EE000A14F015FA80EE75
:10620000089A28EE0A0A13F035FE84ED000AB0EE73
:10621000408A95ED000A002120EE09AA84ED01AA2A
:1062200095ED010AC4F2303120EE09BA84ED02BACC
:1062300095ED020A4FF0004020EE099A9FED260BE3
:1062400084ED039A53EC102B15F03CFD14F09AFCEE
:1062500000EE100A28EE081A31EE000A2AEE0A1A99
:1062600031EE000A2BEE0B1A31EE000A29EE091A64
:1062700031EE000A10EE100A20F00040B0F1FF4F9E
:1062800024DA9FED181AB4EEC10AF1EE10FA1DD40B
:1062900014F092FAB7EE001A81EE000A94ED001A9B
:1062A00094ED012A94ED023A94ED034A21EE001A8E
:1062B00022EE002A23EE003A24EE000A84ED001AB2
:1062C00084ED012A84ED023A84ED030A02B0BDECAC
:1062D000088BB0BD00BF00BF00000080000030434D
:1062E000BD378635CCBC8C2B90ED000A90ED011AA1
:1062F00091ED003A91ED014A90ED022A91ED025A9A
:1063000021EE041A20EE030A30EE010A22EE051AED
:1063100031EE000A82ED000A90ED030A90ED041AB6
:1063200091ED003A91ED014A90ED052A91ED025A66
:1063300021EE041A20EE030A30EE010A22EE051ABD
:1063400031EE000A82ED010A90ED060A90ED071A7F
:1063500091ED003A91ED014A90ED082A91ED025A33
:1063600021EE041A20EE030A30EE010A22EE051A8D
:1063700031EE000A82ED020A7047000000000000C2
:1063800070B52DED048B86B09FED259A002630EE7A
:10639000098A9FED210B022054EC105BC4F23036C9
:1063A000C8F2000031462A46234615F08BFC14F053
:1063B000E9FB00EE100A60EE090AB0EE480A13F09D
:1063C00091FF4FF0004031462A462346B0EE408A06
:1063D00015F078FC14F0D6FB00EE100AB4EEC08A7B
:1063E000F1EE10FA11D502200021C8F20000C4F22B
:1063F00030312A46234615F065FC14F0C3FB00EE4D
:10640000100A20EE090A30EE088A38EE490A06B072
:10641000BDEC048B70BD00BF000000800000304365
:10642000DB0F4940000000002DE9F04F81B02DED59
:106430000A8B98B002FB02F915468A46B9F1000FA3
:106440000646CDE9030251D0B9F1040F01D2002470
:1064500038E09FEDB70B40F2000829F00305AAF1E0
:10646000100600245BEC107BC4F230384FF0004083
:1064700041463A465B4615F025FC14F083FB46F88E
:10648000100F4FF0004041463A465B4615F01AFCAB
:1064900014F078FB70604FF0004041463A465B468E
:1064A00015F010FC14F06EFBB0604FF00040414658
:1064B0003A465B4615F006FC14F064FB0434A54232
:1064C000F060D3D1DDE903655FEAC9700ED09FEDBE
:1064D000980B002153EC102BC4F230314FF00040E8
:1064E00015F0F0FB14F04EFB4AF82400002D00F0EC
:1064F00015816FF003019FED8E9B9FED8FAA9FED9D
:106500008FBAAC000020012702916FF00701002232
:106510000191009002FB05F006EB8201CDE9081025
:106520000AEB800E4FF000096FF003006FF00708D0
:1065300007920B90CDE9057E16E000BF0AEB8B00B9
:1065400000EB890090ED000A88EE000A0A9809F134
:1065500001090AEB800080ED000A0B98B945204440
:10656000A0440B9000F0C780099809EB000106EBEE
:10657000810090ED008A18EE100A20F00040B0F182
:10658000FF4F80F2C980089809FB05FB00EB8B00E8
:1065900090ED000A0A910120002138EE400A53ECE8
:1065A000192BC8F20000C4F23031B0EEC0CA15F0A9
:1065B00089FB14F0E7FA00EE100AB0EEC81A30EECC
:1065C000010A2AEE000AB4EEC0CAF1EE10FA00F396
:1065D000A380DDF818E0B9F1000F77D0B9F1040F0E
:1065E00004D2002019F0030242D16FE029F0030029
:1065F0000B9FDDE90136A44641420020424600BF20
:106600000AEB06040AEB070594ED010A95ED012A51
:1066100094ED041A95ED043A0AEB03050AEB020423
:1066200020EE420A95ED032A94ED035A95ED044AB3
:1066300094ED046A30EE080A22EE452A32EE000A92
:1066400024EE462A32EE000A21EE431A043831EED7
:10665000008A103610371033814202F11002CFD178
:10666000DDE90365059F4042644619F003022DD021
:106670000AEB8B010EEB800393ED000A01EB800324
:1066800093ED001A012A20EE410A30EE088A1DD04F
:10669000431C0EEB830701EB830397ED000A93ED98
:1066A000001A022A20EE410A30EE088A0CD002308D
:1066B0000EEB800201EB800092ED000A90ED001AD3
:1066C00020EE410A30EE088A059F00BF0798484532
:1066D0007FF434AF18EE100A20F00040B0F1FF4F05
:1066E0001ADAB4EECB8AF1EE10FA15D9B0EE480AF8
:1066F00014F062F82AE7079A00200132AA4228BF64
:10670000012002990137214402910199AA422144B2
:1067100001917FF4FEAE02E0009800E0012000F05D
:10672000010018B0BDEC0A8B01B0BDE8F08F00BFCE
:106730000000008000003043ACC52737CCBC8C2B58
:10674000B0B582B09FED580B0D460021044653ECC6
:10675000102BC4F230314FF0004015F0B3FA14F0B2
:1067600011FA002D00EE100A3FD0042D05F00300B1
:1067700001D2002120E025F00302A4F11003002142
:1067800093ED041A93ED052A93ED063A21EE011AD2
:1067900093ED074A31EE000A22EE021A31EE000AAA
:1067A00023EE031A31EE000A24EE041A04311033EA
:1067B00031EE000A8A42E3D1B8B104EB810191EDD8
:1067C000001A012821EE011A31EE000A0DD091EDD8
:1067D000011A022821EE011A31EE000A05D091EDCE
:1067E000021A21EE011A31EE000A10EE100A20F012
:1067F0000040B0F1FF4F06DA9FED2D1AB4EEC10A4A
:10680000F1EE10FA02D5002002B0B0BD13F0D4FFB3
:10681000002D44D0B7EE001A81EE000A042D05F0D9
:10682000030001D2002121E025F00302A4F11003AE
:10683000002100BF93ED041A93ED052A93ED063A6B
:1068400093ED074A21EE001A22EE002A23EE003AC9
:1068500024EE004A043183ED041A83ED052A83ED0A
:10686000063A83ED074A10338A42E3D1B8B104EB0C
:10687000810191ED001A012821EE001A81ED001A24
:106880000DD091ED011A022821EE001A81ED011AB6
:1068900005D091ED021A21EE000A81ED020A0120D5
:1068A00002B0B0BD00BF00BF000000800000304358
:1068B000CCBC8C2B000000002DE9F0472DED0C8B9B
:1068C000A2B090F81B71012F40F0EE8191ED000A0B
:1068D00010EE107A27F00047B7F1FF4F80F2E48105
:1068E00091ED011A11EE107A27F00047B7F1FF4F32
:1068F00080F2DA818F6827F00047B7F1FF4F80F20E
:10690000D38191ED022A21EE011A20EE000A30EE29
:10691000010A22EE021A31EE000A164699460C468A
:10692000824613F049FFDAF8000090ED251A90ED49
:106930003E2A30EE410AB0EEC00AB4EEC20AF1EED1
:1069400010FA4FF0000000F3B08194ED010AD4ED8D
:10695000020A002713F002F9B0EE409A94ED000A03
:1069600094ED011A94ED022AB1EE408A22EE020A59
:1069700021EE011A31EE000A13F01EFFF0EE400A7C
:10698000B0EE480A13F0EAF8B0EE408A9FEDCA0B69
:10699000002154EC105BC4F230314FF000402A4625
:1069A000234615F08FF914F0EDF80DEE100A002EC5
:1069B0008AF8197100F08E80DAF8001091F82E1123
:1069C000012940F0878096ED000A304610EE101A3B
:1069D00021F00041B1F1FF4F7CDA90ED011A11EE88
:1069E000101A21F00041B1F1FF4F73DA816821F0F4
:1069F0000041B1F1FF4F6DDA90ED022A21EE011A4C
:106A000020EE000A30EE010A22EE021A31EE000AF0
:106A100013F0D2FEDAF8000090ED291A90ED3F2A2B
:106A200030EE410AB0EEC00AB4EEC20AF1EE10FA3E
:106A300050D80021C4F230314FF000402A4623469E
:106A400015F040F914F09EF80DF1780801EE100AE7
:106A5000B0EE490AF0EE480A4046FFF715F915AFC7
:106A600040463946FFF758FA12AA38463146FFF732
:106A70003BFC9DED120ADDED130ADAF8006013F01D
:106A800089FC9FED8FAAB4EECA0AF1EE10FA21DD5F
:106A900096ED260AD6ED270A13F07CFCB4EECA0A5E
:106AA000F1EE10FA16DDD6ED260A96ED270A13F060
:106AB00055F89DED131ADDED120AB0EE40AAB0EEC6
:106AC000410A13F04BF83AEE40DA01208AF8190136
:106AD000CAF8049102270026C8F20007C4F2303633
:106AE000384631462A46234615F0ECF814F04AF8A9
:106AF00000EE100A89EE000A13F0BCF93846314660
:106B00002A462346B0EE40AA15F0DCF814F03AF815
:106B100000EE100A89EE000A13F086FD3846314671
:106B20002A462346B0EE409A15F0CCF814F02AF825
:106B300000EE100A88EE000A13F09CF93846314640
:106B40002A462346B0EE40BA15F0BCF814F01AF805
:106B500000EE100A88EE000A13F066FD3846314652
:106B60002A462346B0EE408A15F0ACF814F00AF835
:106B700000EE100A8DEE000A13F07CF9384631461B
:106B80002A462346B0EE40CA15F09CF813F0FAFFEF
:106B900000EE100A8DEE000A13F046FD2AEE0B1AE5
:106BA00029EE082A22EE003A21EE0C4A34EE03DAEE
:106BB00029EE0B3A2AEE084A24EE005A23EE0C6A1C
:106BC00023EE003A24EE0C4A22EE0C2A21EE000AB3
:106BD00036EE458A34EE039A30EE42AA4FF000407A
:106BE00031462A4623468AED01DA8AED028A8AED89
:106BF000039A8AED04AA15F065F813F0C3FF00EEBE
:106C0000100A2DEE0D1A31EE000A28EE081A31EEA8
:106C1000000A29EE091A31EE000A2AEE0A1A31EEAC
:106C2000000A10EE100A20F00040B0F1FF4F24DA05
:106C30009FED241AB4EEC10AF1EE10FA1DD413F040
:106C4000BBFDB7EE001A81EE000A9AED011A9AED2B
:106C5000022A9AED033A9AED044A21EE001A22EE36
:106C6000002A23EE003A24EE000A8AED011A8AED8A
:106C7000022A8AED033A8AED040A9AF819110120D2
:106C80000029DAF80811CAF8F89001F10101CAF8F0
:106C900010918AF81601CAF8081102BF4FF07E5011
:106CA000CAF86400012000E0002022B0BDEC0C8B8B
:106CB000BDE8F08700BF00BF000000800000304347
:106CC0006F12833ACCBC8C2B2DE9F04F81B02DEDA7
:106CD000108BFAB0044600680D460AF0CDF8002883
:106CE00000F068812968204604F0CEF9002800F001
:106CF0006181286BD4F80C1123468842AC4608D039
:106D00000020C3F8DC00DCF8301083F81801C3F869
:106D10000C11002672A800F1040EA3F814610CF106
:106D20001C000690DCF800009CF82C50119003F138
:106D3000DC00059003F1CC00D3F80090D3F8388143
:106D4000049003F1BC009FEDCC8B9FEDCD9A039096
:106D500000204FF0000BCDE97466CDE97266149007
:106D60001590CDF83CC0CDE912E309E008F1010827
:106D7000C3F838810836102E0BF1020B00F0268183
:106D8000012000FA0BF72F4200F085800CEB060083
:106D900009EB060190ED030A91ED1F1A99ED242AE3
:106DA00099ED253A30EE410A22EE031A80EE010AEF
:106DB000C0690EEB060210EE101A21F00041B1F18D
:106DC000FF4F02ED010A17DA99ED421AB4EEC10A3B
:106DD000F1EE10FA10DB99ED431AB4EEC10AF1EEB0
:106DE00010FA09D8119AD9F82811121A00248A42E7
:106DF00098BF012401E000BF002403EB0B0191F8D0
:106E0000DC1001293AD19919D1F8CC20801A012837
:106E10002FDB91ED2F1A4CF2503199ED40BA99EDDC
:106E200041CA884228BF0846002130EE410A80F05E
:106E3000004053EC182BC4F23031B0EEC0AA14F06D
:106E400041FF13F09FFE00EE100A2CEE000A20EE28
:106E5000090A30EE0B0AB4EEC0AADDF83CC0DDE949
:106E600012E3F1EE10FA4FF00000D8BF01202042EB
:106E700006D108F10108C3F838810CE0002CF8D0E5
:106E8000149976A840F821B0481C159914903943FC
:106E9000159183F81411022000FA0BFA1AEA050F73
:106EA0003FF468AF0CEB060009EB060190ED040A15
:106EB00091ED201A99ED242A99ED253A30EE410AF8
:106EC00022EE031A80EE010A006A0EEB060210EEB3
:106ED000101A21F00041B1F1FF4F82ED000A17DADC
:106EE00099ED421AB4EEC10AF1EE10FA10DB99EDF9
:106EF000431AB4EEC10AF1EE10FA09D8119AD9F882
:106F00002811121A00248A4298BF012401E000BF10
:106F1000002403EB0B0191F8DD10C9B39919D1F8E6
:106F2000D020801A0128FFF621AF91ED301A4CF2E3
:106F3000503199ED40BA99ED41CA884228BF0846C0
:106F4000002130EE410A80F0004053EC182BC4F2CF
:106F50003031B0EEC0AA14F0B5FE13F013FE00EE0F
:106F6000100A2CEE000A20EE090A30EE0B0AB4EEED
:106F7000C0AA0020DDF83CC0DDE912E3F1EE10FA12
:106F8000D8BF0120204001287FF4F0AE03E000BF0D
:106F9000002C3FF4EBAE149A0BF1010076A941F8F6
:106FA00022001599501C41EA0A01159183F8141129
:106FB0001490DFE6D4F850010130C4F850010020ED
:106FC0007AB0BDEC108B01B0BDE8F08F149A4AB1D5
:106FD00002F00301042A4FF000000CD2012272AD2E
:106FE00076AE55E0D3F834110020013183F8180152
:106FF000C3F83411E4E776AE22F0030306F1080784
:10700000012272ADD2073DD057F8082C99ED441AF1
:1070100005EB820292ED000AB4EEC10AF1EE10FA1D
:1070200030DB57F8042C99ED441A05EB820292EDFF
:10703000000AB4EEC10AF1EE10FA23DB3A6899EDCA
:10704000441A05EB820292ED000AB4EEC10AF1EE99
:1070500010FA17DB7A6899ED441A05EB820292ED7B
:10706000000A0022B4EEC10AF1EE10FAA8BF012214
:1070700009E000BF00BF00BF0000008000003043F7
:10708000BD37863500220430834207F11007B9D19D
:10709000002941D00023002A4FF000020ED056F8FC
:1070A000202099ED441A05EB820292ED000AB4EE1D
:1070B000C10AF1EE10FAA8BF01231A4601292BD00C
:1070C0004FF0000372B1421C56F8222099ED441A89
:1070D00005EB820292ED000AB4EEC10AF1EE10FA5D
:1070E000A8BF01230239B1FA81F14FEA511101EA37
:1070F000030218BF002B0FD0023056F8200099ED84
:10710000441A05EB800090ED000A0022B4EEC10A9B
:10711000F1EE10FAA8BF01221498B0F1010A18BFCD
:107120005FEAC27000F098830020DDF8D8B1459086
:10713000CDE9430060A84821E9F77DFC47A8242158
:10714000E9F779FC09F14C020BEB4B00139900268F
:1071500002EB800854EC187B0120C4F2303691ED2C
:10716000019A91ED02AA91ED03BA91ED04CA0B9236
:10717000C8F2000031463A46234614F0A3FD13F04E
:1071800001FD0DEE100A0220C8F2000031463A4619
:10719000234614F097FD13F0F5FC2BEE0B1A29EEA5
:1071A0000B2A2AEE0C3A2AEE0A4A29EE0A5A2BEE4C
:1071B0000C6A00EE100A33EE429A36EE05AA34EE5F
:1071C00001BA60EE099A60EE0AAA20EE4B0A4FF06F
:1071D000004031463A46234670EE0DBA119710949E
:1071E00014F070FD13F0CEFC98ED001A98ED013A02
:1071F00098ED022A2AEE837A69EE810A00EE100ADF
:1072000030EE877A6BEE820A9FEDDBDA30EE87CACA
:1072100029EEC07AB1EE424AB1EE436A37EE0D7AFA
:107220002AEEC22A32EE072A2BEEC66A36EE02EAB0
:1072300029EEC42A09F1B80132EE0D2A2AEEC04A1D
:1072400001EB0B18B1EE415A34EE022A2BEEC11AB3
:107250000A9108EB8B0131EE02FA2AEEC52AD1ED34
:1072600000AA149905EB8B002BEEC00AD0ED00BAF2
:10727000881E09900AF0030029EEC31A0E9047A851
:1072800031EE0D1A103832EE011A15906FF003002E
:1072900070EE019ACDF830B02AF0030900EB8100BE
:1072A0004FF0000B0DF5EC7C0890CDF834A008E011
:1072B00015980899DDF848B00844D345159000F0BA
:1072C00049810BF101005CF820700B99129007EBDB
:1072D00047000026119C109D01EB800A0120C4F29A
:1072E0003036C8F20000314622462B4614F0EAFC44
:1072F00013F048FC0CEE900A0220C8F20000314660
:1073000022462B4614F0DEFC13F03CFC00EE100A83
:1073100060EE09DA60EE0AEA20EE4B0A4FF0004018
:10732000314622462B4670EE2CCA14F0CBFC13F0EB
:1073300029FC9AED000A9AED011A9AED022A2EEE26
:10734000813A2DEE804A34EE033A2CEE824A34EE36
:10735000033A04EE100A2DEEC45A35EE0D5A2EEE05
:10736000C26A36EE055AB1EE416AB1EE422A2CEEFF
:10737000C66A2DEEC22A36EE055A32EE0D2A2EEEE0
:10738000C46A36EE022A2CEEC06A2DEEC11AB1EEA6
:10739000400A72A82EEEC00A31EE0D1A00EB8700EB
:1073A00030EE010A2CEEC41A90ED004A31EE000ACC
:1073B00034EE6B1A33EE4C3A43A831EE431A00EB2D
:1073C0008B0080ED001A0BEB4B0060A936EE022A11
:1073D00035EE4E1A01EBC0008E4680ED001A32EEFB
:1073E0004F1A30EE690A002180ED011A80ED020A81
:1073F000C0E9031141610A980C9900EB071000EBFA
:107400008101099A91ED000A0DF5EC7C032A4FF0F9
:1074100000014BD3159A00BF0CEB8103D3E9017631
:10742000D3E9035300EB870494ED001A08EB8707B8
:1074300097ED002A31EE401A31EE421A31EE2A1A47
:1074400082ED041A00EB860797ED001A08EB860719
:1074500097ED002A31EE401A31EE421A31EE2A1A27
:1074600082ED051A00EB850797ED001A08EB8507FA
:1074700097ED002A31EE401A31EE421A31EE2A1A07
:1074800082ED061A00EB830797ED001A08EB8303E1
:1074900093ED002A31EE401A31EE421A31EE2A1AEB
:1074A000043182ED071A10328945B5D10E9EDDF800
:1074B00034A0002E3FF4FCAE4B1C5CF823700BFB99
:1074C0000AF200EB870595ED001A08EB870797EDA8
:1074D000002A31EE401A31EE421A8F1847AC31EED5
:1074E0002A1A04EB8707012E87ED001A3FF4E0AE5D
:1074F0008F1C5CF82750134400EB850696ED001AAC
:1075000008EB850696ED002A31EE401A04EB830362
:107510000E9C31EE421A31EE2A1A022C83ED001A2B
:107520003FF4C6AE0CEB8101C96800EB810090ED21
:10753000001A08EB810090ED002A31EE400A30EE8F
:10754000420AB81847A930EE2A0A01EB800080ED04
:10755000000AADE657AD284624217646E9F76BFAD6
:107560009FEDE69A40F200099FEDE5AA0024C4F2DF
:107570003039B7EE00BA05E0000000000134544590
:1075800000F03C8104EB440006EBC001139891ED40
:1075900000EA90F8150191ED01DA91ED02CA002898
:1075A00000F0E080042801D200217BE0810801EB9B
:1075B00041010A0100230021EF1897ED000A97ED21
:1075C000011A97ED022A2DEE014A2EEE005A35EEF1
:1075D000044A2CEE025A35EE044A97ED033A24EEA3
:1075E000400A24EE411A24EE422A97ED044A30EE76
:1075F0000E0A31EE0D1A97ED057A32EE0C2A21EEC5
:10760000045A20EE036A36EE055A22EE076A36EE79
:10761000055A25EE433A33EE000A25EE443A33EE9E
:10762000011A25EE473A33EE022A97ED073A97ED15
:10763000064A21EE035A20EE046A36EE055A97ED0B
:10764000086A97ED097A62EE062A32EE855AD7ED7E
:107650000A0A25EE444A25EE433AD7ED0B1A34EEDA
:10766000000A33EE011A25EE463A33EE022A21EEE5
:10767000203A20EE074A34EE033A22EE214A34EE55
:10768000033A23EE474A34EE00EA23EE600A30EE76
:1076900001DA23EE610A303330EE02CA9A4201F178
:1076A000040189D110F003005CD001EB410105EB2E
:1076B000810191ED000A91ED011A91ED022A2DEE62
:1076C000013A2EEE004A34EE033A2CEE024A34EE32
:1076D000033A23EE400A30EE0EEA23EE410A30EE82
:1076E0000DDA23EE420A012830EE0CCA3AD091EDB1
:1076F000030A91ED041A91ED052A2DEE013A2EEEC2
:10770000004A34EE033A2CEE024A34EE033A23EEFA
:10771000400A30EE0EEA23EE410A30EE0DDA23EE97
:10772000420A022830EE0CCA1CD091ED060A91EDF7
:10773000071A91ED082A2DEE013A2EEE004A34EE9A
:10774000033A2CEE024A34EE033A23EE400A30EEBE
:107750000EEA23EE410A30EE0DDA23EE420A30EE55
:107760000CCA00BF2DEE0DFA6EEE0E9A39EE8F0A9E
:107770006CEE0CAA3AEE800A13F01EF8B4EEC90AB9
:10778000F1EE10FA7FF7FAAEDDE910324FF000406B
:10779000494614F097FA13F0F5F900EE100A39EEA5
:1077A000800A3FEE000A3AEE800A10EE100A20F03E
:1077B0000040B0F1FF4FBFF6E1AEB4EECA0AF1EE01
:1077C00010FA3FF5DBAE12F0F7FF8BEE000A139ACA
:1077D00092F8150100EB400105EB8101013082F8C0
:1077E00015012EEE001A2DEE002A2CEE000A81ED76
:1077F000001A81ED012A81ED020ABFE6139E96F878
:10780000150138B306F5AE7743A960AA47AB3046F9
:10781000CDE900A701F08CFA68B1D6F8280196F8F6
:10782000151101300229C6F8280113D30F980068FA
:10783000C6F810010EE096F8150158B1D6F83401DB
:107840000130C6F83401002086F8150186F81801C9
:10785000FFF7B6BBD6F8009060AF38464021E9F795
:10786000EAF800214FF0000853EC182BC4F2303135
:107870004FF00040CDE94588CDE94388CDE90B23A1
:1078800014F020FA13F07EF909F1B802DDF85090F7
:107890000990B9F1010F48460DF5EC7C98BF012025
:1078A0000890159210D10899C80700F0228176A897
:1078B00050F828E008FB09F8B9F1040F01F0030CB7
:1078C00080F0CA800020F0E0089807EB890320F0E0
:1078D000010100F0030420F00300C0F1000AACF144
:1078E000100011914FEAC9010A90A3F110004FF066
:1078F0000008BB460E91129010940DE0ACC52737DE
:10790000CCBC8C2B119808F102080E998045129876
:107910008B4408441290C6D05CF828500023B9F17B
:10792000040F22D3002600BF5CF8061002EB0514FA
:1079300054F821100CEB06004BF80610D0E90117A3
:10794000C06854F8211054F8277054F820000BEB4D
:107950000602C2E90117D060159A043B9A4506F168
:107960001006E1D1109C5B4260AFFCB15CF82300D3
:1079700002EB051508FB09FE55F8200003EB0E0687
:10798000012C47F8260011D0581C5CF82060704488
:1079900055F82660022C47F8206007D0981C5CF848
:1079A0002030704455F8233047F8203048F001006B
:1079B0005CF82050B9F1040F02D2002654BBA1E7B5
:1079C000129BDDF828E0474600260D905EF8100F68
:1079D00002EB051C5CF820000EF1040943F8100FBF
:1079E00099E801035CF828405CF820005CF8291055
:1079F000043EB245C3E90104D960E7D1DDF85090F7
:107A0000109C0D9876420DF5EC7CB84660AF002CCA
:107A10003FF478AF00FB09F35CF8260002EB051594
:107A200055F82000F118012C47F821003FF46AAF07
:107A3000701C5CF82010184455F82110022C47F8EF
:107A400020103FF45FAFB01C5CF82010184455F8CC
:107A5000211047F8201055E721F0030007EB880AB2
:107A6000C0F10009002502EB0E13002076A900BF2B
:107A70000F580A1853F82770043D4AF80070D2E9ED
:107A80000176D26853F8277053F8266053F8222005
:107A90000AEB0004A94500F11000C4E90176E26098
:107AA000E6D1DDF85090684260AF76A951F8202009
:107AB000159900EB080301EB0E1151F82220BCF1DF
:107AC000010F47F8232014D0421C76AB53F8223024
:107AD000424451F82330BCF1020F47F8223008D05D
:107AE000023076AA52F82020404451F8221047F87C
:107AF0002010099909FB09F0DDE90B57002809EE70
:107B0000101A6CD0042800F0030801D2002635E0DA
:107B100020F0030A47A840F2000BA0F11004002651
:107B2000C4F2303B4FF0004059462A463B4614F021
:107B3000C9F813F027F844F8100F4FF000405946E9
:107B40002A463B4614F0BEF813F01CF860604FF074
:107B5000004059462A463B4614F0B4F813F012F898
:107B6000A0604FF0004059462A463B4614F0AAF860
:107B700013F008F80436B245E060D3D1B8F1000F35
:107B80002DD00021C4F230314FF000402A463B4650
:107B900014F098F812F0F6FF47ACB8F1010F44F872
:107BA00026001CD00021C4F230314FF000402A469C
:107BB0003B4614F087F812F0E5FF04EB8604B8F1B9
:107BC000020F60600BD00021C4F230314FF0004052
:107BD0002A463B4614F076F812F0D4FFA0606FF00E
:107BE000030100271FEDBBAA1FEDBBBADDF84CE077
:107BF0004FEA890A002001260A916FF007010DF56E
:107C00008E78C4F23037002260AC0991CDF848A0DC
:107C1000079002FB09F004EB8201CDE9101008EB9C
:107C200080004FF000096FF003056FF0070B0E9214
:107C30000D9015E008EB8A0000EB890090ED000A3A
:107C4000DDF848A088EE000A159809F1010908EB53
:107C500080005544B145D34480ED000A00F0D78040
:107C600011984844159004EB800090ED008A18EEBE
:107C7000100A20F00040B0F1FF4F80F2DB80149832
:107C8000DDE90B2309FB00FA1098394600EB8A0066
:107C900090ED000A012038EE400AC8F20000B0EE74
:107CA000C0CA14F00FF812F06DFF00EE100AB0EE2B
:107CB000C81A30EE010A2AEE000AB4EEC0CAF1EE8C
:107CC00010FA00F3A782DDF84CE0B9F1000F00F0E4
:107CD0008480B9F1040F05D2002019F0030247D1C6
:107CE0007BE000BFB64629F00300099B0A9E414293
:107CF00000205A46AC462F4608EB060508EB070461
:107D000095ED010A94ED012A95ED041A94ED043ADB
:107D100008EB030508EB020420EE420A95ED032A66
:107D200094ED035A95ED044A94ED046A30EE080A86
:107D300022EE452A32EE000A24EE462A32EE000AEE
:107D400021EE431A043831EE008A10361037103312
:107D5000814202F11002CFD176460027DDF84CE0D7
:107D6000404260ACC4F23037654619F0030234D0AB
:107D7000B4462E460D9D08EB8A0105EB800393ED7A
:107D8000000A01EB800393ED001A012A20EE410A5C
:107D900030EE088A1FD0431C05EB830701EB8303F9
:107DA00097ED000A93ED001A022A20EE410A30EE08
:107DB000088A0CD0023005EB800201EB800092EDC6
:107DC000000A90ED001A20EE410A30EE088A0027E2
:107DD00060ACC4F23037354666460E9848457FF4AD
:107DE00029AF18EE100A20F00040B0F1FF4F80F2EA
:107DF0001382B4EECB8ADDF848A0F1EE10FA19D95F
:107E0000B0EE480A12F0D8FCDDF84CE01CE70E9A00
:107E1000DDF85090013200204A4528BF01200A9920
:107E2000013651440A9109994A45514409917FF418
:107E3000EFAE02E0DDF850900798C00700F0F48143
:107E4000002209F1010CB7EE000A0DF5AE7E4346A3
:107E500076ACCDE95B22CDE95922CDE957220FE07E
:107E600002FB0CF008EB800090ED002A0EEB820084
:107E700081EE021A01324A45534480ED001A70D057
:107E8000002AB0EE401AEBD0042A07D20020B0EE50
:107E9000401A12F0030135D1E2E700BF22F00300DF
:107EA000414200200027B0EE401A00BFDE190EEB61
:107EB000070596ED002A95ED006A96ED013A95EDDD
:107EC000017A96ED024AD5ED020A22EE462A96ED97
:107ED000035AD5ED031A32EE011A23EE472A32EE89
:107EE000011A24EE602A32EE011A25EE612A0438C6
:107EF00032EE011A814207F11007D7D1404212F049
:107F00000301ADD002FB09F708EB870707EB8006FA
:107F100096ED002A0EEB800696ED003A012922EE3E
:107F2000432A32EE011A9BD0461C07EB86050EEB66
:107F3000860695ED002A96ED003A022922EE432AA4
:107F400032EE011A8CD0023007EB80010EEB80007C
:107F500091ED002A90ED003A22EE432A32EE011A0A
:107F60007EE7B9F1010F43ABC0F2B280A3F110007C
:107F7000109008EB8900A0F1040B4FEA09164FF0AE
:107F8000000ECA46CDF844C01AE000BF11981599FA
:107F900043AB484308EB800090ED001ADDF85090A9
:107FA00080EE010A03EB81000EF1010EABF1040B30
:107FB000BAF1010F8A4676AC80ED000A40F3888062
:107FC000AAF1010257A800EB820090ED000ACA4511
:107FD0001592DBD21EF0030136D008EB82000AFBBB
:107FE00009F200EB820292ED001A03EB8A0292ED95
:107FF000002A012921EE421A31EE000A0AF1010C91
:1080000023D00CFB09F200EB820292ED001A03EB85
:108010008C0292ED002A022921EE421A31EE000A6A
:108020000AF1020C11D00CFB09F100EB810090ED7C
:10803000001A03EB8C0090ED002A0AF1030C21EEEC
:10804000421A31EE000A00E0D446AEF101000328E6
:108050009CD310991498129B01EB8C090CF103012D
:108060000CF102020CF10105A0EB0C0059435A433C
:1080700003FB0CF703FB05F45D4600BFEB1993ED22
:10808000001A99ED042A2B1999ED053A21EE421AAE
:1080900093ED002AAB1899ED064A31EE000A22EE64
:1080A000431A93ED002A6B1899ED075A31EE000A36
:1080B00022EE441A93ED002A31EE000A22EE451A10
:1080C00009F1100931EE000A04383544D6D15DE7D4
:1080D0001399261F91ED010A91ED021A91ED032AE1
:1080E00091ED043A086840F2000B22EE024A20EEBD
:1080F000025A21EE036A21EE017A20EE010A22EEF5
:10810000031A089CDDE90BA94C301F1FC4F2303B59
:1081100036EE45AA31EE00BA37EE04CAB0EE498A0F
:10812000159000BF56F8045F159905EB450001EB6B
:1081300080080120C8F20000594652464B4613F011
:10814000C1FD12F01FFD0DEE100A0220C8F2000062
:10815000594652464B4613F0B5FD12F013FD00EEA2
:10816000100A20EE0AEA20EE0BFA20EE4C0A4FF03D
:108170000040594652464B4630EE0DDA13F0A2FD50
:1081800012F000FD98ED000A98ED011A98ED022A10
:1081900072A82FEE011A2EEE000A00EB850030EED9
:1081A000010A2DEE021A90ED002A31EE000A97ED39
:1081B000011A32EE400A21EE000A043730EE099A25
:1081C00038EE018A013CADD119EE100A20F00040D2
:1081D000B0F1FF4F18DA18EE100A20F00040B0F1AD
:1081E000FF4F11DA0021DDE90B23C4F230314FF0EB
:1081F000004013F067FD12F0C5FC00EE100AB4EE6B
:10820000C08AF1EE10FA19D81399002081F81801EC
:10821000FEF7D6BEDDF84CE0DDF85090DDF848A062
:108220000798C0077FF40CAEDEF84C010130CEF8A1
:108230004C0100208EF81801FEF7C2BE1498089A6F
:10824000042802F0030E09D2139EDDF83CC0DDE9DC
:10825000059BDDE9033A002172A841E076A822F0EF
:108260000302DDF83CC0DDE9059BDDE9033AA0F13E
:108270001001C2F100080022012772A851F8106F06
:10828000043A50F826504C6843F826505BF82650C4
:1082900090454AF8265050F8245009F8067043F8E3
:1082A00024505BF824608D684AF8246050F82560FB
:1082B00009F8047043F825605BF82560CC684AF83B
:1082C000256050F8246009F8057043F824605BF8D5
:1082D00024604AF8246009F80470CFD1139E5142FB
:1082E000BEF1000F2ED076AA52F82140BEF1010F48
:1082F00050F8242043F824205BF824204AF8242056
:108300004FF0010209F804201CD076AC04EB810187
:108310004C68BEF1020F50F8247043F824705BF8EB
:1083200024704AF8247009F804200BD08A6850F8A9
:10833000221043F822105BF822104AF82210012183
:1083400009F8021089EE080A012086F81801D6F80B
:10835000082186ED380ADCF80010C6F80011511C1F
:10836000C6F80811FEF72CBE2DE9F0472DED108B55
:10837000AAB0B0EE408A9FEDA60B91ED00AA91ED58
:1083800001EAD1ED028A56EC107B00219A4692ED6B
:1083900000CA92ED01DA92ED02FA0546C4F23031DC
:1083A0004FF000403A46334613F08CFC12F0EAFBE3
:1083B00000EE100A2AEE0A1A31EE000A2EEE0E1A0C
:1083C00031EE000A28EEA81A31EE000A10EE100A6B
:1083D00020F00040B0F1FF4F80F212819FED8EBA85
:1083E000B4EECB0AF1EE10FA00F10A8112F0E4F9D2
:1083F0000021C4F230314FF000403A463346B0EE2F
:10840000409A13F05FFC12F0BDFB00EE100A2CEE58
:108410000C1A31EE000A2DEE0D1A31EE000A2FEE85
:108420000F1A31EE000A10EE100A20F00040B0F1F1
:10843000FF4F80F2E580B4EECB0AF1EE10FA4FF078
:10844000000000F1DE80F7EE009A89EE891A002420
:108450002AEE01BA2EEE01AA28EE819A12F0ACF9AA
:1084600089EE800A40F200080120C4F23038D5EDD0
:10847000018AD5ED03AAD5ED04BAC8F20000414641
:108480003A463346CDE91244CDE91044CDE90E44D5
:108490002DEE00EA2FEE00DA95ED02FA2CEE00CA7E
:1084A0000D9413F00FFC12F06DFB09EE900A022000
:1084B000C8F2000041463A46334613F003FC12F07E
:1084C00061FB28EEAB2A2FEE2A3A2BEEAB0A2AEEFE
:1084D000AA1A33EE424A28EEAA5A33EE022A2FEEA7
:1084E0002B3A2AEEAB6A68EE8F0A6FEE0F1A33EE64
:1084F000057A33EE453A36EE605A36EE206A71EE72
:10850000000A31EE800A31EE811A01EE900A0DF177
:10851000600961EEE00A21EEC00A21EEC11A09F1FC
:108520000C003C2121EE84FA61EE878A61EE82AA7A
:1085300061EE85BA61EE83CA61EE86DA70EEA9EA71
:1085400070EE29FA71EE299AE8F775FA2AEE8E0A8A
:108550002EEE8C1A31EE000A2CEE8D1A71EE00AA66
:108560002FEE8E0A2FEE0C1A31EE000A2DEE8D1A28
:1085700031EE00FA2BEE8E0A28EE8C1A31EE000A4C
:1085800029EE8D1A4FF0004041463A46334631EE0F
:1085900000CA13F097FB12F0F5FAB1EE4C0AB1EEF7
:1085A0006A1A8DED190A8DED201A3BEE6A0A3AEE31
:1085B0004F1AB1EE4F2A18901F9026908DED150A94
:1085C00028EE080A8DED161A39EE4C1A032715A964
:1085D0000CAB28464A468DED1AFA8DED1ECA8DED7C
:1085E000242ACDED25AA8DED0C0A8DED100A8DED16
:1085F000171A8DED140ACDE9007A00F099FB00E01E
:1086000000202AB0BDEC108BBDE8F08700BF00BF92
:108610000000008000003043CCBC8C2B0000000028
:1086200091ED000A10EE103A23F00043B3F1FF4F32
:108630002EDA91ED011A11EE103A23F00043B3F156
:10864000FF4F25DA8B6823F00043B3F1FF4F1FDAA9
:108650002DE9F04F81B02DED048B84B091ED022A0D
:1086600021EE011A20EE000A30EE010A22EE021A73
:1086700031EE000A164604460F4612F09DF89FEDB3
:108680005A1AB4EEC10AF1EE10FA03DD00208BE0B5
:108690000020704794F817312246012B68D1D2F898
:1086A000FC00301A002840F38580D2F80080D8F80A
:1086B0002451A8425CD9D2F848019FED490B013002
:1086C0000025C2F848014FF0000B59EC10AB012017
:1086D000C4F23035C2E902BBC2F810B0C8F20000E3
:1086E000294652464B4613F0EDFA12F04BFA9FED35
:1086F0003F0A9FED3F1A606004F11400A42120EEB0
:10870000008A21EE019AE8F796F94FF000402946D9
:1087100052464B4684ED0B8A84ED128A84ED198A09
:1087200084ED209A84ED279A84ED2E9AC4F8DCB06B
:1087300013F0C8FA12F026FAC4F8E00008F1980223
:1087400007CA04F1E40307C3D8F8A40098F82E116F
:10875000C4F8F00084F8F41004F1F8002321E8F7DD
:108760006AF994F81651314622463846012D07E041
:1087700092F8165131463846002D18BF002B1FD1F4
:108780002DB192F81731002B08BFC2F8F810D0E9CC
:1087900000378068C2E9083790620120C2F8FC10F7
:1087A00082F8170182F81A0104B0BDEC048B01B005
:1087B000BDE8F08FD2F840010130C2F8400165E712
:1087C000104602F061FC00283FF460AF94F81601F7
:1087D0002246C00731463846D3D1D8E700BF00BF94
:1087E000000000800000304300002042CDCCCC3D92
:1087F0008FC2F53C000000002DE9F04F81B02DED57
:108800000C8BA2B00B6823F00043B3F1FF4F4DDA9D
:108810004B6823F00043B3F1FF4F47DA8B6823F036
:108820000043B3F1FF4F41DA0D461146044693462B
:1088300002F02AFC01462046C1B395ED000A95EDF1
:10884000011A95ED022A21EE011A20EE000A30EEFF
:10885000010A22EE021A31EE000A11F0ADFF94F87F
:10886000F40021460128B0EE408A2BD191ED3C0A5C
:10887000086838EE400A90ED3F1AB0EEC00AB4EE38
:10888000C10AF1EE10FA4FDC91F81921002A51D0FB
:1088900090ED2D0A01F1E40201F5AC732046294662
:1088A000FFF762FD002840F08E81B0E1D0F8301172
:1088B0000131C0F83011002022B0BDEC0C8B01B0AA
:1088C000BDE8F08F086890F82F0101282CD19FEDAA
:1088D000DC0B052056EC107B0021C8F20000C4F22E
:1088E00030313A46334613F0EDF912F04BF900EE11
:1088F000100AB4EEC08A2146F1EE10FA14D46420B6
:108900000021C8F20000C4F230313A46334613F079
:10891000D9F912F037F900EE100AB4EEC08A2146F8
:10892000F1EE10FA40F35A81D1F830010130C1F86C
:108930003001C0E701F1040819A94046FDF74CFADF
:108940009FEDBF0B40F2000957EC106BC4F23039B9
:108950009DED199A9DED1ABA4FF0004049463246F6
:108960003B4613F0AFF912F00DF940F2020AC8F2DB
:10897000000A0DEE100A5046494632463B4613F0B7
:10898000A1F912F0FFF800EE100A89EE000A11F0CA
:1089900071FA5046494632463B46B0EE408A13F0E3
:1089A00091F912F0EFF800EE100A89EE000A11F0CA
:1089B0003BFE5046494632463B46B0EE409A13F0E5
:1089C00081F912F0DFF800EE100A8BEE000A11F0C8
:1089D00051FA5046494632463B46B0EE40AA13F0A3
:1089E00071F912F0CFF800EE100A8BEE000A11F0C8
:1089F0001BFE5046494632463B46B0EE40BA13F0A5
:108A000061F912F0BFF800EE100A8DEE000A11F0C5
:108A100031FA5046494632463B46B0EE40CA13F062
:108A200051F912F0AFF800EE100A8DEE000A11F0C5
:108A3000FBFD28EE0A1A29EE0B2A22EE003A21EE5F
:108A40000C4A34EE03DA29EE0A3A28EE0B4A0120EA
:108A500024EE005A23EE0C6A23EE003A24EE0C4A70
:108A600022EE0C2A21EE000AC8F2000049463246E6
:108A70003B4636EE458A34EE039A30EE42AA13F0B6
:108A800021F912F07FF80BEE100A504649463246A3
:108A90003B4613F017F912F075F82DEE0A3A28EE5E
:108AA000094A2AEE0A1A29EE092A34EE435A2DEE13
:108AB000096A28EE0A7A34EE033A28EE084A32EEC2
:108AC000012A37EE066A34EE011A2DEE084A29EE25
:108AD0000A7A00EE100A37EE444A20EE422A20EECF
:108AE000055A20EE066A20EE033A20EE411A20EEE7
:108AF000040A95ED004A95ED017A32EE0B2AD5ED88
:108B0000020A25EE075A22EE042A31EE0B1A32EE43
:108B1000052A26EE205A35EE028A21EE071A23EEA8
:108B2000042A32EE011A20EE200A30EE019AB0EE4D
:108B3000480AF0EE490A11F02DFC9FED44AAB4EE6C
:108B4000CA0AF1EE10FA62D494ED390AD4ED3A0A69
:108B500011F020FCB4EECA0AF1EE10FA57D4D4EDAD
:108B6000390A94ED3A0A10F0F9FFB0EE40AAB0EEDF
:108B7000490AF0EE480A10F0F1FF3AEE401A9DED76
:108B8000190ADDED1A0A40468DED1B1AFDF77CF837
:108B900004F130008821E7F74EFF4DF20A70C3F66A
:108BA0002340E062A06460664EF6FA50D4F80811E3
:108BB000C3F66B20C4F88000C4F89C00C4F8B80069
:108BC000481CC4F80801D4F82401C4F804B10130E9
:108BD000C4F82401012084F819016DE619AE081DBE
:108BE0003146FDF799F916AA30462946FDF77CFB78
:108BF0009DED160ADDED170A11F0CCFB9FED121A60
:108C000021EE081AB4EEC10AF1EE10FA05D5D4F837
:108C100030010130C4F830014DE616AA07CA2646D5
:108C200046F8E40FC6E9011230460321FDF788FD3E
:108C300021460120B0EE480A86ED038A307417E61B
:108C40000000008000003043CDCCCC3D6F12833A51
:108C500070B591ED000A10EE103A23F00043B3F125
:108C6000FF4F2EDA91ED011A11EE103A23F0004376
:108C7000B3F1FF4F25DA8B6823F00043B3F1FF4FC8
:108C80001FDA91ED022A21EE011A20EE000A30EEE1
:108C9000010A22EE021A31EE000A064615460C467B
:108CA00011F08AFD3368304693ED251A93ED3E2A84
:108CB00030EE410AB0EEC00AB4EEC20AF1EE10FA8C
:108CC00006DDD0F82C110131C0F82C11002070BD48
:108CD00090F816312A46BBB1114602F0D5F9D0B151
:108CE0003168304691ED2C0A06F5AA730DA2214693
:108CF000FFF73AFB78B1D6F82001C6F810510130E1
:108D0000C6F82001012070BD214613460022BDE8AF
:108D10007040FDF7D1BDD6F82C010130C6F82C010A
:108D2000002070BD00000000000000000000803F37
:108D30002DE9F04F81B02DED108BADF5966DDDF87E
:108D400018B59946ABF1040313F1030FC1F0EE809F
:108D50008246086820F00040B0F1FF4F81F2E680C3
:108D6000BBF1010F15D0486820F00040B0F1FF4F73
:108D70000FDABBF1020F4FF0020006D08B6823F030
:108D80000043B3F1FF4FB8BF03205845C1F0CE8078
:108D900003E001205845C1F0C980BBF1000F0BFB77
:108DA0000BFC3DD0D9F8000020F00040B0F1FF4F9F
:108DB00081F2BC8009F10804CCF1000300260220F6
:108DC0001F18012F21D0054654F8040C20F0004054
:108DD000B0F1FF4F1CDA206820F00040B0F1FF4FE7
:108DE0001BDA606820F00040B0F1FF4F12DAB81CC7
:108DF00006F1040610D0A068103420F00047281DAA
:108E0000B7F1FF4FDCDB023507E046F0010504E077
:108E1000013D02E0013500E035466545C1F0868040
:108E20000DF58D67129138464821CDF85CC00B9244
:108E3000E7F701FE0DF244402421E7F7FCFD0DF5B4
:108E400084602421E7F7F7FDDDF82CE0ABF10101A8
:108E500000200AF12C081491A7F11001CDF81C0490
:108E6000CDF81804CDF81404CDF8409004E000BF0C
:108E70000130062800F04B81BBF1000F00F0428169
:108E800000EB400208EBC20393ED005A93ED014A58
:108E900093ED023A93ED032A93ED041A93ED050A3C
:108EA000149B032BC0F0AA8001EB8206002300BFB5
:108EB0000EEB030595ED006A96ED047AD5ED010AF7
:108EC00025EE066A36EE076A24EE207AD5ED020A10
:108ED00037EE066A23EE207AD5ED030A37EE066AEE
:108EE00022EE207AD5ED040A37EE066A21EE207ACA
:108EF000D5ED050A37EE066A20EE207A37EE066ACF
:108F000095ED067A86ED046A25EE076A96ED057AF8
:108F1000D5ED070A36EE076A24EE207AD5ED080A69
:108F200037EE066A23EE207AD5ED090A37EE066A97
:108F300022EE207AD5ED0A0A37EE066A21EE207A73
:108F4000D5ED0B0A37EE066A20EE207A37EE066A78
:108F500095ED0C7A86ED056A25EE076A96ED067AA0
:108F6000D5ED0D0A36EE076A24EE207AD5ED0E0A0D
:108F700037EE066A23EE207AD5ED0F0A37EE066A41
:108F800022EE207AD5ED100A37EE066A21EE207A1D
:108F9000D5ED110A37EE066A20EE207A37EE066A22
:108FA00095ED127A86ED066A25EE076A96ED077A48
:108FB000D5ED130A36EE076A24EE207AD5ED140AB1
:108FC00037EE066A23EE207AD5ED150A37EE066AEB
:108FD00022EE207AD5ED160A37EE066A21EE207AC7
:108FE000D5ED170A37EE066A20EE207A37EE066ACC
:108FF00086ED076A103660337FF45AAF9EED006A43
:1090000007EB820292ED007ADEED010A25EE066A98
:1090100036EE076A24EE207ADEED020A37EE066AA3
:1090200023EE207ADEED030A37EE066A22EE207A7E
:10903000DEED040A37EE066A21EE207ADEED050A3F
:1090400037EE066A20EE207A37EE066ABBF1010F92
:1090500082ED006A3FF40CAF9EED066A92ED017A54
:10906000DEED070A25EE066A36EE076A24EE207A60
:10907000DEED080A37EE066A23EE207ADEED090AF5
:1090800037EE066A22EE207ADEED0A0A37EE066A2D
:1090900021EE207ADEED0B0A37EE066A20EE207A0A
:1090A00037EE066ABBF1020F82ED016A3FF4E0AED3
:1090B0009EED0C7A92ED026ADEED0D0ADEED0E1ADF
:1090C00025EE075ADEED0F2A35EE065A24EE204A29
:1090D00034EE054A23EE213A33EE043A22EE222AF8
:1090E0009EED104A32EE032A9EED113A21EE041A4B
:1090F00031EE021A20EE030A30EE010A82ED020A76
:10910000B6E600BF013006287FF4B6AEB4E14FEA00
:109110008B0C00214A460DF2444305E001316344C3
:109120005945624400F0498101EB41000EEBC0005B
:1091300090ED005A90ED014A90ED023A90ED032A2D
:1091400090ED041A90ED050A14980328C0F09E8053
:10915000002600BFBD1995ED006A941925EE067A28
:10916000D4ED000A95ED036A77EE200A64EE061A44
:1091700095ED067A71EEA01AD5ED090A63EE072A7D
:1091800072EEA12A62EE203AD5ED0C1A73EEA23AE5
:10919000D5ED0F2A61EE214A74EEA33A60EE224A21
:1091A00074EEA33AD5ED014A9819C0ED003A65EE88
:1091B000243AD4ED014AD5ED045A73EEA43A64EE94
:1091C000254AD5ED075A74EEA33A63EE254AD5ED4C
:1091D0000A5A74EEA33A62EE254AD5ED0D5A74EEA2
:1091E000A33A61EE254AD5ED105A74EEA33A60EE2B
:1091F000254A74EEA33AD5ED024AC0ED013A65EE78
:10920000243AD4ED024AD5ED055A73EEA43A64EE41
:10921000254AD5ED085A74EEA33A63EE254AD5EDFA
:109220000B5A74EEA33A62EE254AD5ED0E5A74EE4F
:10923000A33A61EE254AD5ED115A74EEA33A60EED9
:10924000254A74EEA33AC0ED023AD4ED033A25EE76
:10925000066A36EE236A24EE077A37EE066A23EEB4
:10926000207A37EE066A22EE217AD5ED120A37EE21
:10927000066A21EE227A37EE066A20EE207A37EE71
:10928000066A103680ED036A7FF464AF01FB0BF6CB
:1092900097ED006A09EB860090ED007AD7ED030A9E
:1092A00025EE066A36EE076A24EE207AD7ED060A26
:1092B00037EE066A23EE207AD7ED090A37EE066A02
:1092C00022EE207AD7ED0C0A37EE066A21EE207ADC
:1092D000D7ED0F0A37EE066A20EE207A0DF24444ED
:1092E00037EE066A04EB8600BBF1010F80ED006AE1
:1092F0003FF414AF701C97ED016A09EB800797EDFE
:10930000007A0DF58D67D7ED040A25EE066A36EE74
:10931000076A24EE207AD7ED070A37EE066A23EEB5
:10932000207AD7ED0A0A37EE066A22EE207AD7EDC8
:109330000D0A37EE066A21EE207AD7ED100A37EED5
:10934000066A20EE207A37EE066A04EB8000BBF155
:10935000020F80ED006A3FF4E1AEB01C09EB80071C
:1093600097ED006A0DF58D6797ED027AD7ED050A46
:10937000D7ED081A25EE075AD7ED0B2A35EE065A17
:1093800024EE204A34EE054A23EE213A33EE043A25
:1093900022EE222A97ED0E4A32EE032A97ED113A79
:1093A00021EE041A31EE021A20EE030A04EB8000CB
:1093B00030EE010A80ED000AB0E617994746481ED4
:1093C000032801D200243EE09FEDE10B0DF58460FF
:1093D00040F2000901F00C08A0F1100B002456EC3B
:1093E000105BC4F2303900BF4FF0004049462A46B6
:1093F000334612F067FC11F0C5FB4BF8100F4FF02D
:10940000004049462A46334612F05CFC11F0BAFB94
:10941000CBF804004FF0004049462A46334612F08C
:1094200051FC11F0AFFBCBF808004FF0004049466B
:109430002A46334612F046FC11F0A4FB0434A04542
:10944000CBF80C00D0D11798DDF818B5C007B84696
:109450000DF58D6710D09FEDBE0B002153EC102B46
:10946000C4F230314FF0004012F02CFC11F08AFBB6
:109470000DF5846141F824004FEA8B006FF0030181
:109480009FEDB39B01269FEDB4AA9FEDB4BA129C49
:109490001690002001250E916FF00701C8F200061A
:1094A0000023CDE9098A0D910C900DF2444000EBA8
:1094B000830003FB0BF113900DF5846000EB810238
:1094C0004FF0000B6FF003096FF0070A119315912D
:1094D0000F9215E00DF5846202EB880000EB8B0023
:1094E00090ED000A88EE000A17980BF1010B02EBD1
:1094F00080008944AB458A4480ED000A00F0DA80A0
:1095000015980BEB00010DF2444000EB810090ED4B
:10951000008A18EE100A20F00040B0F1FF4F80F2F0
:10952000DC80DDF8180517910BFB00F8139800217B
:1095300000EB880090ED000A53EC192B38EE400A3E
:109540003046C4F23031B0EEC0CA12F0BBFB11F0AD
:1095500019FB00EE100AB0EEC81A30EE010A2AEE2E
:10956000000AB4EEC0CAF1EE10FA00F3B680169904
:10957000BBF1000F00F08680BBF1040F04D2002085
:109580001BF0030244D17DE02BF003000D9B0E9CE9
:10959000AE46C0F1000C002052464F460DF58461E6
:1095A0000D19CE1995ED010A96ED012A95ED041AD3
:1095B00096ED043ACE188D1820EE420A96ED032A55
:1095C00095ED035A96ED044A95ED046A30EE080ACB
:1095D00022EE452A32EE000A24EE462A32EE000A36
:1095E00021EE431A043831EE008A1034103710335C
:1095F000844502F11002D3D11699129C01264042F3
:109600000DF58D677546C8F200061BF0030239D0D0
:10961000A4462C4635460F9E0DF5846101EB88016A
:1096200006EB800393ED000A01EB800393ED001A33
:10963000012A20EE410A30EE088A01D116991EE077
:10964000431C06EB830701EB830397ED000A93EDC0
:10965000001A022A20EE410A30EE088A0CD00230AD
:1096600006EB800201EB800092ED000A90ED001AFB
:1096700020EE410A30EE088A16990DF58D672E46C8
:1096800025466446119858457FF424AF18EE100A19
:1096900020F00040B0F1FF4F1FDAB4EECB8AF1EEBC
:1096A00010FA1AD9B0EE480A11F086F816990DF59D
:1096B000846219E7119BDDF818B5013300205B4582
:1096C00028BF01200E9A01350A440E920D9A5B457F
:1096D0000A440D927FF4E8AE02E0DDF818B50C986C
:1096E000C0070DF5846900F09F800BF10101002097
:1096F00017910DF549784946CDE9CD00CDE9CB006C
:10970000CDE9C90014E000BF0DF58D67179A4243FB
:1097100009EB820292ED001A08EB800280EE010A4A
:109720000130584582ED000A169A114400F08380FA
:1097300004EB800292ED000A0028E7D004280FD243
:10974000002210F003033FD1E0E700BF00BF00BFDD
:109750000000008000003043ACC52737CCBC8C2B08
:1097600020F0030253420022002700BFCE1908EB6D
:10977000070596ED001A95ED005A96ED012A95ED34
:10978000016A96ED023A95ED027A21EE451A96EDC0
:10979000034AD5ED030A31EE000A22EE461A31EEF5
:1097A000000A23EE471A31EE000A24EE601A043A4A
:1097B00031EE000A934207F11007D7D152420DF55E
:1097C0008D6710F00303A1D000FB0BF709EB8707AF
:1097D00007EB820696ED001A08EB820696ED002A4A
:1097E000012B21EE421A31EE000A8DD0561C07EBF8
:1097F000860508EB860695ED001A96ED002A022BE9
:1098000021EE421A31EE000A3FF47EAF023207EB3E
:10981000820308EB820293ED001A92ED002A21EEFA
:10982000421A31EE000A6FE70A99D1F84C01013073
:10983000C1F84C017AE3BBF1010F0DF21445C0F2FF
:10984000CA80A5F11000139009EB8B00A0F1040869
:109850004FEA0B1A4FF00009DE461CE01798159AE4
:109860000DF58461504301EB800090ED001A0DF27C
:10987000144580EE010A129C05EB820009F10109F2
:10988000A8F10408BEF1010F96460DF58D6780ED35
:10989000000A40F38880AEF10102C9A800EB820003
:1098A00090ED000ADE451592D8D219F0030138D0A8
:1098B0000DF5846000EB82000EFB0BF300EB8303DD
:1098C00093ED001A05EB8E0393ED002A012921EE9A
:1098D000421A31EE000A0EF1010C23D00CFB0BF3FF
:1098E00000EB830393ED001A05EB8C0393ED002A44
:1098F000022921EE421A31EE000A0EF1020C11D0BB
:109900000CFB0BF100EB810090ED001A05EB8C00D5
:1099100090ED002A0EF1030C21EE421A31EE000AFE
:1099200000E0F446A9F10100032897D31398169A92
:1099300000EB8C050CF1030002FB00F70CF10200B8
:109940000CF10103ABEB0C04504302FB0CF153434D
:10995000464600BF721892ED001A95ED042AF218DF
:1099600095ED053A21EE421A92ED002A321895ED56
:10997000064A31EE000A22EE431A92ED002AF2194D
:1099800095ED075A31EE000A22EE441A92ED002AB4
:1099900031EE000A22EE451A103531EE000A043C81
:1099A0005644D7D15AE7002153EC192BC4F2303179
:1099B0004FF0004012F086F911F0E4F8DDF81C35A4
:1099C00000EE100ABBF1000F0DF549780DF5846922
:1099D000186010D17EE0002153EC192BC4F2303115
:1099E0004FF0004012F06EF911F0CCF8DDF81C35A4
:1099F00000EE100A18601498032801D2002034E009
:109A0000A4F11002A5F11001002000BF92ED041A8C
:109A100091ED042A91ED053A21EE021A31EE000A89
:109A200083ED000A92ED051A91ED062A21EE031A44
:109A300031EE000A83ED000A92ED061A043821EE99
:109A4000021A31EE000A83ED000A92ED071A91ED39
:109A5000072A02F1100221EE021A01F1100131EE83
:109A6000000A83ED000AD1D14042BBF1000F31D092
:109A700004EB800191ED001A05EB800191ED002AC5
:109A8000BBF1010F21EE021A31EE000A83ED000A4C
:109A900020D0411C04EB810205EB810192ED001AFC
:109AA00091ED002ABBF1020F21EE021A31EE000AFD
:109AB00083ED000A0ED0023004EB800105EB80003C
:109AC00091ED001A90ED002A21EE021A31EE000A03
:109AD00083ED000A10EE100A20F00040B0F1FF4FB5
:109AE00080F224820FF6B44000EB8B0010ED011AD7
:109AF0000020B4EEC10AF1EE10FA00F31882F3ACC4
:109B000020464821E6F797FF09EB8B0004381699A9
:109B100000250E904FEA0B1AA4F11000CDE9F15583
:109B2000CDE9EF55CDE9ED550D9013900DE0169967
:109B300082ED000A139801350C30062D04F10C0457
:109B40000DF58D67139000F0AE8105EB450C0F9479
:109B500007EB8C0E00264C461195CDE9CD66CDE97C
:109B6000CB66CDE9C9660FE017980C44704309EB4A
:109B7000800090ED001A08EB860080EE010A0136A5
:109B80005E4580ED000A6FD00EEB860393ED000A70
:109B9000002EE9D0042E05D2002316F0030733D19E
:109BA000E2E700BF26F003035F420023002500BF69
:109BB000601908EB050290ED001A92ED005A90ED45
:109BC000012A92ED016A90ED023A92ED027A21EEBD
:109BD000451A90ED034AD2ED030A31EE000A22EE57
:109BE000461A31EE000A23EE471A31EE000A24EE3F
:109BF000601A043B31EE000A9F4205F11005D7D1EF
:109C00005B4216F00307AFD006FB0BF509EB8505A9
:109C100005EB830090ED001A08EB830090ED002A1D
:109C2000012F21EE421A31EE000A9DD0581C05EB9F
:109C3000800208EB800092ED001A90ED002A022FBE
:109C400021EE421A31EE000A8ED0981C05EB8002FC
:109C500008EB800092ED001A90ED002A21EE421AE6
:109C600031EE000A80E700BFF3A8BBF1010F00EB63
:109C70008C011591C0F2AD800E9D0022DC461CE0E7
:109C80000000000017980DF584690EFB00F009EB49
:109C9000800090ED001A159980EE010ADDF818B5E4
:109CA00001EB8E000132043DBCF1010FF4460DF5CD
:109CB000497880ED000A40F38480ACF1010E08EB96
:109CC0008E0090ED000ADC45DCD212F0030436D0A1
:109CD00009EB8E000CFB0BF300EB830393ED001AF2
:109CE00001EB8C0393ED002A012C21EE421A31EE98
:109CF000000A0CF1010323D003FB0BF600EB8606F0
:109D000001EB830396ED001A93ED002A022C21EE5D
:109D1000421A31EE000A0CF1020311D003FB0BF4DE
:109D200000EB840090ED001A01EB830090ED002A17
:109D30000CF1030321EE421A31EE000A00E0634603
:109D4000501E03289ED3DDF818051699C41AD81C96
:109D500001FB00F9139801FB03F800EB83009E1C44
:109D6000013301FB06F74B432E4600BF06EB080B01
:109D70009BED001A90ED042AF11890ED053A21EEC2
:109D8000421A91ED002AF11990ED064A31EE000ACF
:109D900022EE431A91ED002A06EB090190ED075AD5
:109DA00031EE000A22EE441A91ED002A31EE000A4B
:109DB00022EE451A103031EE000A043C5644D5D14B
:109DC00060E71699DDE911570F9CBBF1000F03D135
:109DD000B0E6DDE911570F9CEDA800EB8502149861
:109DE00092ED000A032801D2002627E00023002676
:109DF000E018F91890ED001A91ED005A90ED012A43
:109E000091ED016A90ED023A91ED027A21EE051A88
:109E100090ED034AD1ED030A31EE000A22EE061A54
:109E200031EE000A23EE071A31EE000A24EE201A62
:109E300031EE000A103306F10406D9D11699BBF1B0
:109E4000000F3FF475AE159BBBF1010F03EB8600CD
:109E500090ED001A07EB860090ED002A21EE021A21
:109E600031EE000A3FF464AE701C03EB800107EB97
:109E7000800091ED001A90ED002ABBF1020F21EE57
:109E8000021A31EE000A3FF452AEB01C03EB80011F
:109E900007EB800091ED001A90ED002A21EE021AE6
:109EA00031EE000A43E69DEDED8ADDF8288018EEDC
:109EB000100A20F00040B0F1FF4F37DA9DEDEEAA16
:109EC0001AEE100A20F00040B0F1FF4F2EDAEF98A2
:109ED00020F00040B0F1FF4F28DAF09820F0004069
:109EE000B0F1FF4F22DAF19820F00040B0F1FF4FBF
:109EF0001CDAF29820F00040B0F1FF4F16DA9DED29
:109F0000EFBA2AEE0A0A28EE081A31EE000A2BEE02
:109F10000B1A31EE000A10F04FFCD8F8000090ED5B
:109F2000451AB4EEC10AF1EE10FA07DD00200DF576
:109F3000966DBDEC108B01B0BDE8F08FC9A89021E3
:109F40008DED02BA8DED03AAE6F775FD0DF5257AC4
:109F500050469021E6F76FFD81A89021E6F76BFD52
:109F60000B9B5FEDB92A0DF57379A3F1600C00210D
:109F7000B7EE000A4A460CE00EF1140080ED001A1C
:109F80000D9801310C32062900F10C000D9000F003
:109F900062820029B0EE621A01EB4100C9AF08BF2E
:109FA000B0EE401A07EBC00EBBF1000F8EED001AA9
:109FB00004D0149F032F2AD2002650E00129B0EECE
:109FC000621A08BFB0EE401A0229B0EE622A08BF3A
:109FD000B0EE402A0329B0EE623A08BFB0EE403A34
:109FE0000429B0EE624AB0EE625A08BFB0EE404AB1
:109FF000052908BFB0EE405A8EED011A8EED022AF7
:10A000008EED033A8EED044A8EED055AB8E700272F
:10A0100065460026D41995ED182A94ED006A95ED51
:10A020001E3A94ED017A95ED244AD4ED020A26EE0B
:10A03000422A95ED2A5AD4ED031A32EE011A27EE80
:10A04000432A32EE011A20EEC42A32EE011A21EE22
:10A05000C52A603532EE011A04361037DAD109EB21
:10A06000800000EB860797ED002A06EB460703EB1E
:10A07000C70797ED003ABBF1010F22EE432A32EEFB
:10A08000012A20D0771C00EB870507EB470703EB7D
:10A09000C70795ED001A97ED003ABBF1020F21EECC
:10A0A000431A31EE022A0ED0B71C00EB870607EBED
:10A0B000470703EBC70796ED001A97ED003A21EE2C
:10A0C000431A31EE022AB0EE621A012908BFB0EE3F
:10A0D000401A149F8EED002A032F01D2002727E09B
:10A0E0000D9D002600279C1995ED042A94ED016A28
:10A0F00095ED053A94ED077A95ED064AD4ED0D0AF3
:10A1000022EE462A95ED075AD4ED131A32EE011AC3
:10A1100023EE472A32EE011A24EE602A32EE011AAB
:10A1200025EE612A103532EE011A04376036DAD195
:10A1300000EB870607EB470703EBC70796ED002AFE
:10A1400097ED013ABBF1010F22EE432A32EE012ACC
:10A1500012D096ED011A97ED073ABBF1020F21EEEE
:10A16000431A31EE022A07D096ED021A97ED0D3A06
:10A1700021EE431A31EE022AB0EE621A022908BF1C
:10A18000B0EE401A149E0EF10407032E87ED002A4C
:10A1900001D2002727E00D9D002600279C1995ED90
:10A1A000042A94ED026A95ED053A94ED087A95ED4E
:10A1B000064AD4ED0E0A22EE462A95ED075AD4ED52
:10A1C000141A32EE011A23EE472A32EE011A24EE57
:10A1D000602A32EE011A25EE612A103532EE011A9C
:10A1E00004376036DAD100EB870607EB470703EB4D
:10A1F000C70796ED002A97ED023ABBF1010F22EE58
:10A20000432A32EE012A12D096ED011A97ED083A50
:10A21000BBF1020F21EE431A31EE022A07D096ED70
:10A22000021A97ED0E3A21EE431A31EE022AB0EEF1
:10A23000621A032908BFB0EE401A149E0EF10807F7
:10A24000032E87ED002A01D2002727E00D9D00266E
:10A2500000279C1995ED042A94ED036A95ED053AC3
:10A2600094ED097A95ED064AD4ED0F0A22EE462ABE
:10A2700095ED075AD4ED151A32EE011A23EE472A4E
:10A2800032EE011A24EE602A32EE011A25EE612A1E
:10A29000103532EE011A04376036DAD100EB87064A
:10A2A00007EB470703EBC70796ED002A97ED033A44
:10A2B000BBF1010F22EE432A32EE012A12D096EDB5
:10A2C000011A97ED093ABBF1020F21EE431A31EE64
:10A2D000022A07D096ED021A97ED0F3A21EE431AA3
:10A2E00031EE022AB0EE621A042908BFB0EE401A1D
:10A2F000149E0EF10C07032E87ED002A01D20027D1
:10A3000027E00D9D002600279C1995ED042A94ED69
:10A31000046A95ED053A94ED0A7A95ED064AD4ED76
:10A32000100A22EE462A95ED075AD4ED161A32EE9F
:10A33000011A23EE472A32EE011A24EE602A32EE89
:10A34000011A25EE612A103532EE011A0437603603
:10A35000DAD100EB870607EB470703EBC70796ED5B
:10A36000002A97ED043ABBF1010F22EE432A32EEA8
:10A37000012A12D096ED011A97ED0A3ABBF1020FAD
:10A3800021EE431A31EE022A07D096ED021A97ED1C
:10A39000103A21EE431A31EE022AB0EE621A052974
:10A3A00008BFB0EE401A149E0EF11007032E87ED81
:10A3B000002A01D2002727E00D9D002600279C19C6
:10A3C00095ED042A94ED056A95ED053A94ED0B7A26
:10A3D00095ED064AD4ED110A22EE462A95ED075A6C
:10A3E000D4ED171A32EE011A23EE472A32EE011A83
:10A3F00024EE602A32EE011A25EE612A103532EE83
:10A40000011A04376036DAD100EB870007EB470703
:10A4100003EBC70790ED002A97ED053ABBF1010F5A
:10A4200022EE432A32EE011A3FF4A6AD90ED012A46
:10A4300097ED0B3ABBF1020F22EE432A32EE011ADE
:10A440003FF49AAD90ED022A97ED113A22EE432A9D
:10A4500032EE011A90E598ED0B0AD8ED197A8DEDE0
:10A46000170A98ED0C0A98ED1FDA8DED150A98ED94
:10A470000D0A98ED25EA8DED130A98ED0E0A98ED78
:10A480002BFA8DED120A98ED110AD8ED148A8DED94
:10A49000110A98ED170AD8ED1AAA8DED0F0A98ED5A
:10A4A0001D0AD8ED20BA8DED0E0A98ED230AD8EDDD
:10A4B00026CA8DED0D0A98ED290AD8ED2CDA8DED1E
:10A4C0000C0A98ED120AD8ED0FEA8DED0B0A98ED03
:10A4D000180AD8ED15FA8DED080A98ED1E0A98EDC8
:10A4E0001BBA8DED070A98ED240A98ED21CA8DED6F
:10A4F000060A98ED2A0A98ED27AA8DED050A98ED2F
:10A50000130A98ED101A8DED040A98ED2D0A98EDB6
:10A51000162A98ED1C3A98ED224A98ED285A98EDA3
:10A520002E6A0020C9AB1A180AEB0001D2ED000A0E
:10A53000DDED172AD1ED001A60EEA22A92ED017A24
:10A5400072EEA11ADDED112ADDED0F4A67EE222A27
:10A5500072EEA13AD2ED022AD2ED031A62EEA44ABB
:10A5600074EEA33ADDED0E4ADDED0D6A61EEA44A0C
:10A5700074EEA35AD2ED044AD2ED053A64EEA66A0F
:10A5800076EEA55ADDED0C6A183063EEA66A76EE1B
:10A59000A55ADDED156AC1ED005AD1ED015A60EE04
:10A5A000A66A76EEA55ADDED0B6A902867EE266A5C
:10A5B00076EEA55ADDED086A62EEA66A76EEA55A39
:10A5C000DDED076A61EEA66A76EEA55ADDED066A54
:10A5D00064EEA66A76EEA55ADDED056A63EEA66A1C
:10A5E00076EEA55ADDED136AC1ED015AD1ED025A9E
:10A5F00060EEA66A76EEA55ADDED046A67EE266A7D
:10A6000076EEA55A62EEA76A76EEA55A61EE8D6ADD
:10A6100076EEA55A64EE8E6A76EEA55A63EE8F6AE0
:10A6200076EEA55ADDED126AC1ED025AD1ED035A5C
:10A6300060EEA66A76EEA55A67EE286A76EEA55A0F
:10A6400062EEAA6A76EEA55A61EEAB6A76EEA55A7C
:10A6500064EEAC6A76EEA55A63EEAD6A76EEA55A64
:10A66000C1ED035AD1ED045A60EEAE6A76EEA55AFA
:10A6700067EE2F6A76EEA55A62EE8B6A76EEA55AE1
:10A6800061EE8C6A76EEA55A64EE8A6A76EEA55A79
:10A6900063EE806A76EEA55AC1ED045AD1ED055AF3
:10A6A00060EE810A70EEA50A27EE027A37EE207A74
:10A6B00062EE830A30EE877A61EE840A30EE877AA2
:10A6C00064EE850A30EE877A63EE860A30EE877A8A
:10A6D00081ED057A7FF427AF109E002004E01598E5
:10A6E0000130062800F0E380159000EB400BA5A890
:10A6F00000EBCB0090ED000A90ED011A90ED022ADC
:10A7000090ED033A90ED044A90ED055A81A84FF080
:10A71000000A00EBCB004F46179009E088ED006A75
:10A720000AF1010ABAF1060F07F10C07C9ABD6D03E
:10A730000AEB4A0C179903EBCC0090ED006A01EB91
:10A740008A0898ED007AD0ED010A20EE066A36EE0E
:10A75000076A21EE207AD0ED020A37EE066A22EE71
:10A76000207AD0ED030A37EE066A23EE207AD0ED88
:10A77000040A37EE066A24EE207AD0ED050ADDF8E9
:10A78000180537EE066A25EE207A37EE066A0028AD
:10A7900088ED006AC4D00020334611E07D3F2D4192
:10A7A000560E5D41C520824100000000109E0DF54F
:10A7B0007379DDF818150130884216990B44ADD035
:10A7C00009EB8B0202EB8002149992ED007A0329C7
:10A7D00002D2002430E000BF002500245919D1ED39
:10A7E000000AD1ED011AD1ED022AD1ED033A79190F
:10A7F000D1ED004A67EE200AD1ED015A60EEA40ABD
:10A8000030EE866A67EE210AD1ED026A60EEA50A93
:10A8100030EE866A67EE220AD1ED037A60EEA60A70
:10A8200030EE866A67EE230A60EEA70A30EE866A8B
:10A83000103504F10404D1D1DDF818E500FB0EF267
:10A8400006EB820505EB8402D2ED000A09EB8C02CF
:10A8500002EB8401D1ED001A67EE200A60EEA10A36
:10A86000BEF1010F30EE866AA3D0611C05EB8109B1
:10A87000D9ED000A02EB8101D1ED001A67EE200A42
:10A8800060EEA10ABEF1020F30EE866A8ED0A11CE6
:10A8900005EB8104D4ED000A02EB8101D1ED001A31
:10A8A00027EE207A27EE217A37EE066A7EE75DAE44
:10A8B00006F10C008021E6F7BEF840F2000855ECE6
:10A8C000197BC4F230384FF0004041463A462B46DF
:10A8D00011F0F8F910F056F940F2010AC8F2000A36
:10A8E00009EE100A504641463A462B4611F0EAF965
:10A8F00010F048F90AEE100A7290504641463A4666
:10A900002B4611F0DFF910F03DF9799050464146A1
:10A910003A462B4611F0D6F910F034F99DED024A73
:10A92000BEEE000A1FED605A24EE402A9DED033A68
:10A9300032EE052A8DED5E2A20EE032A32EE052A3C
:10A940008DED5F2A20EE042A32EE052A8DED632A72
:10A9500028EE402A32EE052A20EE091A8DED652AEE
:10A9600023EE402A20EE080AA5AC809031EE0A1AA8
:10A9700032EE052A30EE050A204690218DED5D1A53
:10A980008DED641A8DED692A8DED6A0A8DED6B1AD5
:10A99000E6F751F80DF5497840469021E6F74BF877
:10A9A0009DED810ADDED9A4A8DED170A9DED820A33
:10A9B000DDEDA05A8DED160A9DED830ADDED896A65
:10A9C0008DED150A9DED840ADDED8F7A8DED140A6B
:10A9D0009DED870A9DED958A8DED130A9DED8D0AFB
:10A9E0009DED9B9A8DED120A9DED930A9DEDA1AA16
:10A9F0008DED110A9DED990A9DED8ABA8DED100A33
:10AA00009DED9F0A9DED90CA8DED0F0A9DED880A80
:10AA10009DED96DA8DED0E0A9DED8E0A9DED9CEA78
:10AA20008DED0D0A9DED940A9DEDA2FA8DED0C0AB7
:10AA3000DDED858ADDED8B9ADDED91AADDED97BA2E
:10AA4000DDED9DCADDEDA3DADDED86EADDED8CFA04
:10AA50009DED920A9DED981A9DED9E2A9DEDA43ADA
:10AA600000203218211892ED005A9DED177A91EDD1
:10AA7000006A25EE077A92ED014A37EE066A9DEDEF
:10AA8000137ADDED121A24EE077A77EE060A92EDBC
:10AA9000027A92ED036A67EE211A71EEA00ADDEDEB
:10AAA000111ADDED103A66EE211A71EEA02AD2EDF0
:10AAB000041AD2ED050A61EEA33A73EEA22ADDED87
:10AAC0000F3A183060EEA33A73EEA22ADDED163A83
:10AAD000C1ED002AD1ED012A65EE233A73EEA22AD8
:10AAE000DDED0E3A902864EE233A73EEA22ADDEDF6
:10AAF0000D3A67EE233A73EEA22ADDED0C3A66EECC
:10AB0000233A73EEA22A61EEA43A73EEA22A60EE13
:10AB1000A53A73EEA22ADDED153AC1ED012AD1ED79
:10AB2000022A65EE233A73EEA22A64EE263A73EE09
:10AB3000A22A67EE273A73EEA22A66EE083A73EE6F
:10AB4000A22A61EE893A73EEA22A60EE8A3A73EE87
:10AB5000A22ADDED143AC1ED022AD1ED032A65EEF9
:10AB6000233A73EEA22A64EE0B3A73EEA22A67EE42
:10AB70000C3A73EEA22A66EE0D3A73EEA22A61EE4B
:10AB80008E3A73EEA22A60EE8F3A73EEA22AC1EDDE
:10AB9000032AD1ED042A65EE283A73EEA22A64EE68
:10ABA000293A73EEA22A67EE2A3A73EEA22A66EEDB
:10ABB0002B3A73EEA22A61EEAC3A73EEA22A60EE53
:10ABC000AD3A73EEA22AC1ED042AD1ED052A25EE95
:10ABD0002E5A35EE225A24EE2F4A34EE054A27EE3D
:10ABE000005A35EE044A26EE015A35EE044A21EEAB
:10ABF000825A35EE044A20EE835A35EE044A81ED3E
:10AC0000054A7FF42EAF9DED5D0ADDED694A8DEDBD
:10AC1000170A9DED5E0ADDED6A5A8DED160A9DED6F
:10AC20005F0ADDED6B6A8DED150A9DED600ADDEDC5
:10AC30006C7A8DED140A9DED610A9DED6D8A8DEDA6
:10AC4000130A9DED620A9DED6E9A8DED120A9DED3F
:10AC5000630A9DED6FAA8DED110A9DED640A9DEDCD
:10AC600070BA8DED100A9DED650A9DED71CA8DEDEE
:10AC70000F0A9DED660A9DED72DA8DED0E0A9DEDCF
:10AC8000670A9DED73EA8DED0D0A9DED680A9DED55
:10AC900074FA8DED0C0ADDED758ADDED769ADDED49
:10ACA00077AADDED78BADDED79CADDED7ADADDED92
:10ACB0007BEADDED7CFA9DED7D0A9DED7E1A9DED32
:10ACC0007F2A9DED803A0020221808EB000192EDCA
:10ACD000005A9DED177A91ED006A25EE077A92ED04
:10ACE000014A37EE066A9DED167ADDED151A24EE5F
:10ACF000077A77EE060A92ED027A92ED036A67EE22
:10AD0000211A71EEA00ADDED141ADDED133A66EE9C
:10AD1000211A71EEA02AD2ED041AD2ED050A61EED5
:10AD2000A33A73EEA22ADDED123A183060EEA33A90
:10AD300073EEA22ADDED113AC1ED002AD1ED012A10
:10AD400065EE233A73EEA22ADDED103A902864EE08
:10AD5000233A73EEA22ADDED0F3A67EE233A73EE43
:10AD6000A22ADDED0E3A66EE233A73EEA22ADDED5D
:10AD70000D3A61EEA33A73EEA22ADDED0C3A60EED5
:10AD8000A33A73EEA22AC1ED012AD1ED022A65EEA3
:10AD9000243A73EEA22A64EE253A73EEA22A67EEF5
:10ADA000263A73EEA22A66EE273A73EEA22A61EEE5
:10ADB000883A73EEA22A60EE893A73EEA22AC1EDB8
:10ADC000022AD1ED032A65EE0A3A73EEA22A64EE56
:10ADD0000B3A73EEA22A67EE0C3A73EEA22A66EEE5
:10ADE0000D3A73EEA22A61EE8E3A73EEA22A60EE5D
:10ADF0008F3A73EEA22AC1ED032AD1ED042A65EE43
:10AE0000283A73EEA22A64EE293A73EEA22A67EE7C
:10AE10002A3A73EEA22A66EE2B3A73EEA22A61EE6C
:10AE2000AC3A73EEA22A60EEAD3A73EEA22AC1EDFF
:10AE3000042AD1ED052A25EE2E5A35EE225A24EEAB
:10AE40002F4A34EE054A27EE005A35EE044A26EE24
:10AE5000015A35EE044A21EE825A35EE044A20EEBC
:10AE6000835A35EE044A81ED054A7FF42DAF81AD5A
:10AE700005F124000021B6EE000A002208EB0207CB
:10AE800008EB010397ED001A93ED005A97ED012AA4
:10AE900093ED066A31EE051A20EE011AAE1897ED11
:10AEA000023A93ED0C7A86ED001A32EE061A20EE85
:10AEB000011A97ED034AD3ED120A86ED011A33EE1B
:10AEC000071A20EE011A86ED021A34EE201A97EDC9
:10AED000042A93ED183A20EE011A86ED031A32EE99
:10AEE000031A97ED052A93ED1E3A20EE011A86ED1E
:10AEF000041A32EE031A97ED062A93ED013A20EE7A
:10AF0000011A86ED051A32EE031A97ED072A93ED22
:10AF1000073A20EE011A86ED061A32EE031A97ED73
:10AF2000082A93ED0D3A20EE011A86ED071A32EE4B
:10AF3000031A97ED092A93ED133A20EE011A8418AB
:10AF400032EE032A04ED011A97ED0A1A93ED193A2D
:10AF500020EE022A84ED002A31EE031A97ED0B2A27
:10AF600093ED1F3A20EE011A86ED0A1A32EE031A0B
:10AF700097ED0C2A93ED023A20EE011A86ED0B1A9A
:10AF800032EE031A97ED0D2A93ED083A20EE011ADE
:10AF900086ED0C1A32EE031A97ED0E2A93ED0E3A57
:10AFA00020EE011A86ED0D1A32EE031A97ED0F2AE4
:10AFB00093ED143A20EE011A86ED0E1A32EE031AC2
:10AFC00020EE011A86ED0F1A97ED101A93ED1A2A4A
:10AFD00097ED113A31EE021A93ED202A20EE011A74
:10AFE00086ED101A33EE021A483220EE011A902A2A
:10AFF00001F10C0186ED111A7FF440AF31ADEDA8DF
:10B000002946FBF7D1F80A9835AE041D204629469B
:10B010003246FBF775F830460421FBF791FB50B33D
:10B0200081A839A90622FBF7FFF920B335AB0FCB76
:10B030000FC4099881A99022E5F7A1FC0A989DED1B
:10B04000F00A9DEDF11A9DEDF22A90ED053A90ED92
:10B05000064A90ED075A33EE000A34EE011A35EE37
:10B06000022A80ED050A80ED061A80ED072A0120EC
:10B070004FF4847302E000204FF4A6730A9AD1586B
:10B080000131D150FEF753BF90F81621012A24D187
:10B09000D0F8F830CA1AB2F1FF3F19DD994204BF67
:10B0A0000120704790F81731012B16D12DE9F04F90
:10B0B00081B02DED108BADF5207D0368D0F8FC70CC
:10B0C000D3F82431CF1B9F4214D9002000F06EBD6D
:10B0D000D0F83C110131C0F83C110020704700BF8E
:10B0E0000000008000003043BD378635CCBC8C2B7F
:10B0F000000000001FED060B029182F0004258ECA8
:10B10000105B0021C4F23031044610462A46434603
:10B1100010F0D8FD0FF036FD1FED0DAA00EE100A5D
:10B1200020EE0ACA94ED050A94ED061A94ED083A49
:10B1300094ED094A94ED072A94ED0A5A33EE40DA69
:10B1400074EE419A2DEE0CFA29EE8CEA75EE428AE5
:10B1500068EE8CAA2EEE0E0A2FEE0F1A31EE000AC0
:10B160002AEEAA1A31EE000AA3460FF025FBB6EE2E
:10B17000009AB4EECA0AB0EE408AF1EE10FAB0EED0
:10B1800049AA07D4B6EE000A28EE000A0FF04CFADE
:10B1900080EE08AA28EE090A0EF06CFE0021C4F227
:10B1A00030314FF000402A464346B0EE408A2FEE41
:10B1B0000A9A2EEE0ABA2AEE8AAA10F083FD0FF040
:10B1C000E1FC00EE100A28EE081A31EE000A29EE22
:10B1D000091A31EE000A2BEE0B1A31EE000A2AEEA4
:10B1E0000A1A31EE000A10EE100A20F00040B0F109
:10B1F000FF4F14DA1FED431AB4EEC10AF1EE10FA54
:10B200000DD40FF0D9FAB7EE001A81EE000A28EE3D
:10B21000008A29EE009A2BEE00BA2AEE00AA9BEDD6
:10B22000010A9BED021A9BED032A9BED043A21EEE5
:10B23000094A20EE085A35EE444A22EE4B5A35EEC2
:10B24000044A23EE4A5A35EE044A8DED074A21EEB0
:10B25000084A20EE095A35EE044A22EE0A5A35EE23
:10B26000044A23EE4B5A35EE044A8DED064A21EE90
:10B270000A4A20EE0B5A21EE0B1A20EE0A0A35EE8E
:10B28000444A22EE085A30EE010A22EE491A35EEFF
:10B29000044A23EE095A31EE000A23EE081A7CAC68
:10B2A00035EE044A31EE000A04F110007C218DEDE8
:10B2B000054A8DED040AE5F7BEFB0026C4F23036E0
:10B2C0004FF0004031462A46434610F0FBFC0FF099
:10B2D00059FC012780F00040C8F2000708EE100A70
:10B2E000384631462A46434610F0ECFC0FF04AFC43
:10B2F00009EE100A9190384631462A46434610F02E
:10B30000E1FC0FF03FFC9890384631462A46434610
:10B3100010F0D8FC0FF036FC1FED8B2AB1EE4C0A72
:10B320003AEE823A8DED7D3A29EECC3A33EE023A8E
:10B330008DED7F0A8DED7E3A8DED860A28EECC3AB2
:10B340008DED8D0A3EEE020A28EE0C1A33EE023A1B
:10B350008DED880A2DEE4C0A58AE9F9031EE091AF9
:10B360008DED823A3FEE023A30EE020A30469021ED
:10B370008DED7C1A8DED831A8DED843A8DED03CA27
:10B380008DED890A8DED8A1AE5F755FB34AF384605
:10B390009021E5F750FB9BED0B0A0BF12C018DED95
:10B3A000130A9BED0C0ADBED244A8DED120A9BED8E
:10B3B0000D0ADBED2A5A8DED110A9BED0E0ADBED2D
:10B3C000136A8DED100A9BED110ADBED197A8DEDF4
:10B3D0000F0A9BED170A9BED1FDA8DED0E0A9BED10
:10B3E0001D0A9BED25EA8DED0D0A9BED230A9BEDD1
:10B3F0002BFA8DED0C0A9BED290ADBED148A8DEDFD
:10B400000B0A9BED120ADBED1A9A8DED0A0A9BEDF1
:10B41000180ADBED20AA8DED090A9BED1E0ADBED73
:10B4200026BA8DED080ADBED2CCADBED0FDADBED79
:10B4300015EADBED1BFA9BED219A9BED27AA9BED0C
:10B440002DBA9BED108A9BED16CA9BED1C0A9BED55
:10B45000221A9BED282A9BED2E3A58460191002195
:10B460006318721893ED005A9DED137A92ED006AFD
:10B4700025EE077A93ED014A37EE066A9DED0F7AC5
:10B48000DDED0E1A24EE077A77EE060A93ED027AC6
:10B4900093ED036A67EE211A71EEA00ADDED0D1A35
:10B4A000DDED0C3A66EE211A71EEA02AD3ED041AF6
:10B4B000D3ED050A61EEA33A73EEA22ADDED0B3A55
:10B4C000183160EEA33A73EEA22ADDED123AC2ED16
:10B4D000002AD2ED012A65EE233A73EEA22ADDEDB1
:10B4E0000A3A902964EE233A73EEA22ADDED093A76
:10B4F00067EE233A73EEA22ADDED083A66EE233AB0
:10B5000073EEA22A61EEA43A73EEA22A60EEA53A87
:10B5100073EEA22ADDED113AC2ED012AD2ED022A24
:10B5200065EE233A73EEA22A64EE263A73EEA22A5F
:10B5300067EE273A73EEA22A66EE0D3A73EEA22A60
:10B5400061EE8E3A73EEA22A60EE8F3A73EEA22A73
:10B55000DDED103AC2ED022AD2ED032A65EE233A60
:10B5600073EEA22A64EE283A73EEA22A67EE293A15
:10B5700073EEA22A66EE2A3A73EEA22A61EEAB3A85
:10B5800073EEA22A60EEAC3A73EEA22AC2ED032A51
:10B59000D2ED042A65EE2D3A73EEA22A64EE2E3A1D
:10B5A00073EEA22A67EE2F3A73EEA22A66EE093AEC
:10B5B00073EEA22A61EE8A3A73EEA22A60EE8B3A0B
:10B5C00073EEA22AC2ED042AD2ED052A25EE085A0E
:10B5D00035EE225A24EE0C4A34EE054A27EE005A84
:10B5E00035EE044A26EE015A35EE044A21EE825A1F
:10B5F00035EE044A20EE835A35EE044A82ED054AC0
:10B600007FF42EAF9DED7C0ADDED884A8DED130AA7
:10B610009DED7D0ADDED895A8DED120A9DED7E0AC4
:10B62000DDED8A6A8DED110A9DED7F0ADDED8B7AE5
:10B630008DED100A9DED800A9DED8CDA8DED0F0ADF
:10B640009DED810A9DED8DEA8DED0E0A9DED820A3C
:10B650009DED8EFA8DED0D0A9DED830ADDED8F8A4D
:10B660008DED0C0A9DED840ADDED909A8DED0B0AAF
:10B670009DED850ADDED91AA8DED0A0A9DED860A04
:10B68000DDED92BA8DED090A9DED870ADDED93CAD5
:10B690008DED080ADDED94DADDED95EADDED96FA43
:10B6A0009DED979A9DED98AA9DED99BA9DED9A8A88
:10B6B0009DED9BCA9DED9C0A9DED9D1A9DED9E2AD8
:10B6C0009DED9F3A002100BF73187A1893ED005A40
:10B6D0009DED137A92ED006A25EE077A93ED014A0B
:10B6E00037EE066A9DED127ADDED111A24EE077A27
:10B6F00077EE060A93ED027A93ED036A67EE211A5C
:10B7000071EEA00ADDED101ADDED0F3A66EE211A9A
:10B7100071EEA02AD3ED041AD3ED050A61EEA33A27
:10B7200073EEA22ADDED0E3A183160EEA33A73EE05
:10B73000A22ADDED0D3AC2ED002AD2ED012A65EE16
:10B74000233A73EEA22ADDED0C3A902964EE233AF7
:10B7500073EEA22ADDED0B3A67EE233A73EEA22ACE
:10B76000DDED0A3A66EE233A73EEA22ADDED093AE0
:10B7700061EEA33A73EEA22ADDED083A60EEA33A39
:10B7800073EEA22AC2ED012AD2ED022A65EE243A16
:10B7900073EEA22A64EE253A73EEA22A67EE263AE9
:10B7A00073EEA22A66EE273A73EEA22A61EE8D3A74
:10B7B00073EEA22A60EE8E3A73EEA22AC2ED022A3E
:10B7C000D2ED032A65EE0F3A73EEA22A64EE283A10
:10B7D00073EEA22A67EE293A73EEA22A66EE2A3A9F
:10B7E00073EEA22A61EEAB3A73EEA22A60EEAC3A97
:10B7F00073EEA22AC2ED032AD2ED042A65EE2D3A99
:10B8000073EEA22A64EE2E3A73EEA22A67EE2F3A66
:10B8100073EEA22A66EE093A73EEA22A61EE8A3A24
:10B8200073EEA22A60EE8B3A73EEA22AC2ED042ACE
:10B83000D2ED052A25EE085A35EE225A24EE0C4A9E
:10B8400034EE054A27EE005A35EE044A26EE015A38
:10B8500035EE044A21EE825A35EE044A20EE835A30
:10B8600035EE044A82ED054A7FF42EAF006840F2BF
:10B87000030A90ED2A0A90ED2B1A00269DED039AFB
:10B88000C8F2000AC4F2303620EE008A21EE010A26
:10B89000504631462A46434620EE09EA10F012FA95
:10B8A0000FF070F92EEE09DA00EE100A6DEE098A3B
:10B8B00088EE800A28EE09FA9DED341A40F202095A
:10B8C000C8F200099DED37AA9DED3B9A9DED3E8A99
:10B8D000484631462A4643463FEE000A31EE00CA4A
:10B8E0009DED490A8DED34CA3EEE000A8DED490A00
:10B8F00010F0E8F90FF046F900EE100A8DEE000A9C
:10B90000484631462A4643463AEE400A8DED370A0C
:10B9100010F0D8F90FF036F900EE100A8DEE000A9B
:10B920009DED461A504631462A46434631EE400ABE
:10B930008DED460A10F0C6F90FF024F900EE100A5A
:10B9400088EE800A9DED501A484631462A46434605
:10B950003FEE000A39EE000A8DED3B0A3EEE010A89
:10B960008DED500A10F0AEF90FF00CF900EE100A50
:10B970008DEE000A484631462A46434638EE400AD4
:10B980008DED3E0A10F09EF90FF0FCF800EE100A63
:10B990008DEE000A9DED4D1A504631462A4643462B
:10B9A00031EE400A8DED4D0A10F08CF90FF0EAF8F7
:10B9B00000EE100A88EE800A9DED421A4846314694
:10B9C0002A4643463FEE000A31EE000A9DED571A23
:10B9D0008DED420A3EEE010A8DED570A10F072F924
:10B9E0000FF0D0F800EE100A8DEE000A9DED451A1A
:10B9F000484631462A46434631EE400A8DED450A17
:10BA000010F060F90FF0BEF800EE100A8DEE000A9B
:10BA10009DED541A4FF0004031462A46434631EE20
:10BA2000400A8DED540A10F04DF90FF0ABF89DED82
:10BA3000078A9DED069A00EE100A28EE081A9DED81
:10BA400005AA31EE000A29EE091A9DED04BA31EE7D
:10BA5000000A2AEE0A1A31EE000A2BEE0B1A31EE1A
:10BA6000000A10EE100A20F00040B0F1FF4F80F203
:10BA700096809FED721AB4EEC10AF1EE10FA00F151
:10BA80008E800EF099FE1CEE100A20F00040B0F1FE
:10BA9000FF4F80F28480B7EE001A81EE003A002258
:10BAA0004FF0FF30594628EE030A29EE031A2AEE1A
:10BAB000032A2BEE033ABB185E6826F00046B6F167
:10BAC000FF4F7ADA9E6826F00046B6F1FF4F76DA2D
:10BAD000DE6826F00046B6F1FF4F72DA1E6926F0E6
:10BAE0000046B6F1FF4F6EDA5E6926F00046B6F109
:10BAF000FF4F6ADA9E6926F00046B6F1FF4F66DA1C
:10BB0000DE6926F00046B6F1FF4F62DA1E6A26F0C3
:10BB10000046B6F1FF4F5EDA5E6A26F00046B6F1E7
:10BB2000FF4F5ADA9E6A26F00046B6F1FF4F56DA0A
:10BB3000DE6A26F00046B6F1FF4F52DA1E6B26F0A1
:10BB40000046B6F1FF4F4EDA5E6B26F00046B6F1C6
:10BB5000FF4F4ADA9E6B26F00046B6F1FF4F46DAF9
:10BB6000DE6B26F00046B6F1FF4F42DA1E6C26F07F
:10BB70000046B6F1FF4F3EDA5E6C26F00046B6F1A5
:10BB8000FF4F3ADA11283BD09B6C483223F0004338
:10BB9000B3F1FF4F00F11200FFF68DAF2EE0002051
:10BBA0004FF4A67259468B5801338B500DF5207D0A
:10BBB000BDEC108B01B0BDE8F08F01301EE002300B
:10BBC0001CE003301AE0043018E0053016E00630BF
:10BBD00014E0073012E0083010E009300EE00A30BF
:10BBE0000CE00B300AE00C3008E00D3006E00E30BF
:10BBF00004E00F3002E0103000E01130232819D3A8
:10BC0000019881ED010A81ED021A81ED032A81ED8F
:10BC1000043A34A99022E4F7B2FEDBF81C21029822
:10BC20005946CBF8F800501CCBF81C0101204FF40A
:10BC30008472B8E700204FF4A672B4E7CCBC8C2B1A
:10BC40002DE9F0412DED048B84B0044601600846D7
:10BC500005F046FB84F81B0104F58E704421E4F7DF
:10BC6000EAFE9FED2D0B40F2000855EC106B012011
:10BC7000C4F230380027C8F20000414632462B4655
:10BC8000C4E90277276110F01DF80EF07BFF9FEDED
:10BC9000240A9FED241A606004F11400A42120EE10
:10BCA000008A21EE019AE4F7C6FE4FF000404146BB
:10BCB00032462B4684ED0B8A84ED128A84ED198A74
:10BCC00084ED209A84ED279A84ED2E9AC4F8DC70D6
:10BCD0000FF0F8FF0EF056FF2168C4F8E00001F104
:10BCE00098030DCB04F1E40C8CE80D00D1F8A4000E
:10BCF00091F82E11C4F8F00084F8F41004F1F80063
:10BD00002321E4F798FE204604B0BDEC048BBDE887
:10BD1000F08100BF00BF00BF000000800000304382
:10BD2000CDCCCC3D8FC2F53CF0B589B00328EFF304
:10BD30001087EFF3108272B644D848F6C445C2F2B9
:10BD4000000555F82020022802F1010245F82020C4
:10BD50001AD100200190CDE90700CDE905000220AD
:10BD60008DF8040048F6A440C2F200000268A868FA
:10BD7000CDE9021104901AB101A80121904728BB16
:10BD8000286A0130286221E02B1893F85440012CD6
:10BD900002D12C6901342C61012683F8546095F896
:10BDA000786000EB400405EB84040023012E6162FF
:10BDB000A362E26206D195F85820824204BF0120B6
:10BDC00085F879000846012102F0C4F987F310884C
:10BDD00009B0F0BD022909D101784F2940F0CC808B
:10BDE00040784E2804BF01207047C5E00429C0F008
:10BDF000C3800178542940F0BF804178452940F044
:10BE0000BB808178532940F0B780C1783A2940F04F
:10BE1000B38010B582B0041D01A920460A22E4F7C0
:10BE200090FC019A0146A2424FF0000000F0A7806A
:10BE3000A1F2D1716FF47A739942C0F0A0801078AA
:10BE40002C2840F09B80541C01A920460A22E4F7CC
:10BE500078FC019A0146A2424FF0000000F08F806A
:10BE6000A1F2D1716FF47A739942C0F08880107892
:10BE70002C2840F08680541C01A920460A22E4F7B1
:10BE800060FC019A0146A2424FF0000077D0A1F277
:10BE9000D1716FF47A73994271D310782C2870D1D4
:10BEA000541C01A920460A22E4F74BFC019A0146E2
:10BEB000A2424FF0000062D0A1F2D1716FF47A7308
:10BEC00099425CD310782C285BD1541C01A92046E0
:10BED0000A22E4F736FC019A0146A2424FF0000024
:10BEE0004DD0A1F2D1716FF47A73994247D3107893
:10BEF0002C2846D1541C01A920460A22E4F721FC33
:10BF0000019A0146A2424FF0000038D0A1F2D1714F
:10BF10006FF47A73994232D310782C2831D1541CA3
:10BF200001A920460A22E4F70CFC019A0146A2422C
:10BF30004FF0000023D0A1F2D1716FF47A739942CF
:10BF40001DD310782C281CD1541C01A920460A228C
:10BF5000E4F7F7FB019A0146A2424FF000000ED031
:10BF6000A1F2D1716FF47A73994208D31078B0FAC4
:10BF700080F0400902B010BD00207047002002B0E0
:10BF800010BD002002B010BDF0B54CF2782046F292
:10BF9000A04CC2F20000C4F2020C0368ACF14802EB
:10BFA00046F208079342C4F202070FD946F27040E6
:10BFB000C4F20200834259D046F28841C4F2020121
:10BFC0008B4256D140214FF47064AFE307F1B000CB
:10BFD000834246F29F00C4F2020026D983424FF00A
:10BFE000100140F3878046F23F46C4F20206B34296
:10BFF00000F3AC8046F2A001C4F202018B4200F0D3
:10C000000B8146F21041C4F202018B4200F07781AD
:10C0100046F22841C4F202018B4240F07B814FF48A
:10C0200080614FF40065294399E107F150018B428B
:10C0300045D983424FF0100140F3A28046F23F46BB
:10C04000C4F20206B34200F30B8146F2A006C4F22A
:10C050000206B34200F04E8746F21046C4F20206D2
:10C06000B34201F0488146F228412AE101213C24F3
:10C070005CE346F287054FF000616345C4F20205B8
:10C0800008BF4FF40011AB424FF0100549DD46F2F6
:10C090000F44C4F20204A34240F3CF8046F210449E
:10C0A000C4F20204A34200F0468246F22845C4F2DC
:10C0B0000205AB4200F0D18046F24045C5E046F2B1
:10C0C0003F4E10218342C4F2020E7CDD734500F323
:10C0D000D78046F2A004C4F20204A34200F0168105
:10C0E00046F21044C4F20204A34200F0158746F25F
:10C0F0002841D4E046F23F06C4F20206B3427ADD9C
:10C1000046F24006C4F20206B34200F0858046F2D1
:10C110007006C4F20206B34200F0028146F28801C2
:10C1200072E046F23F04C4F20204A34277DC46F216
:10C130001004C4F20204A34200F0FD8146F2280577
:10C14000C4F20205AB4200F08880EEE146F2884678
:10C15000C4F20206B3425CD046F27046C4F2020654
:10C16000B34200F0DD8046F24041C4F202018B424E
:10C1700040F0D0804FF480114FF400152943EEE0D9
:10C1800046F23F06C4F20206B34240F3918046F203
:10C190004001C4F202018B4200F0B48046F270010B
:10C1A000C4F202018B4200F0938646F28801C4F289
:10C1B00002018B4241F099804FF480614FF4006599
:10C1C000294301F0B7B846F23F04C4F20204A34287
:10C1D00040F3808046F24004C4F20204A34200F01F
:10C1E0007D8646F27004C4F20204A34200F09486F5
:10C1F00046F2880153E046F21006C4F20206B3424A
:10C2000000F08E8046F22801C4F202018B4240F019
:10C2100081804FF4806183E04FF4801180E046F22A
:10C220004004C4F20204A34214D046F27004C4F2E3
:10C230000204A34200F07F8177E146F28805C4F250
:10C240000205AB4209D046F2A005C4F20205AB429A
:10C2500040F06B814FF480156DE14FF480656AE129
:10C2600046F24046C4F20206B3424BD046F2704654
:10C27000C4F20206B34201F03E8046F2884120E05B
:10C2800046F24044C4F20204A3423FD046F2704456
:10C29000C4F20204A34200F03F8646F28841C4F291
:10C2A00002018B4240F032864FF4806100F034BED0
:10C2B00046F21006C4F20206B34201F01C8046F2B8
:10C2C0002801C4F202018B4241F00F804FF48061DB
:10C2D00001F011B846F21001C4F202018B4200F0E5
:10C2E000F18546F22801C4F202018B4240F00E862D
:10C2F0004FF480614FF40064214300F02CBE012014
:10C300003C2100E14FF4801100F0F5BF4FF48011A3
:10C3100000F002BE4FF08061634508BF4FF480110A
:10C3200046F20F46C4F2020601F10061B3424FF03B
:10C33000080408DC46F21006C4F20206B34245D0F7
:10C3400046F2700607E046F21046C4F20206B34217
:10C350003CD046F27046C4F20206B34236D0834265
:10C360004FF400740EDD46F23F46C4F20206B342BB
:10C3700017DC46F2A006C4F20206B34224D046F20D
:10C38000284616E046F22806C4F20206B3421DD043
:10C3900046F24006C4F20206B34215D046F28806C1
:10C3A00007E046F24046C4F20206B3420CD046F221
:10C3B0008846C4F20206B34208D04FF000746345C9
:10C3C00008BF4FF4002401E04FF4002421438342CE
:10C3D0004FF0040514DD46F23F46C4F20206B342B4
:10C3E00023DC46F2A006C4F20206B3422CD046F289
:10C3F0001046C4F20206B34237D046F228462EE079
:10C4000046F23F06C4F20206B34220DD46F2400681
:10C41000C4F20206B34217D046F27006C4F2020616
:10C42000B34222D046F2880619E046F24046C4F2F2
:10C430000206B34208D046F27046C4F20206B34286
:10C4400013D046F288460AE04FF480250DE046F20C
:10C450001006C4F20206B34207D046F22806C4F220
:10C460000206B34253D14FF48075294383424FF003
:10C47000010014DD46F23F46C4F20206B34223DC5B
:10C4800046F2A006C4F20206B3422CD046F2104691
:10C49000C4F20206B34236D046F228402EE046F2FD
:10C4A0003F06C4F20206B34220DD46F24006C4F263
:10C4B0000206B34217D046F27006C4F20206B34237
:10C4C00021D046F2880019E046F24046C4F2020646
:10C4D000B34208D046F27046C4F20206B34212D00C
:10C4E00046F288400AE04FF480300CE046F2100635
:10C4F000C4F20206B34206D046F22800C4F202009B
:10C5000083420BD140200843C7F8000412E14FF0EA
:10C510008075634508BF4FF48025A6E74FF480007F
:10C52000634508BF4FF48030EDE74FF08065634509
:10C5300008BF4FF4801545EA010446F29F01C4F29A
:10C5400002018B424FF0080514DC46F23F06C4F2AC
:10C550000206B34223DD46F24006C4F20206B342AD
:10C560003FD046F27006C4F20206B3423BD046F218
:10C5700088061CE046F22746C4F20206B3421DDDDF
:10C5800046F22846C4F20206B34214D046F24046B0
:10C59000C4F20206B34224D0834224D01AE046F209
:10C5A0001006C4F20206B3421DD046F22806C4F2B9
:10C5B0000206B3420ED14FF4007514E046F2A00615
:10C5C000C4F20206B3420CD046F21046C4F2020690
:10C5D000B34208D04FF00075634508BF4FF4002503
:10C5E00001E04FF400252C438B424FF0040514DC8E
:10C5F00046F23F06C4F20206B34223DD46F240068D
:10C60000C4F20206B3423FD046F27006C4F20206FC
:10C61000B3423BD046F288061CE046F22746C4F2FD
:10C620000206B3421DDD46F22846C4F20206B342BA
:10C6300014D046F24046C4F20206B34224D08342EC
:10C6400024D01AE046F21006C4F20206B3421DD00E
:10C6500046F22806C4F20206B3420ED14FF48075AA
:10C6600014E046F2A006C4F20206B3420CD046F231
:10C670001046C4F20206B34208D04FF080756345FD
:10C6800008BF4FF4802501E04FF480252C438B42F6
:10C690004FF0010114DC46F23F00C4F20200834275
:10C6A00021DD46F24000C4F2020083423CD046F253
:10C6B0007000C4F20200834238D046F288001AE0CB
:10C6C00046F22746C4F20206B3421ADD46F2284675
:10C6D000C4F20206B34212D046F24046C4F2020649
:10C6E000B34218D120E046F21000C4F202008342A7
:10C6F0001CD046F22800C4F2020083420DD1402132
:10C7000014E046F2A000C4F2020083420CD046F2CC
:10C710001040C4F20200834208D04FF48001634508
:10C7200008BF4FF4803101E04FF4803141EA04004A
:10C730004CF8940C4CF2D820C2F2000003689342EB
:10C740000FD946F27040C4F2020083425DD046F237
:10C750008841C4F202018B425AD140214FF47062E9
:10C76000ABE307F1B000834240F21000C0F60000D6
:10C7700028D946F29F02C4F20202934240F3898014
:10C7800046F23F41C4F202018B4200F3AE8046F212
:10C79000A000C4F20200834200F00B8146F2104078
:10C7A000C4F20200834200F0758146F22840C4F2D0
:10C7B0000200834240F078814FF480604FF40061C2
:10C7C000084394E107F1500146F29F02C4F20202CD
:10C7D0008B4243D9934240F3A28046F23F41C4F2D8
:10C7E00002018B4200F3098146F2A001C4F202016A
:10C7F0008B4200F0858346F21041C4F202018B4265
:10C8000000F0788646F2284127E101213C2254E3DA
:10C8100046F287024FF000616345C4F2020208BF8E
:10C820004FF4001193424FF0100249DD46F20F47DA
:10C83000C4F20207BB4240F3CD8046F21047C4F277
:10C840000207BB4200F03F8246F22842C4F20202D5
:10C85000934200F0CF8046F24042C3E0934240F35F
:10C86000818046F23F41C4F202018B4200F3D58041
:10C8700046F2A001C4F202018B4200F0128146F29E
:10C880001041C4F202018B4200F0398446F2284183
:10C89000D2E046F23F01C4F202018B4279DD46F25A
:10C8A0004001C4F202018B4200F0838046F2700125
:10C8B000C4F202018B4200F0FD8046F2880171E073
:10C8C00046F23F07C4F20207BB4275DC46F210078E
:10C8D000C4F20207BB4200F0F68146F22802C4F21D
:10C8E0000202934200F08680E7E146F28841C4F2FA
:10C8F00002018B425AD046F27041C4F202018B42CF
:10C9000000F0D88046F24040C4F20200834240F07A
:10C91000CB804FF480104FF400110843E7E046F25B
:10C920003F01C4F202018B4240F38E8046F2400088
:10C93000C4F20200834200F0B08046F27000C4F2FC
:10C940000200834200F0C78246F28800C4F202006F
:10C95000834240F0C9854FF480604FF40061084382
:10C9600000F0E5BD46F23F01C4F202018B427DDDDD
:10C9700046F24001C4F202018B4200F0B58246F259
:10C980007001C4F202018B4200F0B98346F28801C3
:10C9900052E046F21001C4F202018B4200F08A809C
:10C9A00046F22801C4F202018B427DD100F57C7071
:10C9B00080E04FF001607DE046F24007C4F20207DC
:10C9C000BB4214D046F27007C4F20207BB4200F02B
:10C9D0007A8172E146F28802C4F20202934209D0DF
:10C9E00046F2A002C4F20202934240F066814FF484
:10C9F000801268E14FF4806265E146F24041C4F282
:10CA000002018B4249D046F27041C4F202018B42CE
:10CA100000F0708546F288411FE046F24041C4F2C2
:10CA200002018B423DD046F27041C4F202018B42BA
:10CA300000F0658346F28841C4F202018B4240F067
:10CA4000588300F57C705AE346F21001C4F20201EB
:10CA50008B4200F04F8546F22801C4F202018B425E
:10CA600040F0428500F57C7000F044BD46F21000B5
:10CA7000C4F20200834200F0288246F22800C4F289
:10CA80000200834240F035834FF480604FF4006130
:10CA9000084351E301213C20FDE04FF0016000F02C
:10CAA00029BD4FF001602AE34FF04060634508BFA5
:10CAB0004FF0016046F20F41C4F202018B424FF089
:10CAC000080108DC46F21006C4F20206B34245D063
:10CAD00046F2700607E046F21046C4F20206B34280
:10CAE0003CD046F27046C4F20206B34236D09342BE
:10CAF0004FF400710EDD46F23F46C4F20206B34227
:10CB000017DC46F2A006C4F20206B34224D046F275
:10CB1000284616E046F22806C4F20206B3421DD0AB
:10CB200046F24006C4F20206B34215D046F2880629
:10CB300007E046F24046C4F20206B3420CD046F289
:10CB40008846C4F20206B34208D04FF00071634534
:10CB500008BF4FF4002101E04FF400210843934245
:10CB60004FF0040114DD46F23F46C4F20206B34220
:10CB700023DC46F2A006C4F20206B3422CD046F2F1
:10CB80001046C4F20206B34237D046F228412EE0E6
:10CB900046F23F06C4F20206B34220DD46F24006EA
:10CBA000C4F20206B34217D046F27006C4F202067F
:10CBB000B34222D046F2880119E046F24046C4F260
:10CBC0000206B34208D046F27046C4F20206B342EF
:10CBD00013D046F288410AE04FF480210DE046F27E
:10CBE0001006C4F20206B34207D046F22801C4F28E
:10CBF00002018B4253D14FF48071084393424FF0AE
:10CC0000010114DD46F23F42C4F20202934223DCEA
:10CC100046F2A002C4F2020293422CD046F2104225
:10CC2000C4F20202934236D046F228412EE046F288
:10CC30003F02C4F20202934220DD46F24002C4F2F7
:10CC40000202934217D046F27002C4F202029342EB
:10CC500021D046F2880119E046F24042C4F20202B5
:10CC6000934208D046F27042C4F20202934212D0BC
:10CC700046F288410AE04FF480310CE046F210029F
:10CC8000C4F20202934206D046F22801C4F2020125
:10CC90008B420BD140210843C7F80004F0BD4FF090
:10CCA0008071634508BF4FF48021A6E74FF48001EF
:10CCB000634508BF4FF48031EDE74FF08062634574
:10CCC00008BF4FF480120A4346F29F01C4F20201EA
:10CCD0008B424FF0080614DC46F23F07C4F202070D
:10CCE000BB4223DD46F24007C4F20207BB423FD0FD
:10CCF00046F27007C4F20207BB423BD046F28807F7
:10CD00001CE046F22747C4F20207BB421DDD46F293
:10CD10002847C4F20207BB4214D046F24047C4F28F
:10CD20000207BB4224D0834224D01AE046F2100707
:10CD3000C4F20207BB421DD046F22807C4F2020724
:10CD4000BB420ED14FF4007614E046F2A007C4F2C5
:10CD50000207BB420CD046F21047C4F20207BB42A6
:10CD600008D04FF00076634508BF4FF4002601E07D
:10CD70004FF4002632438B424FF0040614DC46F297
:10CD80003F07C4F20207BB4223DD46F24007C4F26C
:10CD90000207BB423FD046F27007C4F20207BB4213
:10CDA0003BD046F288071CE046F22747C4F2020750
:10CDB000BB421DDD46F22847C4F20207BB4214D035
:10CDC00046F24047C4F20207BB4224D0834224D03B
:10CDD0001AE046F21007C4F20207BB421DD046F229
:10CDE0002807C4F20207BB420ED14FF4807614E04C
:10CDF00046F2A007C4F20207BB420CD046F210472D
:10CE0000C4F20207BB4208D04FF08076634508BFEA
:10CE10004FF4802601E04FF4802632438B424FF0DE
:10CE2000010114DC46F23F00C4F20200834221DD1E
:10CE300046F24000C4F2020083423CD046F2700049
:10CE4000C4F20200834238D046F288001AE046F26B
:10CE50002747C4F20207BB421ADD46F22847C4F254
:10CE60000207BB4212D046F24047C4F20207BB425F
:10CE700018D120E046F21000C4F2020083421CD018
:10CE800046F22800C4F2020083420DD1402114E092
:10CE900046F2A000C4F2020083420CD046F21040D9
:10CEA000C4F20200834208D04FF48001634508BFFA
:10CEB0004FF4803101E04FF4803141EA02004CF838
:10CEC000940CF0BD01203C210FE101213C2009E23E
:10CED00001203C2104E301213C20FCE34FF48011BC
:10CEE0004FF40014214336E04FF480104FF400114A
:10CEF000084321E14FF480114FF40015294319E252
:10CF00004FF480104FF40011084310E34FF080619C
:10CF1000634508BF4FF4801146F20F44C4F2020487
:10CF200001F10061A3424FF0080408DC46F210054D
:10CF3000C4F20205AB4241D046F2700507E046F26A
:10CF40001045C4F20205AB4238D046F27045C4F237
:10CF50000205AB4232D083424FF400740ADD7345C0
:10CF600017DC46F2A005C4F20205AB4224D046F21B
:10CF7000284516E046F22805C4F20205AB421DD052
:10CF800046F24005C4F20205AB4215D046F28805D0
:10CF900007E046F24045C4F20205AB420CD046F22F
:10CFA0008845C4F20205AB4208D04FF000746345D7
:10CFB00008BF4FF4002401E04FF4002421438342D2
:10CFC0004FF0040410DD734523DC46F2A005C4F2E3
:10CFD0000205AB422CD046F21045C4F20205AB422A
:10CFE00038D046F228442EE046F23F05C4F202054E
:10CFF000AB4220DD46F24005C4F20205AB4217D039
:10D0000046F27005C4F20205AB4223D046F2880412
:10D0100019E046F24045C4F20205AB4208D046F2A0
:10D020007045C4F20205AB4214D046F288440AE0CF
:10D030004FF480240EE046F21005C4F20205AB4224
:10D0400008D046F22804C4F20204A34240F06283EE
:10D050004FF48074214383424FF0010010DD73458B
:10D0600023DC46F2A006C4F20206B3422CD046F2FC
:10D070001046C4F20206B34237D046F228402EE0F2
:10D0800046F23F06C4F20206B34220DD46F24006F5
:10D09000C4F20206B34217D046F27006C4F202068A
:10D0A000B34222D046F2880019E046F24046C4F26C
:10D0B0000206B34208D046F27046C4F20206B342FA
:10D0C00013D046F288400AE04FF480300DE046F27B
:10D0D0001006C4F20206B34207D046F22800C4F29A
:10D0E0000200834240F01D83402008433860FFF770
:10D0F00021BB4FF04060634508BF4FF0016046F22E
:10D100000F41C4F202018B424FF0080108DC46F2E5
:10D110001006C4F20206B34245D046F2700607E09C
:10D1200046F21046C4F20206B3423CD046F27046C4
:10D13000C4F20206B34236D093424FF400710EDDC2
:10D1400046F23F46C4F20206B34217DC46F2A0069E
:10D15000C4F20206B34224D046F2284616E046F254
:10D160002806C4F20206B3421DD046F24006C4F2BD
:10D170000206B34215D046F2880607E046F2404662
:10D18000C4F20206B3420CD046F28846C4F202064C
:10D19000B34208D04FF00071634508BF4FF400213F
:10D1A00001E04FF40021084393424FF0040114DDE5
:10D1B00046F23F46C4F20206B34223DC46F2A00622
:10D1C000C4F20206B3422CD046F21046C4F2020664
:10D1D000B34238D046F228412EE046F23F06C4F270
:10D1E0000206B34220DD46F24006C4F20206B34214
:10D1F00017D046F27006C4F20206B34223D046F2BC
:10D20000880119E046F24046C4F20206B34208D053
:10D2100046F27046C4F20206B34214D046F2884188
:10D220000AE04FF480210EE046F21006C4F2020636
:10D23000B34208D046F22801C4F202018B4240F00A
:10D2400077824FF48071084393424FF0010114DD5F
:10D2500046F23F42C4F20202934223DC46F2A002AD
:10D26000C4F2020293422CD046F21042C4F20202EF
:10D27000934237D046F228412EE046F23F02C4F2F4
:10D280000202934220DD46F24002C4F202029342BF
:10D2900017D046F27002C4F20202934222D046F244
:10D2A000880119E046F24042C4F20202934208D0DB
:10D2B00046F27042C4F20202934213D046F2884111
:10D2C0000AE04FF480310DE046F21002C4F202028F
:10D2D000934207D046F22801C4F202018B4240F08B
:10D2E0002E82402108433860F0BD4FF080616345D5
:10D2F00008BF4FF4801146F20F46C4F2020601F156
:10D300000061B3424FF0080408DC46F21006C4F294
:10D310000206B34245D046F2700607E046F21046D8
:10D32000C4F20206B3423CD046F27046C4F2020692
:10D33000B34236D083424FF400740EDD46F23F46CE
:10D34000C4F20206B34217DC46F2A006C4F202069B
:10D35000B34224D046F2284616E046F22806C4F22C
:10D360000206B3421DD046F24006C4F20206B342A2
:10D3700015D046F2880607E046F24046C4F202069F
:10D38000B3420CD046F28846C4F20206B34208D03B
:10D390004FF00074634508BF4FF4002401E04FF4E0
:10D3A0000024214383424FF0040514DD46F23F463A
:10D3B000C4F20206B34223DC46F2A006C4F202061F
:10D3C000B3422CD046F21046C4F20206B34238D023
:10D3D00046F228462EE046F23F06C4F20206B34269
:10D3E00020DD46F24006C4F20206B34217D046F2F0
:10D3F0007006C4F20206B34223D046F2880619E052
:10D4000046F24046C4F20206B34208D046F27046E5
:10D41000C4F20206B34214D046F288460AE04FF442
:10D4200080250EE046F21006C4F20206B34208D090
:10D4300046F22806C4F20206B34240F04F814FF490
:10D440008075294383424FF0010014DD46F23F46C8
:10D45000C4F20206B34223DC46F2A006C4F202067E
:10D46000B3422CD046F21046C4F20206B34237D083
:10D4700046F228402EE046F23F06C4F20206B342CE
:10D4800020DD46F24006C4F20206B34217D046F24F
:10D490007006C4F20206B34222D046F2880019E0B8
:10D4A00046F24046C4F20206B34208D046F2704645
:10D4B000C4F20206B34213D046F288400AE04FF4A9
:10D4C00080300DE046F21006C4F20206B34207D0E7
:10D4D00046F22800C4F20200834240F00681402058
:10D4E00008437860FFF726B94FF04060634508BFF6
:10D4F0004FF0016046F20F41C4F202018B424FF03F
:10D50000080108DC46F21006C4F20206B34245D018
:10D5100046F2700607E046F21046C4F20206B34235
:10D520003CD046F27046C4F20206B34236D0934273
:10D530004FF400710EDD46F23F46C4F20206B342DC
:10D5400017DC46F2A006C4F20206B34224D046F22B
:10D55000284616E046F22806C4F20206B3421DD061
:10D5600046F24006C4F20206B34215D046F28806DF
:10D5700007E046F24046C4F20206B3420CD046F23F
:10D580008846C4F20206B34208D04FF000716345EA
:10D5900008BF4FF4002101E04FF4002108439342FB
:10D5A0004FF0040114DD46F23F46C4F20206B342D6
:10D5B00023DC46F2A006C4F20206B3422CD046F2A7
:10D5C0001046C4F20206B34237D046F228412EE09C
:10D5D00046F23F06C4F20206B34220DD46F24006A0
:10D5E000C4F20206B34217D046F27006C4F2020635
:10D5F000B34222D046F2880119E046F24046C4F216
:10D600000206B34208D046F27046C4F20206B342A4
:10D6100013D046F288410AE04FF480210DE046F233
:10D620001006C4F20206B34207D046F22801C4F243
:10D6300002018B4260D14FF48071084393424FF056
:10D64000010114DD46F23F42C4F20202934223DCA0
:10D6500046F2A002C4F2020293422CD046F21042DB
:10D66000C4F20202934236D046F228412EE046F23E
:10D670003F02C4F20202934220DD46F24002C4F2AD
:10D680000202934217D046F27002C4F202029342A1
:10D6900021D046F2880119E046F24042C4F202026B
:10D6A000934208D046F27042C4F20202934212D072
:10D6B00046F288410AE04FF480310CE046F2100255
:10D6C000C4F20202934206D046F22801C4F20201DB
:10D6D0008B4218D1402108437860F0BD4FF080752F
:10D6E000634508BF4FF48025ABE64FF480006345E7
:10D6F00008BF4FF48030F3E64FF08071634508BFF8
:10D700004FF4802199E74FF48001634508BF4FF43F
:10D710008031E0E74FF08074634508BF4FF4802408
:10D7200098E44FF48000634508BF4FF48030DCE498
:10D730004FF08071634508BF4FF4802183E54FF4BB
:10D740008001634508BF4FF48031CBE590ED000ABE
:10D7500010EE101A21F00041B1F1FF4F80F2E88085
:10D7600090ED011A11EE101A21F00041B1F1FF4FB6
:10D7700080F2DE80816821F00041B1F1FF4F80F23C
:10D78000D780C16821F00041B1F1FF4F80F2D08015
:10D79000016921F00041B1F1FF4F80F2C980416978
:10D7A00021F00041B1F1FF4F80F2C280816921F088
:10D7B0000041B1F1FF4F80F2BB80C16921F000410F
:10D7C000B1F1FF4F80F2B480016A21F00041B1F164
:10D7D000FF4F80F2AD8090ED022A21EE013A20EE5B
:10D7E000004A34EE033A22EE024A34EE034AB7EE20
:10D7F000003A34EE435A9FED6E4AB0EEC55AB4EE8D
:10D80000C45AF1EE10FA00F3938090ED035A90EDB4
:10D81000046A90ED057A61EE060A60EE051A71EE73
:10D82000A00A62EE071ADFED633A71EEA00A70EE0D
:10D83000E30AF0EEE00AF4EEC40AF1EE10FA77DC47
:10D84000D0ED060AD0ED071AD0ED082A61EE214A84
:10D8500060EE205A75EEA44A62EE225A75EEA44A92
:10D8600074EEE34AF0EEE44AF4EEC44AF1EE10FA44
:10D870005EDC66EE014A65EE005A75EEA44A67EE7C
:10D88000025A75EEA44A74EEE34AF0EEE44AF4EE6E
:10D89000C44AF1EE10FA4BDC66EE064A65EE055A14
:10D8A00075EEA44A67EE075A75EEA44A74EEC34AB1
:10D8B000F0EEE44AF4EEC44AF1EE10FA38DC66EE1B
:10D8C000214A65EE205A75EEA44A67EE225A75EE9B
:10D8D000A44A74EEE34AF0EEE44AF4EEC44AF1EEF0
:10D8E00010FA25DC61EE814A60EE805A75EEA44A9A
:10D8F00062EE825A75EEA44A74EEE34AF0EEE44A10
:10D90000F4EEC44AF1EE10FA12DC61EE864A60EEE3
:10D91000855A75EEA44A62EE875A75EEA44A74EEF3
:10D92000E33AF0EEE33AF4EEC43AF1EE10FA01DD38
:10D930000020704761EEA13A60EEA04A74EEA33A6F
:10D9400062EEA24A74EEA33A73EEC33AF0EEE33A03
:10D95000F4EEC43AF1EE10FA4FF00000C8BF704781
:10D9600067EE213A66EE224A27EE207A65EE222AF9
:10D9700074EEE33A32EEC77A21EE071A20EE230A5C
:10D9800030EE410A26EE201A25EE215A35EE411AD4
:10D9900022EE011A31EE000A30EE430AB0EEC00A60
:10D9A000B4EEC40AF1EE10FA48BF0120704700BF80
:10D9B0006F12833A000000002DE9F0414BF6D43499
:10D9C000C2F20004201D4FF49671E3F734F89FED86
:10D9D0008E1A94ED090ABFEE002A94ED014A22EE58
:10D9E000013A94ED025AF7EE000A33EE000A64EEB3
:10D9F000201A31EE800A65EE011A31EE800A84EDBC
:10DA0000090A94ED0A0A62EE022A32EE800A24EE36
:10DA1000014A34EE000A31EE800AD4ED0B1A84ED8F
:10DA20000A0A33EE210A34EE000A25EE203A94ED7C
:10DA3000036A33EE000A84ED0B0A94ED0C0A94EDB0
:10DA4000057A26EE013A33EE000A20EEA04A34EEC3
:10DA5000000A27EE014A34EE000A84ED0C0A94ED28
:10DA60000D0A26EE025A35EE000A20EE815A35EEF6
:10DA7000000A34EE000A94ED0E4A84ED0D0A33EEEE
:10DA8000040A35EE000A27EE203A40F2000E33EE8B
:10DA9000000ACBF6807E84ED0E0A94ED060AC4F8E7
:10DAA00020E094ED073A94ED0F5A012294ED084AD4
:10DAB00020EE016A84F82C214FF4807236EE055A6C
:10DAC00023EE207AA4F82E21022237EE055A24EE06
:10DAD000017A84F88C20002237EE055AC4F27A428B
:10DAE0004EF60A0304F190004FF07E5C84ED0F5A6D
:10DAF00094ED105AC4F21C1380E80C1041F26F210F
:10DB00004CF28F2020EE020A00224DF20A73C3F677
:10DB10008321C3F6F54030EE050A23EE011AC4F264
:10DB20004822C3F623434CF6CD45C4E92B104FF0F1
:10DB30007F50002104F1F80631EE000A94ED112A1D
:10DB4000C3F64C55C4E92923C4F27011002243F2F4
:10DB5000333386E823504DF29000C4F810C037EEFE
:10DB6000000AC4F29632C3F6B363C0F2030048F66B
:10DB7000E72104F58C7C84ED100A36EE020AC4F825
:10DB8000B450C4E94325C4F81431C3F6F9414FF445
:10DB9000FA5242F210734FF4FA658CE82F001CA081
:10DBA000C4F800E031EE000A24EE201AC4F848E080
:10DBB000D0E9051E31EE000AD0E901C284ED110A58
:10DBC0009FED120A216604F15401D0E90335D0E932
:10DBD0000767DFF83C802CC1D0E90912C06A20EE4B
:10DBE000000A84ED2E0A84ED330A84ED380A84EDB0
:10DBF0003D0AC4E9138CC4E91B71C4E91D20C4E9C2
:10DC000019E6BDE8F08100BF000000000AD7A33C80
:10DC1000B762FF3D4D848DBD00000000B762FFBDBF
:10DC20004D848DBD00000000B762FFBD4D848D3D69
:10DC300000000000B762FF3D4D848D3D00000000F4
:10DC40002DE9F04F81B02DED088BD2B04BF6045A80
:10DC5000C2F2000A50464FF48871E2F7ECFE9FEDE5
:10DC6000FC0B40F2011040F2000BAAF80C0155EC3D
:10DC7000106B0820C4F2303BC8F20000594632460F
:10DC80002B460EF01FF80CF07DFF07464FF00040CA
:10DC9000594632462B460EF015F80CF073FF32242D
:10DCA000C8F2000481462046594632462B460EF003
:10DCB00009F80CF067FF8046C820C8F200005946FA
:10DCC00032462B460DF0FEFF0CF05CFFCAF86000F8
:10DCD0000820C8F20000594632462B46CAE914799A
:10DCE000CAE916980DF0EEFF0CF04CFF81464FF09C
:10DCF0000040594632462B460DF0E4FF0CF042FF3F
:10DD000007462046594632462B460DF0DBFF0CF005
:10DD100039FF0446C820C8F20000594632462B4657
:10DD20000DF0D0FF0CF02EFF40F20508C8F20008FD
:10DD3000CAF874004046594632462B46CAE919973C
:10DD4000CAE91B740DF0BEFF0CF01CFF81464FF0BA
:10DD50000040594632462B460DF0B4FF0CF012FF3E
:10DD600007466420C8F20000594632462B460DF0A3
:10DD7000A9FF0CF007FF044640F29010C8F2000023
:10DD8000594632462B460DF09DFF0CF0FBFECAF8BB
:10DD900088000220C8F20000594632462B46CAE9E4
:10DDA0001E97CAE920740DF08DFF0CF0EBFE40F2D7
:10DDB0003209C8F2000907464846594632462B4602
:10DDC0000DF080FF0CF0DEFE00EE100AB0EE001A3F
:10DDD00081EE008A9FEDDA1A4046594632462B46BC
:10DDE00021EE009A0DF06EFF0CF0CCFE04461420DC
:10DDF000C8F20000594632462B460DF063FF0CF086
:10DE0000C1FECAF83C708AED109A8AED118ACAE9FF
:10DE1000124002F0D3FF90ED240A90ED251A40F253
:10DE20000A089FEDC82AC8F20008074620EE010A3A
:10DE30004046594632462B4680EE028A0DF042FF9C
:10DE40000CF0A0FE00EE100A9620C8F20000594621
:10DE500032462B4620EE089A0DF034FF0CF092FE6D
:10DE600000EE100AB2EE041A81EE001A9FEDB62AF7
:10DE7000484622EE000A594632462B4620EE08AAB2
:10DE800021EE08BA0DF01EFF0CF07CFE0446C820FF
:10DE9000C8F20000594632462B460DF013FF0CF035
:10DEA00071FECAE903404FF00040594632462B4606
:10DEB0008AED009A8AED01AA8AED02BA0DF002FFFE
:10DEC0000CF060FE97ED131A97ED142A97ED174AA0
:10DED00000EE100A97ED163AB0EEC22AB0EEC11A63
:10DEE00030EE022A30EE010AB0EEC41A32EE011A08
:10DEF000B0EEC32A30EE020A97ED1A2A97ED193ACE
:10DF0000B0EEC22A31EE021AB0EEC32A30EE020A97
:10DF100097ED1D2A97ED1C3AB0EEC22A31EE021A97
:10DF2000B0EEC32A30EE020A21EE089A20EE088AEB
:10DF3000B6EE000A4846594632462B4620EE09AA5C
:10DF40000DF0C0FE0CF01EFE9FED801A00EE100AD0
:10DF500089EE00BA21EE000A4046594632462B4669
:10DF600020EE099A0DF0AEFE0CF00CFE0024C4F277
:10DF70002004CAE908404846594632462B468AEDF5
:10DF800005AA8AED069A8AED07BA0DF09BFE0CF001
:10DF9000F9FD9FED6F1A00EE100A88EE009A21EE4F
:10DFA000000A4046594632462B4620EE08AA0DF09C
:10DFB00089FE0CF0E7FDCAE90D406FF000405946BC
:10DFC00032462B468AED0A8A8AED0BAA8AED0C9A14
:10DFD0000DF078FE0CF0D6FD40F20108C8F2000802
:10DFE000CAF89C004046594632462B460DF06AFE60
:10DFF0000CF0C8FDCAF8A0004046594632462B46F0
:10E000000DF060FE0CF0BEFDCAF8A4006FF00040F9
:10E01000594632462B460DF055FE0CF0B3FDCAF8BA
:10E0200098004046594632462B460DF04BFE0CF008
:10E03000A9FDCAF8AC006FF00040594632462B46A5
:10E040000DF040FE0CF09EFD00F006B800BF00BFD2
:10E050000000008000003043CAF8B0004046594636
:10E0600032462B460DF02EFE0CF08CFDCAF8B400A3
:10E070006FF00040594632462B460DF023FE0CF05F
:10E0800081FDCAF8C8004046594632462B460DF07D
:10E0900019FE0CF077FDCAF8EC00404659463246AE
:10E0A0002B460DF00FFE0CF06DFDCAF8F0006FF07E
:10E0B0000040594632462B460DF004FE0CF062FD3E
:10E0C000CAF8F4006FF00040594632462B460DF076
:10E0D000F9FD0CF057FDCAF808016FF000405946F1
:10E0E00032462B460DF0EEFD0CF04CFDCAF8DC007C
:10E0F0006FF00040594632462B460DF0E3FD0CF020
:10E1000041FDCAF8E0006FF00040594632462B4608
:10E110000DF0D8FD0CF036FDCAF8E4006FF00040B9
:10E12000594632462B460DF0CDFD0CF02BFDCAF8BA
:10E13000D80052B0BDEC088B01B0BDE8F08F00BF35
:10E140000AD7233C0000FA440AD7A33C6F12033BD2
:10E150000AD7A33B2DE9F04389B048F68045C2F2C7
:10E1600000052A78012A46D14CF27821C2F200013A
:10E1700009684CF2D822C2F20002096812681268DB
:10E180001143C90740F009814CF61827C2F2000775
:10E1900039688968090600F100810024C4F202048C
:10E1A000064604F5806001210122E6F729FB20469E
:10E1B00010210122E6F724FB002401943868C1688D
:10E1C0000191806801900198FDF7DEFE48F6C44099
:10E1D000C2F2000090F87810012902D1C169013122
:10E1E000C16180F8784048F6A840C2F200002C7067
:10E1F000047030466AE048F6A846C2F2000632785B
:10E20000012A63D14CF27822C2F2000212684CF269
:10E21000D823C2F2000312681B681B681A43D20796
:10E2200040F0BB804CF61822C2F2000212689268DD
:10E23000120600F1B2800024C4F20204884604F5FC
:10E2400080618146084601210122E6F7D9FA20467D
:10E2500010210122E6F7D4FA48F6C442C2F20002C5
:10E2600092F87810484601292BD1D2E91613D2E949
:10E270001947CDE9011303A991C192F87910002340
:10E2800082F8783011B102F1180417E048F6AC4377
:10E29000C2F200039C68D3E90073CDE9073448F665
:10E2A000A443C2F200031B6802F1200406972BB1BD
:10E2B000414601A898470146484611B921680131F5
:10E2C0002160297800220029327066D14CF278272B
:10E2D000C2F2000739684CF2D826C2F2000609687B
:10E2E000326812681143C90757D14CF61821C2F29F
:10E2F00000010968896809064FD448F6C44248F607
:10E300008449C2F20002C2F20009014610464A46A0
:10E3100000F046F8002840D099F8000048F6B845CB
:10E32000C2F200054FF0FF31A960C5F80510C5F82D
:10E33000011020B1012805D10B24922004E008240B
:10E34000822001E00424A22040F20008C4F2020866
:10E350002870FDF719FE306848F6AC42C560396890
:10E36000C2F20002CA6044604C6099F800000022CA
:10E37000002819BF4046102108F580600121E6F70A
:10E380003FFABFF35F8F3868016841F00101016017
:10E390003068016841F00101016009B0BDE8F08317
:10E3A00090F87830002B1CBF002070472DE9F04119
:10E3B00086461EF8543F5EF8408C012BAEF1300CBF
:10E3C0000ED1DCF800300025CB1AB3F57A7F01D2EC
:10E3D000002308E008F1010880F85450C0F81480C8
:10E3E0004FF0FF33012590F85560012E19D1066BCF
:10E3F00040F2E2448F1BA74202D24DB1012310E04C
:10E40000002408F1010880F85540C0F8148008E0A5
:10E4100003EB43045CF82440341BB4F1FF3FD8BF46
:10E42000012390F85640012C1AD1C56B41F60B26FA
:10E430004C1BB4420BD2002B11D403EB43045CF809
:10E4400024402C1BB4F1FF3FD8BF022308E0002476
:10E4500008F1010880F85640C0F8148000E002235B
:10E4600090F85740012C17D1856C41F60B264C1BB8
:10E47000B4420BD2002B42D403EB43045CF824409B
:10E480002C1BB4F1FF3FD8BF032307E0002480F822
:10E49000574008F101044461002B2DD40024C0E949
:10E4A0001844C0E91A44C0E91C4403EB43055CF876
:10E4B0002560C0E9164480F858300CEB8507C66526
:10E4C000D7E901768166C0E918760EF8034001218C
:10E4D00000F15807A0F878108ACFC56ED0E919640A
:10E4E0005561C2E9036482E88A00D0E91C31012049
:10E4F000C2E90631BDE8F0810020BDE8F0810323C8
:10E50000CCE700002DE9F04F97B0834641F264203C
:10E510005BF800400026002C059118BF002A03D1AB
:10E52000304617B0BDE8F08F0BEB00080BF5B2706A
:10E5300004900BF10400029006A8103001900392A1
:10E54000DBF868010599081AEAD4DBF80010D1F865
:10E5500020118842E4D3049906A84422E2F70FFA76
:10E56000022C35D304245D4605F5D47A05F5B27046
:10E5700051464422E2F703FAD8F80000A11E814276
:10E5800027D205F5F679504649464422E2F7F7F9D5
:10E59000D8F80000611E81421BD205F50C77484671
:10E5A00039464422E2F7EBF9D8F80000844210D251
:10E5B00005F51D7138464422E2F7E1F9D8F800006C
:10E5C000611C043405F588758142CDD301E000BF9C
:10E5D00001209BF81A110138C8F8000031B10798E2
:10E5E000DBF8FC10401AB0F1FF3F0EDD9DF818007B
:10E5F000042821D8DFE800F003150F201B00079A3C
:10E60000DDE90110FAF70CF816E0D8F82000013027
:10E61000C8F8200010E0079ADDE90110FAF7ECF8DD
:10E620000AE0079ADDE90110FAF712FB04E0DDE9E0
:10E630000110F8F749FB00BFD8F800400136002C64
:10E640003FF46EAF039A9642FFF47AAF68E700009A
:10E650002DE9F04381B00F788146042F4FF0000080
:10E660005FD8032F5DD00C46D1E9010141F264224D
:10E67000081AB0F1FF3F09EB02081DDD41F27C20D2
:10E6800009EB0002D15DE068012909EB870105D1A2
:10E6900041F26823CB58C31A002B2DDDD8F8005067
:10E6A0000123D35541F26822885055B3402D07D13C
:10E6B00008F1280800202FE008F1200800202BE0B6
:10E6C00005EB051009EB800000F5B27007E000BF14
:10E6D00031464422013DE2F752F9304685B1616886
:10E6E00050F8402CA0F144068B1AF1D4914208D185
:10E6F00031788F42ECD304E008F1240800200BE0CD
:10E70000002505EB051009EB800000F5B2702146ED
:10E710004422E2F734F90120D8F800100131C8F89A
:10E72000001001B0BDE8F08370B541F284250446C5
:10E73000461940F8041BFDF783FA41F264200022D9
:10E740002118225020466251C6E90122C1E9012266
:10E75000C1E90322C1E905220A7770BD000000006B
:10E7600070B52DED108B88B00C46097B1646B0EEC7
:10E77000609AB0EE408A0129054606D194ED010A5F
:10E7800038EE400A80EE090A0EE09FED610B002191
:10E7900053EC102BC4F230314FF000400DF092FAE0
:10E7A0000CF0F0F900EE100A9FED5B1A94ED022ACE
:10E7B00031EE091A89EE011A30EE420A94ED00AAF0
:10E7C00021EE000A30EE02EA84ED02EABEB19FEDCE
:10E7D000500B002153EC102BC4F230314FF00040AD
:10E7E00028EE0ABA0DF06EFA0CF0CCF900EE100A21
:10E7F000B4EEC0BAF1EE10FAB0EE4ACA1FD595EDEC
:10E80000011A95ED030A21EE081A21EE091A31EEDC
:10E810000A1AB1EE40CAB4EECC1AF1EE10FA0CD4DA
:10E82000B4EEC01A0020F1EE10FAC8BF0120002893
:10E8300018BFB0EE401AB0EE41CA84ED00CA95EDA3
:10E84000000A95ED021A20EE08DA95ED04BA3DEEC5
:10E850000C0A21EE0EEA3EEE00FAB4EECBFAF1EE2F
:10E8600010FA16DD9FED2A0B002153EC102BC4F299
:10E8700030314FF000400DF025FA0CF083F900EE36
:10E88000100AB4EEC08AF1EE10FA02DDB1EE4B9A36
:10E890001AE0B1EE4B9AB4EEC9FAF1EE10FA17D5C0
:10E8A0009FED1B0B002153EC102BC4F230314FF0C5
:10E8B00000400DF007FA0CF065F900EE100AB4EE16
:10E8C000C08AF1EE10FA03D5B0EE4ACA84ED00AA70
:10E8D0003DEE0C0A3EEE000AB4EEC90A0120F1EE4C
:10E8E00010FA84ED018A20730CD4B4EECB0A002018
:10E8F000F1EE10FAC8BF0120002818BFB0EE4B0A95
:10E90000B0EE409AB0EE490A08B0BDEC108B70BD75
:10E910000000008000003043CDCC4C3D00000000E2
:10E92000F0B583B09FED100B002700210446051DB4
:10E93000C0E92077C0F8887053EC102BC4F2303156
:10E940004FF000400DF0BEF90CF01CF906462846C9
:10E950007821E2F770F8E66784F88E70A4F88C707E
:10E9600003B0F0BD00BF00BF0000008000003043D6
:10E970002DE9F04F81B02DED0E8BC8B0814640F2ED
:10E980004A60CDE93B00CDE93D00CDE93F00CDE94E
:10E99000410008684FF000089A4617460D46CDE939
:10E9A0004688CDE94488CDF80C8102F0D1FF0028DB
:10E9B00000F0C580F86C00F01B011B2940F0BF80FF
:10E9C0009AF81160400702D4002E40F0B880DDF8BC
:10E9D00080B1F86B44F62061ABEB0000884200F296
:10E9E000AE80386C4CF25031ABEB0000884200F244
:10E9F000A680786C44F62061ABEB0000884200F200
:10EA00009E8097ED0A0A10EE100A20F00040B0F147
:10EA1000FF4F80F2948097ED0B1A11EE100A20F050
:10EA20000040B0F1FF4F80F28A80386B20F0004048
:10EA3000B0F1FF4F80F28380F86920F00040B0F120
:10EA4000FF4F7CDA386A20F00040B0F1FF4F76DAF1
:10EA5000786A20F00040B0F1FF4F70DA786B20F058
:10EA60000040B0F1FF4F6ADA9FEDD52AB0EEC00A40
:10EA7000B4EEC20AF1EE10FA61D8B0EEC10AB4EEFB
:10EA8000C20AF1EE10FA5AD89AED008A18EE100A6E
:10EA900020F00040B0F1FF4F51DA9FEDCB0B002189
:10EAA00053EC104BC4F230314FF000402246079334
:10EAB0000DF008F90CF066F800EE100AB4EEC08A0A
:10EAC000F1EE10FA3BD464200021079BC8F200004D
:10EAD000C4F2303122460DF0F5F80CF053F800EE98
:10EAE000100AB4EEC08AF1EE10FA28DC9AED010AA1
:10EAF00010EE100A20F00040B0F1FF4F1FDA9AED3F
:10EB0000021A11EE100A20F00040B0F1FF4F16DAA1
:10EB1000DAF80C0020F00040B0F1FF4F0FDA9FED63
:10EB2000AC2AB0EEC00AB4EEC20AF1EE10FA06DC6E
:10EB3000B0EEC10AB4EEC20AF1EE10FA38DD9FED74
:10EB4000A20B002153EC102BC4F230314FF00040E7
:10EB50002E1DC5E92088C5F888800DF0B3F80CF0AB
:10EB600011F8074630467821E1F765FFEF6785F831
:10EB70008E80A5F88C803BAF0DF5847E8FCFDDE9CC
:10EB800040659EE81050DDE9458A89E88F00C9E9B3
:10EB90000565C9F81C404798C9E908CEC9E90A8A41
:10EBA000C9F8300048B0BDEC0E8B01B0BDE8F08F65
:10EBB0009AF81000C0B195F88C00012852D1686F06
:10EBC0009FED850B0021ABEB000053EC102BC4F242
:10EBD00030310DF077F80BF0D5FF9FED810A01EE93
:10EBE000100A21EE00BA43E00021079B0026C4F280
:10EBF00030314FF00040224605F10408C5E9206697
:10EC0000C5F888600DF05EF80BF0BCFF0746404683
:10EC10007821E1F710FFEF6785F88E60A5F88C602A
:10EC20000AF114078FCFDAE90A65DAF830400DF1FE
:10EC3000EC0C8CE88F0001204294CDE940658DF802
:10EC40000C013BAF0DF5847E8FCFDDE940649EE87B
:10EC50002050DDE9458A89E88F00C9E90564C9F8D3
:10EC60001C5098E79FED5F0AB7EE001A81EE00BADC
:10EC70000021079BC4F230314FF0004022460DF0D6
:10EC800021F80BF07FFF00EE100AB4EEC0BAF1EEEF
:10EC900010FA06D99FED540AB4EEC0BAF1EE10FA9C
:10ECA0001CDD0021079B0026C4F230314FF00040EC
:10ECB000224605F10408C5E92066C5F888600DF014
:10ECC00001F80BF05FFF074640467821E1F7B3FEFD
:10ECD000EF6785F88E60A5F88C604CE7012085F819
:10ECE0008C0095ED1F0A95F88E0030EE0B8A864257
:10ECF000C5F874B085ED1F8A04D1A96F002940F0D2
:10ED0000C8801CE00021079B0026C4F230314FF080
:10ED10000040224685F84060C5E90D66EE63C5E90E
:10ED20001966EE6685F870600CF0CCFF0BF02AFFD8
:10ED30009AF81110C5F8880085F88E10AE679AED24
:10ED4000010A97ED0A1A286895F88D2005F114013B
:10ED500030EE410A143002F00102F0EE480AFFF7EB
:10ED6000FFFC9AED021A97ED0B2A286895F88D2082
:10ED7000D5ED1F0AB0EE409A31EE420A283005F177
:10ED8000240102F00102FFF7EBFC9AF81100B0EE4B
:10ED9000408A01282CD19AED030A97ED0C1A30EE27
:10EDA000410AF7F7EDFA2868D5ED1F0A95F88D208E
:10EDB0003C3005F13401FFF7D3FCB0EE40AA19E076
:10EDC000DB0F493F00BF00BF000000800000304360
:10EDD000960A063F00BF00BF00000000000030435D
:10EDE000BD378635000016430AD7A33C000000005B
:10EDF0001FED02AA97ED0BDA97ED0ACAB0EE4D0AA5
:10EE00000BF012FC20EE4A0A30EE090A85ED200ACA
:10EE1000B0EE4C0A0BF02EF8B0EE409AB0EE4C0A71
:10EE20000BF002FCB0EE40EAB0EE4D0A0BF022F817
:10EE30002EEE000A20EE0A0A29EE081A31EE000A28
:10EE400085ED210AB0EE4C0A0BF0EEFBB0EE409AD5
:10EE5000B0EE4C0A0BF00EF8B0EE40CAB0EE4D0A20
:10EE60000BF008F82CEE000A20EE0A0A29EE481AE8
:10EE70000021079B31EE000AC4F230314FF0004010
:10EE8000224685ED220A0CF01DFF0BF07BFEA96FD8
:10EE9000E867481C4AF6AB21CAF6AA21A0FB01127A
:10EEA00022F0010101EB5201401A9AED000A97EDA0
:10EEB0000D1AA867286895F88D20291D30EE410AA3
:10EEC000F0EE4B0A0191FFF74BFC05F18000B0EE2C
:10EED000408A8DED440A0090286895ED200A97ED50
:10EEE000071A95F88D2005F14401503030EE410AA3
:10EEF000F0EE4B0AFFF734FCB0EE409A28688DED37
:10EF0000450A95ED210A97ED081A95F88D20643091
:10EF100005F1540130EE410AF0EE4B0AFFF720FCF8
:10EF20009AF81100B0EE40AA8DED460A90B128681B
:10EF300095ED220A97ED091A95F88D20783005F1A4
:10EF4000640130EE410AF0EE4B0AFFF709FCB0EE27
:10EF500040BA0CE00021079BC4F230314FF0004072
:10EF600022460CF0AFFE0BF00DFE0BEE100A2868E7
:10EF700040F2000B03903BA8043002900020C4F242
:10EF8000303B8DED47BA0690CDE9040019E00498B6
:10EF9000B4EE4CDA00213043F1EE10FA18BF012133
:10EFA0000843BDEECD0A0299069A049010EE100AAD
:10EFB000885005980832203080280590069200F08D
:10EFC0009081069800210AEB0008D8F81400079BEE
:10EFD00080F00040C4F2303122460CF073FE0BF09A
:10EFE000D1FD0399059A01EE100A8F1897ED230AB7
:10EFF00097ED242A20EE080A30EE010A22EE091AC3
:10F0000097ED252A31EE000A22EE0A1A97ED262AFC
:10F0100031EE000A22EE0B1A31EE00CA1CEE100A85
:10F0200020F00040B0F1FF4F80F2308140F24A60A2
:10F030000021079BC8F20000C4F2303122460CF0D8
:10F0400041FE0BF09FFD00EE100AB4EEC0CAF1EED7
:10F0500010FA10DD3C200021079BC8F20000C4F22A
:10F06000303122460CF02EFE0BF08CFD00EE100A23
:10F070003CEE00CA23E040F24A600021079BC8F240
:10F080000000C4F2303122460CF01CFE0BF07AFD79
:10F0900000EE100AB4EEC0CAF1EE10FA0FD5282027
:10F0A0000021079BC8F20000C4F2303122460CF068
:10F0B00009FE0BF067FD00EE100A3CEE40CA079E09
:10F0C00040F2E830C8F200005946224633460CF0C0
:10F0D000F9FD0BF057FD0DEE100A40F2D070C8F2AA
:10F0E00000005946224633460CF0ECFD0BF04AFD79
:10F0F000B4EECDCAF1EE10FA0FD400EE100AB4EE61
:10F10000C0CAF1EE10FA4FF00000B0EE4CDAC8BF02
:10F110000120002818BFB0EE40DAB4EE4CDA002629
:10F12000F1EE10FA18BF0126BDEECD0AD8F818107E
:10F13000069B10EE100A3BAAD05081F0004000213F
:10F14000079BC4F2303122460CF0BCFD0BF01AFDD7
:10F1500097ED270A97ED282A20EE080A01EE100AFB
:10F1600030EE010A22EE091A97ED292A31EE000A43
:10F1700022EE0A1A97ED2A2A31EE000A22EE0B1A25
:10F1800031EE00CA1CEE100A20F00040B0F1FF4F33
:10F190007CDA40F24A600021079BC8F20000C4F20A
:10F1A000303122460CF08EFD0BF0ECFC00EE100A24
:10F1B000B4EEC0CAF1EE10FA10DD3C200021079B2E
:10F1C000C8F20000C4F2303122460CF07BFD0BF097
:10F1D000D9FC00EE100A3CEE00CA23E040F24A607F
:10F1E0000021079BC8F20000C4F2303122460CF027
:10F1F00069FD0BF0C7FC00EE100AB4EEC0CAF1EED8
:10F2000010FA0FD528200021079BC8F20000C4F295
:10F21000303122460CF056FD0BF0B4FC00EE100A23
:10F220003CEE40CA40F20008079F40F2E830C4F2CA
:10F230003038C8F20000414622463B460CF042FD01
:10F240000BF0A0FC0DEE100A40F2D070C8F20000E6
:10F25000414622463B460CF035FD0BF093FCB4EEE4
:10F26000CDCAF1EE10FA3FF592AE00EE100AB4EE00
:10F27000C0CAF1EE10FA4FF00000B0EE4CDAC8BF91
:10F280000120002818BFB0EE40DA80E60098002781
:10F290000021079BC0E900778760C4F230314FF04E
:10F2A000004022460CF00EFD0BF06CFC0646019867
:10F2B0007821E1F7C0FB40F24A60EE6785F88E7076
:10F2C000A5F88C70C9E90877C9E90A77C9F83070E0
:10F2D000C9E90000C9E90200C9E90400C9E906005A
:10F2E00060E404980DF1EC0B8DF80D0185F88D00AC
:10F2F00001208DF80C019BE88F000BF11C0EDBE95F
:10F3000005659EE810500BF1280B9BE8000D89E87D
:10F310008F0009F11C0080E8105009F12800C9E9AC
:10F32000056580E8000D3DE42DE9F04F81B0EFF375
:10F330001088EFF3108072B64CF27820C2F2000011
:10F34000016846F29F0946F2A04CC4F2020946F257
:10F350003F4EC4F2020C08244945C4F2020E10DDEF
:10F36000714523DC46F2A000C4F2020081422CD099
:10F3700046F21040C4F20200814238D046F22840E2
:10F380002EE046F23F00C4F20200814220DD46F248
:10F390004000C4F20200814217D046F27000C4F26D
:10F3A0000200814223D046F2880019E046F2404034
:10F3B000C4F20200814208D046F27040C4F202005A
:10F3C000814214D046F288400AE04FF400240EE057
:10F3D00046F21000C4F20200814208D046F2280032
:10F3E000C4F20200814240F0E8814FF400744945C4
:10F3F0004FF0040710DD714523DC46F2A000C4F293
:10F40000020081422CD046F21040C4F20200814238
:10F4100038D046F228402EE046F23F00C4F2020007
:10F42000814220DD46F24000C4F20200814217D042
:10F4300046F27000C4F20200814223D046F28800F6
:10F4400019E046F24040C4F20200814208D046F280
:10F450007040C4F20200814214D046F288400AE0B3
:10F460004FF480270EE046F21000C4F20200814201
:10F4700008D046F22800C4F20200814240F0A48184
:10F480004FF4807749454FF0010610DD714523DCCC
:10F4900046F2A000C4F2020081422CD046F2104095
:10F4A000C4F20200814237D046F228402EE046F2F4
:10F4B0003F00C4F20200814220DD46F24000C4F267
:10F4C0000200814217D046F27000C4F2020081426D
:10F4D00022D046F2880019E046F24040C4F2020011
:10F4E000814208D046F27040C4F20200814213D03B
:10F4F00046F288400AE04FF480360DE046F21000F4
:10F50000C4F20200814207D046F22800C4F2020091
:10F51000814240F0608140264CF2D820C2F20000C7
:10F5200005684FF0080A4D4510DD754523DC46F2AD
:10F53000A000C4F2020085422CD046F21040C4F272
:10F540000200854238D046F228402EE046F23F00C5
:10F55000C4F20200854220DD46F24000C4F20200FF
:10F56000854217D046F27000C4F20200854223D0D3
:10F5700046F2880019E046F24040C4F2020085429B
:10F5800008D046F27040C4F20200854214D046F220
:10F5900088400AE04FF4002A0EE046F21000C4F260
:10F5A0000200854208D046F22800C4F202008542DB
:10F5B00040F018814FF4007A4D454FF0040B10DDF8
:10F5C000754523DC46F2A000C4F2020085422CD02F
:10F5D00046F21040C4F20200854238D046F228407C
:10F5E0002EE046F23F00C4F20200854220DD46F2E2
:10F5F0004000C4F20200854217D046F27000C4F207
:10F600000200854223D046F2880019E046F24040CD
:10F61000C4F20200854208D046F27040C4F20200F3
:10F62000854214D046F288400AE04FF4802B0EE069
:10F6300046F21000C4F20200854208D046F22800CB
:10F64000C4F20200854240F0D4804FF4807B27430F
:10F650004D454FF0010410DD754523DC46F2A00056
:10F66000C4F2020085422CD046F21040C4F20200DF
:10F67000854237D046F228402EE046F23F00C4F2E1
:10F680000200854220DD46F24000C4F202008542BD
:10F6900017D046F27000C4F20200854222D046F232
:10F6A000880019E046F24040C4F20200854208D0CA
:10F6B00046F27040C4F20200854213D046F2884000
:10F6C0000AE04FF480340DE046F21000C4F202006C
:10F6D000854207D046F22800C4F20200854240F07D
:10F6E0008F80402447EA0603ACF14806ACF19C0247
:10F6F000B142174610D846F25800C4F2020000F199
:10F700006007B94202D900F56A7705E0A0F1580711
:10F71000814288BFA0F154073868184219D14BEADA
:10F720000A00B54240EA040010D846F25803C4F279
:10F73000020303F16002954202D903F56A7205E003
:10F74000A3F158029D4288BFA3F1540212680242FD
:10F7500019D048F68040C2F2000001220270086809
:10F7600020F001000860286820F001002860FCF704
:10F770000BFCEBF723FA0121FEF7ECFC88F3108871
:10F7800001B0BDE8F08FB14241D95CF89C0C49450D
:10F790004FF0200262DD714575DC46F2A003C4F231
:10F7A000020399427ED046F21043C4F2020399420A
:10F7B00000F0CF8046F22842C4E04FF0007461456B
:10F7C00008BF4FF4002412E64FF08077614508BF70
:10F7D0004FF4802756E64FF48006614508BF4FF48A
:10F7E000803699E64FF0007A654508BF4FF4002A4D
:10F7F000E2E64FF0807B654508BF4FF4802B26E79B
:10F800004FF48004654508BF4FF480346AE746F240
:10F810005807C4F2020707F16000814219D9D7F8EE
:10F82000A80349454FF020025ADD714500F3B2802C
:10F8300046F2A003C4F20203994200F0C98046F2E6
:10F840001043C4F20203994200F0D68046F22842E7
:10F85000CCE0B9422BD957F8542C2AE046F23F03AA
:10F86000C4F20203994265DD46F24003C4F202038A
:10F87000994217D046F27003C4F20203994268D04D
:10F8800046F288025EE046F24043C4F20203994227
:10F8900008D046F27043C4F20203994259D046F2AE
:10F8A00088424FE04FF40012024255D161E757F809
:10F8B000582C49454FF0200327DD714579DC46F28D
:10F8C000A006C4F20206B14200F0858046F210465E
:10F8D000C4F20206B14200F0A08046F2284396E04E
:10F8E00046F23F03C4F20203994277DD46F2400339
:10F8F000C4F2020399426BD046F27003C4F20203D1
:10F90000994279D046F2880270E046F23F06C4F28E
:10F910000206B14273DD46F24006C4F20206B1426D
:10F9200059D046F27006C4F20206B14275D046F2D2
:10F9300088036CE046F21003C4F20203994208D037
:10F9400046F22802C4F20202914240F0A9804FF42C
:10F95000006202423FF40DAF46F27040C4F2020072
:10F9600081420AD046F28840C4F20200814208D1A6
:10F970004FF400604CF8940CD0E020204CF8940C2C
:10F98000CCE04FF00060614508BF4FF400104CF828
:10F99000940CC3E046F24043C4F20203994217D0EC
:10F9A00046F27043C4F20203994225D046F28842DF
:10F9B0001CE046F24046C4F20206B1420BD046F2C9
:10F9C0007046C4F20206B14227D046F288431EE0D8
:10F9D0004FF4001210E04FF400131EE046F2100343
:10F9E000C4F20203994207D046F22802C4F202028E
:10F9F000914276D14FF40062024214D1B9E646F248
:10FA00001006C4F20206B14207D046F22803C4F23F
:10FA1000020399426CD14FF400631A40002A3FF46C
:10FA2000A8AE814218D946F21040C4F202008142C9
:10FA300032D046F22840C4F20200814227D046F27A
:10FA40004040C4F2020081420CBF4FF400104FF05E
:10FA500000604CF8980C61E0B9422BD946F2700076
:10FA6000C4F20200814252D046F28800C4F2020081
:10FA7000814244D046F2A000C4F2020081420CBF91
:10FA80004FF400104FF0006047F84C0C46E04FF484
:10FA900000604CF8980C41E020204CF8980C3DE0B8
:10FAA0004FF00062614508BF4FF4001202427FF43C
:10FAB00053AF5EE646F21000C4F2020081422AD043
:10FAC00046F22800C4F2020081421DD046F24000F6
:10FAD000C4F2020081420CBF4FF400104FF00060EE
:10FAE0001AE04FF00062614508BF4FF4001283E74F
:10FAF0004FF00063614508BF4FF400138DE74FF4EA
:10FB0000006047F84C0C09E04FF4006004E020204E
:10FB100047F84C0C02E0202047F8500C48F6A8406B
:10FB2000C2F200000121017023E600000000000085
:10FB30002DE9F04F81B02DED0A8BA8B005463C9819
:10FB40004FF6FE77C0F2FF070026B842C5E900660F
:10FB5000AE6098BFBB4205D928B0BDEC0A8B01B09E
:10FB6000BDE8F08FCF1E17F1020FF5D3002BF3D0B5
:10FB70000028F1D05668A6F5803717F5803FEBD9FD
:10FB8000D2F808B00127CFF6FF77ABF58034BC423E
:10FB9000E2D3D2F80C90A9F58034BC42DCD3D2F881
:10FBA00010C0ACF58034BC42D6D3D2F814A0AAF56C
:10FBB0008034BC42D0D3D2F81880A8F58032BA4243
:10FBC000CAD39FEDF50B002254EC107BC4F2303207
:10FBD000CDE909350C9111463A462346CDF814C0BB
:10FBE0000CF070F80E91002105465046C4F23031F9
:10FBF0003A462346BA460B970F940CF063F841EC53
:10FC0000100B8DED260B9DF89F009FEDE50B80F00E
:10FC100080008DF89F00DDE9260153EC102BCDE923
:10FC200000230BF0A1FD0E9B2A460BF00DF90D46AB
:10FC30000491002107460E904046C4F230315246EE
:10FC400023460CF03FF802460B46384629460BF097
:10FC50008BFD9FEDD50B53EC102B0BF035FA9FED80
:10FC6000D40B024658EC104B0B46204641460BF095
:10FC7000EBF89FEDD10B0027C4F2303782460D46DA
:10FC800053EC102B4FF0004039460CF01BF841ECC0
:10FC90001A0B5046294622464346CDF81CA00D9526
:10FCA0000694CDF820800CF00DF802460B460BF0C0
:10FCB0005BFDCDE9020130463C4639460B9F0F9E65
:10FCC0003A4633460BF0FEFF054688464846214635
:10FCD0003A463346B9460BF0F5FF0E9A049B9A4616
:10FCE0000BF042FD0C9A012A40F088809FEDB40B86
:10FCF00053EC102B0BF0E8F99FEDB30B04460F46C5
:10FD000053EC102B284641460BF02EFD22463B4675
:10FD10000BF09AF800260F9FC4F2303641EC180B16
:10FD2000584631464A463B460BF0CCFF0446059800
:10FD30000D4631464A463B460BF0C4FF0E9A5346E9
:10FD4000D3460BF011FD9FEDA20B53EC102B0BF0E3
:10FD5000BBF99FEDA10B06460F4653EC102B204636
:10FD600029460BF001FD32463B460BF06DF8DDF8FD
:10FD70001CA041EC190B0D99069A089B50460CF0FB
:10FD800005FBB0FA80F0400940F0FD809FED940B38
:10FD90000E9C51EC100B22465B460BF0E5FC224614
:10FDA0005B460BF0E1FC9FED900B53EC102B0BF03E
:10FDB0008BF99FED8F0B029E039D41EC1B0B51ECC9
:10FDC000100B32462B460BF0CFFC9FED8F0B53EC04
:10FDD000102B0BF079F99FED880B41EC1C0B51ECCB
:10FDE000100B32462B460BF0BFFC9FED850B53ECFE
:10FDF000102B0BF069F941EC1A0B29E1DDE9002326
:10FE00000BF062F99FEDDA0B04460F4653EC102B12
:10FE1000284641460BF0A8FC22463B460BF014F85E
:10FE200000260F9CC4F2303641EC180B5846314680
:10FE30004A4623464D460BF045FF834605988946C2
:10FE400031462A4623460BF03DFF0E9A5346544650
:10FE50000BF08AFC9FEDC80B53EC102B0BF034F920
:10FE60009FEDC70B06460F4653EC102B58464946EC
:10FE70000BF07AFC32463B460AF0E6FFDDF81CA0A8
:10FE800041EC190B0D99069A089B50460CF07EFA2E
:10FE9000B0FA80F0400940F0BB809FEDC10B0E9F8F
:10FEA00056EC105B284631463A4623460BF05CFC84
:10FEB0003A4623460BF058FC9FEDBB0B53EC102B3E
:10FEC0000BF002F941EC1B0B2846029D039C3146C6
:10FED0002A4623460BF048FC9FEDAB0B53EC102B4E
:10FEE0000BF0F2F89FEDB20B0D9E8046894641EC77
:10FEF0001C0B51EC100B2A4623460BF035FC9FEDF2
:10FF0000AE0B53EC102B0BF0DFF89FEDAD0B8346DF
:10FF10000F4641EC1A0B53EC102B504631460CF0B7
:10FF200035FAB0FA80F0400929D19FEDA70B504671
:10FF300053EC102B31460AF087FF02460B460BF0BC
:10FF400013FC9FEDA30B04460D4651EC100B22460B
:10FF50002B460BF009FC42464B460AF075FF9FED1D
:10FF60009E0B41EC1C0B51EC100B22462B460BF068
:10FF7000FBFB5A463B460AF067FF41EC1A0B099817
:10FF8000DDF82C9065E0B0EE4ABAB0EE4ACAF0EE69
:10FF90006ABAF0EE6ACA5BE000000000000030437D
:10FFA0000000000000007040000000000000604100
:10FFB0000000000000409F4000000080000030432F
:10FFC0000000000000006040000000000000F04061
:10FFD0000000000000005040000000000000004150
:10FFE0000000000000002640000000000000204249
:10FFF0000000000000003F400000000000804F4073
:020000040802F0
:100000000000000000004040000000000000204010
:10001000A9469FED5D0B0E9D51EC100B2A46234621
:100020000BF0A2FB2A4623460BF09EFB9FED580BDC
:1000300053EC102B0BF048F89FED570B41EC1B0BCA
:10004000DDE9020153EC102B0BF03EF841EC1C0BE8
:10005000099800210F9BC4F230314A460BF032FE62
:1000600004460D4651EC180B53EC1A2B0BF02AFEEC
:1000700002460B46204629460BF076FB9FED580BB7
:1000800053EC102B0BF020F804460D4651EC190BE5
:1000900053EC1C2B0BF016FE02460B46204629465D
:1000A0000BF010FE0C9A012A0AD19FED310B53EC94
:1000B000102B0BF009F89FED538A41EC100B0FE069
:1000C0009FED490B53EC102B0AF0FEFF9FED480B00
:1000D00053EC102B0BF048FB41EC100B9FED488AC2
:1000E00051EC100B0AF04EFD0A9D0D990446286054
:1000F00053EC1B2B50460BF0E5FD9FED3F0B53ECF3
:10010000102B0AF0E1FF0AF03DFD24F000422946E1
:10011000B2F1FF4F686026DA20F00042B2F1FF4FE3
:1001200000EE100A1FDA9FED382A01EE104AB4EEF5
:10013000C21AF1EE10FA16DBB4EEC81AF1EE10FA9C
:1001400011D8BBEE041AB4EEC10AF1EE10FA4FF06A
:10015000000009DB9FED2D1AB4EEC10AF1EE10FA92
:1001600098BF012000E000200872F5E400BF00BF46
:10017000000000000000E0400000000000006040BF
:10018000000000000000F0400000000000000040FF
:10019000000000000000404200000000000030406D
:1001A00000000000000008400000000000000042C5
:1001B000000000000000144000000000000020408B
:1001C00000000000007097C0000000000070974021
:1001D0000000000000001C40000000000000104073
:1001E0000000000000004041000000000000C0408E
:1001F0000000000000002440000000000000594002
:10020000001B374A0050434800007A440000AA42CD
:10021000D0F84CC00CF01B031B2B5AD112B11CF0B0
:10022000040256D0C26B44F620638A1A9A4250D810
:10023000026C4CF250338A1A9A424AD8426C891A9C
:1002400044F62062914244D890ED0A1A11EE101A39
:1002500021F00041B1F1FF4F3BDA90ED0B0A10EEB7
:10026000101A21F00041B1F1FF4F32DA016B21F099
:100270000041B1F1FF4F2CDAC16921F00041B1F129
:10028000FF4F26DA016A21F00041B1F1FF4F20DA79
:10029000416A21F00041B1F1FF4F1ADA406B20F0C2
:1002A0000040B0F1FF4F14DA9FED0B2AB0EEC11AF7
:1002B000B4EEC21AF1EE10FA4FF0000088BF70479A
:1002C000B0EEC00AB4EEC20AF1EE10FA98BF0120F7
:1002D00070470020704700BFDB0F493FF0B581B089
:1002E0004CF6DC2604460025C0F60206715920466D
:1002F000E0F7CAFB90B30435582DF7D10FF2CC517B
:1003000020460422E0F7ABFA50B30FF2C851204662
:100310000422E0F7A4FAA0B30FF2C0512046042251
:10032000E0F79DFA002800F0AE802078482840F0E1
:10033000B08160783A2840F0AC81234613F8020F70
:100340002D2802D02B2840F09E812D3814F8032F41
:10035000B0FA80F041091046234695E1012199E168
:10036000224612F8043F2D2B02D02B2B40F09B800D
:10037000A3F12D0014F8053FB0FA80F041092246A0
:1003800092E048F2A060C0F20100043400216FF452
:100390007A7C002325782D2D01D02B2D08D1A5F1B5
:1003A0002D0714F8012FB7FA87F74FEA571E02E01E
:1003B0004FF0000E2A46A2F13A0515F10A0FC0F0DF
:1003C00069810025854200F3658105EB850502EB17
:1003D00045056278303DA2F13006092E2CD88542C1
:1003E00000F3588105EB850502EB4505A278303D09
:1003F000A2F13006092E21D8854200F34B81E7781F
:1004000005EB850502EB4502A7F13005092DA2F1A8
:10041000300516D8854200F33D8114F8042F05EB12
:10042000850507EB4505A2F130060A2EA5F130053A
:10043000C8D32646013C07E0661C05E0A61C013433
:1004400002E0E61C02343A46BEF1000F18BF6D42CE
:10045000A5F2D1776745C0F01D81062B04D82C2A60
:1004600040F01881A61C02E0002A40F01381062B00
:1004700003F101034FF0000188BF0121082B34462E
:100480007FF488AF06E1234613F8040F2D2801D02E
:100490002B284FD12D3814F8052FB0FA80F04109E0
:1004A0001046234647E00021A3F13A0010F10A0F5D
:1004B000C0F0EF8048F2A0600025C0F20100854244
:1004C00000F3E78005EB850703EB47075378A7F1B7
:1004D0003005A3F13006092E7ED8854200F3D9807D
:1004E00005EB850703EB47079378A7F13005A3F1E8
:1004F0003006092E6CD8854200F3CB80D77805EB07
:10050000850603EB4603A7F13006092EA3F130055B
:1005100060D8854200F3BD8012F8043F05EB8506E4
:1005200007EB4607A3F130060A2EA7F13005C6D324
:10053000013A51E00021A0F13A0212F10A0FC0F095
:10054000A88048F2A062C0F201029D1C00239342E1
:1005500000F39F8003EB830300EB430315F8010CCA
:10056000303BA0F13007092F27D8934200F3918048
:1005700003EB830300EB43032878303BA0F1300703
:10058000092F1AD8934200F3848003EB830300EB16
:1005900043036878303BA0F13007092F0DD8934210
:1005A00077DC03EB830300EB4303A878303BA0F137
:1005B00030070A2F05F10405C9D3002918BF5B4293
:1005C00003F1B4010022B1F5B47F98BF0122A8E085
:1005D000013201E002323B46002918BF6D42A5F509
:1005E000FA71B1F5FA6F4FF0000153D82C2B51D1AD
:1005F000134613F8024F2D2C01D02B2C07D1A4F158
:100600002D0112F8034FB1FA81F149091346A4F103
:100610003A0212F10A0F3CD30022824239DC02EB8B
:10062000820204EB42025C78303AA4F13007092FD1
:1006300000F2818082422CDC02EB820204EB420257
:100640009C78303AA4F13007092F70D8824220DC20
:10065000DF7802EB820204EB4202A7F13006092E9A
:10066000A2F1300265D8824213DC13F8044F02EB8A
:10067000820207EB4202A4F130070A2FA2F13002F6
:10068000CBD3013B57E00021A0F13A0212F10A0F4F
:1006900004D2002101F0010001B0F0BD48F2A062D7
:1006A000C0F201029D1C00239342F2DC03EB8303A2
:1006B00000EB430315F8010C303BA0F13007092F84
:1006C00025D89342E5DC03EB830300EB4303287852
:1006D000303BA0F13007092F19D89342D9DC03EB46
:1006E000830300EB43036878303BA0F13007092F08
:1006F0000DD89342CDDC03EB830300EB4303A878D2
:10070000303BA0F130070A2F05F10405CCD30029B6
:1007100002F101014FF0000218BF5B428B4238BF6B
:100720000122B0FA80F0400902EA0001B2E7013389
:1007300001E002333C46002918BF5242A2F5FA718B
:10074000B1F5FA6F4FF00001A4D82C2CA2D11A46B3
:1007500012F8024F2D2C01D02B2C07D1A4F12D0122
:1007600013F8034FB1FA81F149091A46A4F13A038B
:1007700013F10A0FFFF48DAF002383423FF789AFD7
:1007800003EB830304EB43035478303BA4F13007BD
:10079000092F2FD883423FF77CAF03EB830304EB91
:1007A00043039478303BA4F13007092F1ED88342CD
:1007B0003FF76FAFD77803EB830304EB4303A7F155
:1007C0003006092EA3F1300312D883423FF761AF00
:1007D00012F8044F03EB830307EB4303A4F1300744
:1007E0000A2FA3F13003C8D3013A03E0013201E03C
:1007F00002323C46002918BF5B42A3F5FA71B1F5FD
:10080000FA6F4FF000013FF645AF2C2C7FF442AF5A
:10081000164616F8021F2D2901D02B2908D12D3993
:1008200012F8037FB1FA81F14B093946164600E010
:100830000023A1F13A0212F10A0FFFF42AAFB51C0E
:10084000002282423FF725AF02EB820201EB420217
:1008500015F8011C303AA1F13007092F28D882423F
:100860003FF717AF02EB820201EB42022978303AE0
:10087000A1F13007092F1BD882423FF70AAF02EBE4
:10088000820201EB42026978303AA1F13007092F68
:100890000ED882423FF7FDAE02EB820201EB42022C
:1008A000A978303AA1F130070A2F05F10405C8D321
:1008B000002B18BF5242A2F5FA700022B0F5FA6F71
:1008C00098BF0122B1FA81F02DE700BF4D4F543A95
:1008D000000000005445533A00000000414E473AE2
:1008E000000000002DE9F04F81B02DED108B9CB081
:1008F000DDE936981C4617461B911A9000F05EFA07
:10090000796CA8EB010244F621618A424FF00002A3
:1009100038BF012222401894012A4FF00004199296
:1009200015D1FA6BFB6CA8EB02028A424FF0000172
:1009300038BF01219A0701EA030109D53A6C4CF24C
:100940005133A8EB02029A4238BF012400E0002193
:10095000D9F808206AB1D9F800204CF25033A8EB3E
:1009600002029A429ABF99F82C2002F00F05002546
:1009700000E0002599ED031ADDF8E8A011EE102A39
:1009800090ED240A90ED252A90ED42AAD0ED439AED
:1009900022F00042B2F1FF4F0ADAD9F81C204CF2E3
:1009A0005133A8EB02029A4228BF05F00E0501E080
:1009B00005F00E059FEDE79ABAF1000F20EE020A4E
:1009C00018BF15F0010240F0658199ED041A11EE8F
:1009D000102A22F00042B2F1FF4F0ADAD9F82020A3
:1009E0004CF25133A8EB02029A4228BF05F00D05E4
:1009F00001E005F00D059FEDE8BABAF1000F18BF50
:100A000015F0020240F0668199ED051A11EE102AE8
:100A100022F00042B2F1FF4F0ADAD9F824204CF25A
:100A20005133A8EB02029A4228BF05F00B0501E002
:100A300005F00B059FEDD8CABAF1000F18BF15F0ED
:100A4000040240F0678199ED061A11EE102A22F097
:100A50000042B2F1FF4F0ADAD9F828204CF25133A4
:100A6000A8EB02029A4228BF05F0070501E005F055
:100A700007059FEDC9DABAF1000F18BF15F008029B
:100A800040F06A8100297BD097ED0A0A9FEDC38A66
:100A9000DFEDC18A20EE080A10EE100A20F00040B7
:100AA000B0F1FF4FB0EE681A17DA9FEDBD1AB4EE41
:100AB000C10AF1EE10FAB0EE681A0EDB9FEDB91A1A
:100AC0000020B4EEC10AF1EE10FA9FEDB31A98BF00
:100AD0000120002818BFB0EE401A11EE100A0BF0EA
:100AE000F5FB97ED0B0AB0EE681A20EE080A10EE3F
:100AF000102A22F00042B2F1FF4F17DA9FEDAA1A36
:100B0000B4EEC10AF1EE10FAB0EE681A0EDB9FEDFA
:100B1000A71A0022B4EEC10AF1EE10FA9FED9E1A58
:100B200098BF0122002A18BFB0EE401A41EC1E0BFC
:100B300011EE100A0BF0CAFB97ED0C0A41EC1F0BEB
:100B400020EE080A10EE100A20F00040B0F1FF4F2E
:100B500024DA9FED931AB4EEC10AF1EE10FA1DDB10
:100B60009FED901A0020B4EEC10AF1EE10FADFED0D
:100B70008A8A98BF0120002818BFF0EE408A0DE055
:100B800043F60040CCF21C600BF0A0FB41EC1F0BC5
:100B9000DFED818AB0EE4FEAF0EE6FEADDE93B98D7
:100BA000DDE9386B18EE900A0BF090FB41EC180B66
:100BB0009FED790AC4B197ED0D1A11EE100A20F0DD
:100BC0000040B0F1FF4F0FDAB4EECA1AF1EE10FA9E
:100BD0000ADBB4EEE91A0020F1EE10FA98BF01200A
:100BE000002818BFB0EE410A10EE100A0BF06EFBA1
:100BF00041EC1A0B19EE100A0BF068FB41EC190BD3
:100C00001BEE100A0BF062FB41EC1B0B1CEE100AF2
:100C10000BF05CFB41EC1C0B1DEE100A0BF056FBBD
:100C200041EC100B199897F85010002C08BF214682
:100C3000189B00EA0B00FA6C002B08BF1A46CDE99E
:100C40001060DDE91A04CDE916284DF26A02CDE9FB
:100C50001491C0F602022146CDE912A58DEC04EBF9
:100C60008DED048B8DED06AB8DED089B8DED0ABBF4
:100C70008DED0CCB8DED0E0BDFF70CFC0021A042AF
:100C800038BF20EAE07108461CB0BDEC108B01B003
:100C9000BDE8F08F90ED1F2A31EE421A81EE001A66
:100CA00011EE102A22F00042B2F1FF4FBFF68DAED6
:100CB000B4EECA1AF1EE10FAFFF687AEB4EEE91AF6
:100CC0000022F1EE10FA98BF0122002A18BFB0EE00
:100CD000419A7AE690ED202A31EE421A81EE001A0E
:100CE00011EE102A22F00042B2F1FF4FBFF68CAE97
:100CF000B4EECA1AF1EE10FAFFF686AEB4EEE91AB7
:100D00000022F1EE10FA98BF0122002A18BFB0EEBF
:100D100041BA79E690ED212A31EE421A81EE001AAD
:100D200011EE102A22F00042B2F1FF4FBFF68BAE57
:100D3000B4EECA1AF1EE10FAFFF685AEB4EEE91A77
:100D40000022F1EE10FA98BF0122002A18BFB0EE7F
:100D500041CA78E6003C1CC690ED222A31EE421AC8
:100D600081EE000A10EE100A20F00040B0F1FF4FB3
:100D7000BFF688AEB4EECA0AF1EE10FAFFF682AE04
:100D8000B4EEE90A0020F1EE10FA98BF0120002825
:100D900018BFB0EE40DA75E6003C1CC6E12E654295
:100DA0008F0234C38F0234431F05B4C21F05B442FF
:100DB00048F6C440C2F200008068704780B542F235
:100DC000A440C2F200000078BFF35F8FC00704D0D8
:100DD0004BF6D430C2F2000080BD42F2A440C2F211
:100DE000000007F0DDF90028F2D0FCF7E5FD42F243
:100DF000A440C2F2000007F0E9F9E9E710B548F6AF
:100E0000A441C2F20001086048F68040C2F200002E
:100E10000021017048F6A8400024C2F20000C4F28C
:100E20000204017004F5806001210122E3F7E8FC6F
:100E3000204610210122E3F7E3FCFBF7A5F84CF272
:100E40007820C2F200000068016841F016010160DC
:100E50004CF2D821C2F2000109680A6842F0060289
:100E60000A60426942F080024261486940F08000B5
:100E7000486110BD00000000F0B581B02DED0C8B75
:100E800092B0064600F02CFA002800F0F18096F8A7
:100E90002C01012840F0EC8096F82D0101284FF03C
:100EA000000040F0E68096F88C10002900F0E18008
:100EB0009FED830B002754EC105BC4F230374FF0EA
:100EC000004039462A4623460AF0FCFE09F05AFE45
:100ED00096ED138A96ED149A96ED161A96ED172A4A
:100EE00031EE48AA32EE49BA96ED191A96ED1A2A51
:100EF00031EE48CA32EE49DA2CEE0B1A2AEE0D2AF0
:100F000032EE411A00EE100AF0EEC10A09F020F9A3
:100F100096ED1C1A96ED1D2A31EE488A32EE499A5A
:100F200028EE0B1A2AEE092A32EE411AF0EEC10A17
:100F300009F00EF928EE0D1A2CEE092A32EE411AAC
:100F4000F0EEC10A09F004F943F6800096ED1F9A0D
:100F5000C8F2010039462A462346B0EE408A0AF01C
:100F6000B1FE09F00FFE00EE100AB4EEC09AF1EEE9
:100F700010FA7DD44DF2C0400021C8F20100C4F245
:100F800030312A4623460AF09DFE09F0FBFD00EEB3
:100F9000100AB4EEC09AF1EE10FA69DC43F6800054
:100FA000002196ED209AC8F20100C4F230312A46A1
:100FB00023460AF087FE09F0E5FD00EE100AB4EEC4
:100FC000C09AF1EE10FA53D44DF2C0400021C8F29D
:100FD0000100C4F230312A4623460AF073FE09F0BC
:100FE000D1FD00EE100AB4EEC09AF1EE10FA3FDC2B
:100FF00043F68000002196ED219AC8F20100C4F268
:1010000030312A4623460AF05DFE09F0BBFD00EEB2
:10101000100AB4EEC09AF1EE10FA29D44DF2C04095
:101020000021C8F20100C4F230312A4623460AF0FA
:1010300049FE09F0A7FD00EE100AB4EEC09AF1EEE9
:1010400010FA15DC43F68000002196ED229AC8F2D2
:101050000100C4F230312A4623460AF033FE09F07B
:1010600091FD00EE100AB4EEC09AF1EE10FA05D52B
:10107000002012B0BDEC0C8B01B0F0BD4DF2C040B1
:101080000021C8F20100C4F230312A4623460AF09A
:1010900019FE09F077FD00EE100AB4EEC09AF1EEE9
:1010A00010FA4FF00000E4DC9FED070AB4EEC08AAE
:1010B000F1EE10FAC8BF0120DBE700BF00BF00BFA0
:1010C0000000008000003043ACC52737000000005E
:1010D00070B52DED028B90B090ED008A18EE101ACD
:1010E00021F00041B1F1FF4F80F2C3809FED7A0BF8
:1010F000064654EC105B43F680000021C8F2010064
:10110000C4F230312A4623460AF0DCFD09F03AFDEC
:1011100000EE100AB4EEC08AF1EE10FA00F1A980D8
:101120004DF2C0400021C8F20100C4F230312A461D
:1011300023460AF0C7FD09F025FD00EE100AB4EEC3
:10114000C08AF1EE10FA00F3948096ED018A18EE51
:10115000100A20F00040B0F1FF4F80F28A8043F681
:1011600080000021C8F20100C4F230312A46234633
:101170000AF0A8FD09F006FD00EE100AB4EEC08AE0
:10118000F1EE10FA75D44DF2C0400021C8F2010012
:10119000C4F230312A4623460AF094FD09F0F2FCED
:1011A00000EE100AB4EEC08AF1EE10FA61DC96EDA2
:1011B000028A18EE100A20F00040B0F1FF4F58DA12
:1011C00043F680000021C8F20100C4F230312A4603
:1011D00023460AF077FD09F0D5FC00EE100AB4EEC4
:1011E000C08AF1EE10FA44D44DF2C0400021C8F29A
:1011F0000100C4F230312A4623460AF063FD09F0AB
:10120000C1FC00EE100AB4EEC08AF1EE10FA30DC38
:1012100096ED038A18EE100A20F00040B0F1FF4F5F
:1012200027DA43F680000021C8F20100C4F2303111
:101230002A4623460AF046FD09F0A4FC00EE100AF7
:10124000B4EEC08AF1EE10FA13D44DF2C040002182
:10125000C8F20100C4F230312A4623460AF032FDBA
:1012600009F090FC00EE100AB4EEC08AF1EE10FA1C
:1012700004DD002010B0BDEC028B70BD42F2A44032
:10128000C2F200000078BFF35F8FC00712D0306851
:101290004BF6D431C2F20001C8677068C1F8800013
:1012A000B068C1F88400F068C1F88800012081F8B6
:1012B0002D01DFE742F2A440C2F2000006F070FF09
:1012C0000028E4D0FCF778FB42F2A440C2F2000010
:1012D00006F07CFFDBE700BF000000800000304329
:1012E00070B52DED048BB4B0044690F88C00022844
:1012F00000F2E2822046FCF729FA002800F0DC82A6
:1013000004F12400FCF722FA002800F0D5829FEDBA
:101310000E0B012055EC106B002194ED128AC8F2DF
:101320000000C4F2303132462B460AF0CBFC09F003
:1013300029FC00EE100AB4EE408AF1EE10FA1AD041
:1013400006E000BF00BF00BF000000800000304387
:101350000021C4F230316FF0004032462B460AF0D3
:10136000B1FC09F00FFC00EE100AB4EE408AF1EE79
:1013700010FA40F0A182E06C20F00040B0F1FF4F85
:1013800080F29A82206D20F00040B0F1FF4F80F291
:101390009382606D20F00040B0F1FF4F80F28C82AC
:1013A000A06D20F00040B0F1FF4F80F28582E06D2B
:1013B00020F00040B0F1FF4F80F27E82206E20F0DE
:1013C0000040B0F1FF4F80F27782606E20F0004065
:1013D000B0F1FF4F80F27082A06E20F00040B0F1BB
:1013E000FF4F80F26982E06E20F00040B0F1FF4FC5
:1013F00080F26282206F20F00040B0F1FF4F80F257
:101400005B82606F20F00040B0F1FF4F80F25482A9
:10141000A06F20F00040B0F1FF4F80F24D82E06FEE
:1014200020F00040B0F1FF4F80F24682D4F88000F7
:1014300020F00040B0F1FF4F80F23E82D4F88400EB
:1014400020F00040B0F1FF4F80F23682D4F88800DF
:1014500020F00040B0F1FF4F80F22E8240F2843045
:10146000002194ED248AC8F20000C4F230313246E3
:101470002B460AF027FC09F085FB00EE100AB4EEBB
:10148000C08AF1EE10FAC0F2178240F21450002127
:10149000C8F20000C4F2303132462B460AF012FC8A
:1014A00009F070FB00EE100AB4EEC08AF1EE10FAFB
:1014B00000F202820920002194ED258AC8F2000082
:1014C000C4F2303132462B460AF0FCFB09F05AFBDD
:1014D00000EE100AB4EEC08AF1EE10FA40F3EC818F
:1014E0000B200021C8F20000C4F2303132462B46F6
:1014F0000AF0E8FB09F046FB00EE100AB4EEC08AE1
:10150000F1EE10FA40F1D881002194ED2A8AC4F25C
:1015100030314FF0004032462B460AF0D3FB09F041
:1015200031FB00EE100AB4EEC08AF1EE10FA40F37F
:10153000C38118EE100A20F00040B0F1FF4F80F296
:10154000BB81002194ED2B8AC4F230314FF0004072
:1015500032462B460AF0B6FB09F014FB00EE100AE7
:10156000B4EEC08AF1EE10FA40F3A68118EE100A2C
:1015700020F00040B0F1FF4F80F29E81002194EDF9
:101580002C8AC4F230314FF0004032462B460AF02C
:1015900099FB09F0F7FA00EE100AB4EEC08AF1EEFA
:1015A00010FA40F3898118EE100A20F00040B0F1E3
:1015B000FF4F80F28181002194ED2D8AC4F23031F9
:1015C0004FF0004032462B460AF07CFB09F0DAFA75
:1015D00000EE100AB4EEC08AF1EE10FA40F36C810E
:1015E00018EE100A20F00040B0F1FF4F80F2648145
:1015F000002194ED3E8AC4F230314FF00040324673
:101600002B460AF05FFB09F0BDFA00EE100AB4EEBB
:10161000C08AF1EE10FA40F34F8118EE100A20F064
:101620000040B0F1FF4F80F24781002194ED3F8AE6
:10163000C4F230314FF0004032462B460AF042FBF4
:1016400009F0A0FA00EE100AB4EEC08AF1EE10FA2A
:1016500040F3328118EE100A20F00040B0F1FF4F45
:1016600080F22A81002194ED408AC4F230314FF09B
:10167000004032462B460AF025FB09F083FA00EEC3
:10168000100AB4EEC08AF1EE10FA40F3158118EE9C
:10169000100A20F00040B0F1FF4F80F20D810021D0
:1016A00094ED418AC4F230314FF0004032462B466F
:1016B0000AF008FB09F066FA00EE100AB4EEC08AE0
:1016C000F1EE10FAC0F2F88018EE100A20F0004097
:1016D000B0F1FF4F80F2F08094ED420A10EE100A54
:1016E00020F00040B0F1FF4F80F2E68094ED431A05
:1016F00011EE100A20F00040B0F1FF4F80F2DC80C4
:10170000B4EEC10AF1EE10FA40F1D68094ED448AAD
:1017100018EE100A20F00040B0F1FF4F80F2CC80AC
:101720000021C4F230314FF0004032462B460AF01F
:10173000C9FA09F027FA00EE100AB4EEC08AF1EEF9
:1017400010FAC0F2B980B7EE000AB4EEC08AF1EE2A
:1017500010FA00F2B180D4F8180144F62061401A62
:1017600045F20031C0F20701884200F2A58094EDF5
:10177000478A18EE100A20F00040B0F1FF4F80F2C7
:101780009B800021C4F230314FF0004032462B469E
:101790000AF098FA09F0F6F900EE100AB4EEC08AE1
:1017A000F1EE10FA40F388809FED460AB4EEC08A4D
:1017B000F1EE10FA00F28080002194ED459AC4F217
:1017C00030314FF0004032462B460AF07BFA09F0E8
:1017D000D9F900EE100AB4EEC09AF1EE10FA6BDD02
:1017E000B6EE008AB4EEC89AF1EE10FA64D8D4F8D6
:1017F000200142F6F821A0F57A7088425CD8D4F82E
:10180000240144F25061A0F5FA60884254D8D4F81B
:10181000280141F28731013888424DD894ED260ADB
:1018200010EE100A20F00040B0F1FF4F44DA94EDC2
:10183000271A11EE100A20F00040B0F1FF4F3BDAFA
:10184000D4F8A00020F00040B0F1FF4F34DA94ED5E
:10185000282A21EE011A20EE000A30EE010A22EEBB
:10186000021A31EE000A08F0A7FFB4EEC80AF1EE42
:1018700010FA21DD002194ED298AC4F230314FF0B5
:10188000004032462B460AF01DFA09F07BF900EEC3
:10189000100AB4EEC08AF1EE10FA0DDD18EE100A4F
:1018A00020F00040B0F1FF4F06DA04F1B80024A99F
:1018B0000422F4F7B9FD00E0002034B0BDEC048B45
:1018C00070BD00BFCDCCCC3D80B542F2A840C2F285
:1018D00000000078BFF35F8FC00704D04BF60450C0
:1018E000C2F2000080BD42F2A840C2F2000006F041
:1018F00057FC0028F2D0FCF7A3F942F2A840C2F24C
:10190000000006F063FCE9E72DE9F041EFF3108CED
:10191000EFF3108272B648F6C442C2F20002D2E976
:10192000003102F1100898E8E001C0E9003100F14F
:101930001001D2E902E4E0C1116AC0E902E4C0E9A1
:1019400007818CF31088BDE8F081000000000000E2
:101950002DE9F04F81B02DED108BE8B090F80C110F
:10196000012940F0BD8290F80D11012940F0B882A4
:1019700090ED00CA1CEE101A21F00041B1F1FF4FAA
:1019800080F2AE8290ED01BA1BEE101A21F00041F8
:10199000B1F1FF4F80F2A48290ED02AA1AEE101A64
:1019A00021F00041B1F1FF4F80F29A8290ED039A4D
:1019B00019EE101A21F00041B1F1FF4F80F2908230
:1019C00090ED048A18EE101A21F00041B1F1FF4F9A
:1019D00080F286829FED0C0B002155EC104B0746E0
:1019E000C4F230314FF0004022462B460AF06AF92B
:1019F00009F0C8F800EE100AB4EEC0CAF1EE10FA11
:101A000040F36E8206E000BF00000080000030431B
:101A1000000000000021C4F230314FF000402246A7
:101A20002B460AF04FF909F0ADF800EE100AB4EEBB
:101A3000C0BAF1EE10FAC0F253820021C4F2303184
:101A40004FF0004022462B460AF03CF909F09AF884
:101A500000EE100AB4EEC0AAF1EE10FAC0F2408215
:101A60000021C4F230314FF0004022462B460AF0EC
:101A700029F909F087F800EE100AB4EEC09AF1EEE9
:101A800010FAC0F22D820021C4F230314FF0004034
:101A900022462B460AF016F909F074F800EE100AF7
:101AA000B4EEC08AF1EE10FA40F31A8240F2000858
:101AB0004FF00009C4F23038384600EB090696EDC5
:101AC00005CA1CEE100A20F00040B0F1FF4F80F272
:101AD000078296ED06BA1BEE100A20F00040B0F126
:101AE000FF4F80F2FD8196ED07AA1AEE100A20F052
:101AF0000040B0F1FF4F80F2F38196ED089A19EEA5
:101B0000100A20F00040B0F1FF4F80F2E98196ED1D
:101B1000098A18EE100A20F00040B0F1FF4F80F261
:101B2000DF814FF00040414622462B460AF0CAF8BA
:101B300009F028F800EE100AB4EEC0CAF1EE10FA6F
:101B400040F3CE814FF00040414622462B460AF03A
:101B5000B9F809F017F800EE100AB4EEC0BAF1EEC9
:101B600010FAC0F2BD814FF00040414622462B469C
:101B70000AF0A8F809F006F800EE100AB4EEC0AAC0
:101B8000F1EE10FAC0F2AC814FF00040414622461F
:101B90002B460AF097F808F0F5FF00EE100AB4EEB5
:101BA000C09AF1EE10FAC0F29B814FF0004041461E
:101BB00022462B460AF086F808F0E4FF00EE100AF1
:101BC000B4EEC08AF1EE10FA40F38A8196ED14CAA1
:101BD0001CEE100A20F00040B0F1FF4F80F280812F
:101BE00096ED15BA1BEE100A20F00040B0F1FF4F41
:101BF00080F2768196ED16AA1AEE100A20F00040C7
:101C0000B0F1FF4F80F26C8196ED179A19EE100A31
:101C100020F00040B0F1FF4F80F2628196ED188A0B
:101C200018EE100A20F00040B0F1FF4F80F258810A
:101C30004FF00040414622462B460AF043F808F098
:101C4000A1FF00EE100AB4EEC0CAF1EE10FA40F3A4
:101C500047814FF00040414622462B460AF032F8B9
:101C600008F090FF00EE100AB4EEC0BAF1EE10FAE0
:101C7000C0F236814FF00040414622462B460AF022
:101C800021F808F07FFF00EE100AB4EEC0AAF1EED2
:101C900010FAC0F225814FF00040414622462B4603
:101CA0000AF010F808F06EFF00EE100AB4EEC09AC9
:101CB000F1EE10FAC0F214814FF000404146224686
:101CC0002B4609F0FFFF08F05DFF00EE100AB4EEAE
:101CD000C08AF1EE10FA40F3038109F11409B9F159
:101CE0003C0F38467FF4E9AE9DED580A9DED5A2A27
:101CF0008DED010A9DED590A9DED5B3A8DED000ACF
:101D000090ED230A9DED5C4A10EE100A9DED5D5AA0
:101D10009DED5E6A9DED5F7ADDED600ADDED611A95
:101D2000DDED622ADDED633ADDED644A20F000402E
:101D3000DDED655ADDED666ADDED677AB0F1FF4FE6
:101D400080F2AA801FEDCE8A0020B0EE489AB0EE55
:101D500048AAB0EE48BAB0EE48CAB0EE48DAB0EEE3
:101D600048EAB0EE48FAF0EE488AF0EE489AF0EE13
:101D700048AAF0EE48BAF0EE48CAF0EE48DAF0EEC3
:101D800048EAF0EE48FA391891ED241A11EE102ABB
:101D900022F00042B2F1FF4F7EDAD1F8942022F017
:101DA0000042B2F1FF4F77DAD1F8982022F00042DA
:101DB000B2F1FF4F70DA20EE002A32EE088A20EEF0
:101DC000012A32EE099A91ED252A91ED263A20EE6C
:101DD000024A34EE0AAA20EE034A34EE0BBA21EE90
:101DE000004A34EE0CCA21EE014A34EE0DDA21EE3F
:101DF000024A34EE0EEA21EE034A34EE0FFA22EEE6
:101E0000004A23EE000A74EE288A22EE014A70EEA0
:101E10002CCA23EE010A74EE299A22EE024A70EED1
:101E20002DDA23EE020A74EE2AAA22EE034A70EE9D
:101E30002EEA23EE030A103074EE2BBA802870EEDF
:101E40002FFA56D091ED270AB0EE4A2A10EE101A5A
:101E500021F00041B1F1FF4FB0EE4B3AB0EE4C4AE9
:101E6000B0EE4D5AB0EE4E6AB0EE4F7AF0EE680A20
:101E7000F0EE691AF0EE6A2AF0EE6B3AF0EE6C4A78
:101E8000F0EE6D5AF0EE6E6AF0EE6F7A8DED018A2B
:101E90008DED009AFFF677AF9DED010A8DED5A2A80
:101EA0008DED580A9DED000A8DED5B3A8DED590AD6
:101EB0008DED5C4A8DED5D5A8DED5E6A8DED5F7A3C
:101EC000CDED600ACDED611ACDED622ACDED633A1C
:101ED000CDED644ACDED655ACDED666ACDED677AFC
:101EE000002707F0010068B0BDEC108B01B0BDE821
:101EF000F08F0026C4F230364FF0004031462246C3
:101F00002B468DED588A8DED599A8DED5AAA8DED9F
:101F10005BBA8DED5CCA8DED5DDA8DED5EEA8DED1F
:101F20005FFACDED608ACDED619ACDED62AACDED7F
:101F300063BACDED64CACDED65DACDED66EACDEDDF
:101F400067FA09F0BFFE08F01DFE48904FF0004010
:101F5000314622462B4609F0B5FE08F013FE4990A3
:101F60004FF00040314622462B4609F0ABFE08F008
:101F700009FE4A904FF00040314622462B4609F0B8
:101F8000A1FE08F0FFFD4B904FF000403146224685
:101F90002B4609F097FE08F0F5FD4C904FF00040FD
:101FA000314622462B4609F08DFE08F0EBFD4D90A0
:101FB0004FF00040314622462B4609F083FE08F0E0
:101FC000E1FD4E904FF00040314622462B4609F08D
:101FD00079FE08F0D7FD4F904FF000403146224681
:101FE0002B4609F06FFE08F0CDFD50904FF00040F9
:101FF000314622462B4609F065FE08F0C3FD51909C
:102000004FF00040314622462B4609F05BFE08F0B7
:10201000B9FD52904FF00040314622462B4609F060
:1020200051FE08F0AFFD53904FF00040314622467C
:102030002B4609F047FE08F0A5FD54904FF00040F4
:10204000314622462B4609F03DFE08F09BFD559097
:102050004FF00040314622462B4609F033FE08F08F
:1020600091FD56904FF00040314622462B4609F034
:1020700029FE08F087FD9FEDB59A9FEDB5AA579010
:1020800000264FF0000B00270020019014E09DED8A
:10209000571A80EE010A8AED030A019800270228E8
:1020A0000BF1100B00F1010088BF01270436BBF1D2
:1020B000400F01903FF415AF58A800EB0B0999EDC4
:1020C000008A18EE100A20F00040B0F1FF4FBFF672
:1020D00008AF58A800EB060898ED000A012000217F
:1020E00038EE400AC8F20000C4F2303122462B46D6
:1020F000B0EEC0BA09F0E6FD08F044FD00EE100AAB
:10210000B0EEC81A30EE010A29EE000AB4EEC0BAE9
:10211000F1EE10FA3FF7E5AEBBF1000F04D09DEDF4
:10212000480A88EE000A09E0B4EECA8AF1EE10FA15
:102130007FF6D7AEB0EE480A08F03EFB48A800EBA9
:102140000B0ABBF1000F8AED000AA6D099ED018AB7
:1021500018EE100A20F00040B0F1FF4FBFF6C1AEFC
:1021600098ED040A0120002138EE400AC8F2000070
:10217000C4F2303122462B46B0EEC0BA09F0A2FDBF
:1021800008F000FD00EE100AB0EEC81A30EE010AA9
:1021900029EE000AB4EEC0BAF1EE10FA3FF7A1AE94
:1021A0009AED000A9DED4C1ABBF1100F20EE410A8A
:1021B00030EE080A10D110EE100A20F00040B0F105
:1021C000FF4FBFF68EAEB4EECA0AF1EE10FA7FF6FC
:1021D00088AE08F0F1FA03E09DED4D1A80EE010A99
:1021E000BBF1100F8AED010A3FF457AF99ED028A57
:1021F00018EE100A20F00040B0F1FF4FBFF671AEAC
:1022000098ED080A0120002138EE400AC8F20000CB
:10221000C4F2303122462B46B0EEC0BA09F052FD6E
:1022200008F0B0FC00EE100AB0EEC81A30EE010A59
:1022300029EE000AB4EEC0BAF1EE10FA3FF751AE43
:102240009AED000A9DED501A9DED512A20EE410AAB
:102250009AED011A30EE080A21EE421ABBF1200F66
:1022600031EE000A10D110EE100A20F00040B0F15B
:10227000FF4FBFF636AEB4EECA0AF1EE10FA7FF6A3
:1022800030AE08F099FA03E09DED521A80EE010A93
:10229000BBF1200F8AED020A3FF4FFAE99ED038AED
:1022A00018EE100A20F00040B0F1FF4FBFF619AE53
:1022B00098ED0C0A0120002138EE400AC8F2000017
:1022C000C4F2303122462B46B0EEC0BA09F0FAFC17
:1022D00008F058FC00EE100AB0EEC81A30EE010A01
:1022E00029EE000AB4EEC0BAF1EE10FA3FF7F9ADEC
:1022F0009AED000A9DED541A9DED552A20EE410AF3
:102300009AED011A9DED563A9AED024A30EE080A0E
:1023100021EE421A31EE000A24EE431ABBF1300FCF
:1023200031EE000A7FF4B3AE10EE100A20F0004048
:10233000B0F1FF4FBFF6D5ADB4EECA0AF1EE10FA18
:102340007FF6CFAD08F038FAA5E600BFACC5273759
:10235000CCBC8C2B70B5044608460E46DEF760FAFE
:102360000546204631462A46DEF779FA08B118E0DC
:1023700070BD61190A78202A13D80120DFE802F025
:102380001311111111111111111114111114111135
:10239000111111111111111111111111111111112D
:1023A00014000020E4E7E3E74A78202AF9D8012066
:1023B000DFE802F012111111111111111111131195
:1023C00011131111111111111111111111111111FB
:1023D000111111111300E4E7CAE78A78202AE0D826
:1023E0000120DFE802F01211111111111111111168
:1023F00013111113111111111111111111111111C9
:102400001111111111111300CBE7B1E7CA78202A7D
:102410003FF6C7AF0120DFE802F0121111111111D0
:102420001111111113111113111111111111111198
:10243000111111111111111111111300B1E797E7C9
:10244000043197E700000000CCB03EA8011D0DF15B
:10245000C409099109F1040112AF039100F11601B9
:102460001530059007F12000089007F11400049042
:1024700007F108009FED9CAB9FED9DBB9FED9ECBB0
:102480009FED9FDB9FEDA0EB4BF6680507F1040B7A
:1024900007F1100807904FF0000AC2F2000504246B
:1024A000002006911BE000BFA14657464CF2AC400D
:1024B0004BF66805C2F200004FF0000AC2F20005B8
:1024C0000424E7F79BFE4BF62C66C2F20006F0648C
:1024D000002005F093FEF06648460DF1C4090A900D
:1024E0004AF22010C2F20000D0F848043EA90122AE
:1024F00006F0A4FC012840F09481FEF75FFC04463E
:1025000038464421DEF797FA099B9DF8F8000ECB78
:1025100003288DF848008BE80E00CDE949AACDF8D4
:1025200020A100F27981DFE800F002F371870598BD
:1025300048A9EEF795FB4BF6B413C2F200039DEDEC
:10254000480A9DED491A9DED4A2A93ED333A93EDE1
:10255000344A93ED355A48F6E45630EE430A31EEEC
:10256000441A32EE452AC2F200064A98DDE94812C2
:1025700086ED000A86ED011A86ED022AC3E92912CA
:10258000C3F8AC0096E80700E83307C394ED003ABF
:1025900094ED014A94ED025A24EE014A23EE003AEA
:1025A00094ED036A94ED047A33EE043A25EE024A80
:1025B000D4ED050A34EE033A8DED163A27EE013AD2
:1025C00026EE004A34EE033A20EE824AD4ED061A93
:1025D000D4ED072A34EE033A8DED173A94ED083A1C
:1025E0003F984AF2A80122EE811A21EE800AC2F237
:1025F000000130EE010A23EE021A08604AF2AC0133
:1026000031EE000A0120C2F20001FBE0419DFEF71D
:10261000CFFB854208D1E8F7D1FA3F99401A40F63E
:10262000B9318842C0F01F824BF62C61C2F2000122
:10263000886901308861EFE048F6E456C2F200068E
:10264000069806F12401EEF7FBFF96ED090A4BF61A
:10265000B410C2F2000003F00FF996ED09FA1FEE74
:10266000100A20F00040B0F1FF4F80F2D58054EC0A
:102670001E6B4FF6D8700021C7F6FF70C4F23031E0
:102680003246234609F01EFB08F07CFA00EE100AE1
:10269000B4EEC0FAF1EE10FAC0F2BE80552000216F
:1026A000C8F20000C4F230313246234609F00AFB7A
:1026B00008F068FA00EE100AB4EEC0FAF1EE10FA73
:1026C00000F2AA804BF6B411C2F2000181ED3DFA8E
:1026D0003F9881ED2CFA48F6E051C2F20001086003
:1026E0009AE000BF00BF00BFB35DA10F963110C0DC
:1026F00060E5D022DB79EC3F630D17B9A72BEC3FE7
:10270000938C9C853DADF33F00000080000030437A
:102710004BF6B416C2F20006069806F1D80248A994
:10272000EEF7F2FB9DED480A9DED491A9DED4A2A10
:1027300096ED303A96ED314A96ED325A48F6E4532A
:10274000DDE9481230EE430A31EE441A32EE452AF2
:10275000C2F200034A9883ED030A83ED041A83ED65
:10276000052AC6E9261203F10C02C6F8A00007CA22
:1027700006F1DC0307C394ED003A94ED014A94EDB1
:10278000025A94ED036A94ED047A24EE014A23EE92
:10279000003AD4ED050A33EE043A25EE024A34EE4F
:1027A000033A27EE014A26EE005AD4ED061AD4ED7C
:1027B000072A35EE044A20EE825A35EE044A94ED9B
:1027C000085A22EE811A21EE800A30EE010A25EE27
:1027D000021A94ED122A3F9848F64851C2F20001BD
:1027E00031EE000A23EE021A086048F64C518DEDD6
:1027F000161A24EE021A20EE020A0120C2F200018B
:102800008DED171A8DED180A087048F61860C2F29F
:1028100000003946FBF71CFF4BF66805C2F20005C5
:102820000424E8F7CBF90646F3F7F8F948F6E05048
:10283000C2F20000006848F2A161301AC0F2010142
:1028400088420B960DD34CF61030C2F2000000689F
:102850004BF62C61C0F834A0C2F20001086A0130C6
:102860000862D5F818014946002206F0E7FA48F652
:1028700018660128C2F200063BD100BFDDE9310134
:10288000CDF848A0CBF80000C8F800003398CBF88A
:102890000410C8F804103499CBF80800C8F80800F0
:1028A0003598C8F80C103699C8F810003798C8F851
:1028B00014103899C8F818003998C8F81C103A99BB
:1028C000C8F820003B98C8F824103C99C8F82800A4
:1028D0003D988DF84840C8E90B1030463946FBF763
:1028E000B7FED5F818014946002206F0A7FA0128DC
:1028F000C4D00B9C304621460822FBF703FE311D55
:102900003846224604F02CF94BF2CC60C2F20000AB
:1029100039465422DEF733F83846314604F04CFB92
:102920004BF2BC50C2F2000039464422DEF727F8D1
:102930003846BA46FEF7E8FF12AFCFCF4BF6881401
:10294000C2F20004DDE9185C84E8CF001A98A561A2
:10295000C4E907C048A801F073F94898002800F0BE
:102960007F800A9CA0423FF49FAD07987421DEF758
:1029700062F8DDE948904BF2CC61CDE912900898FD
:10298000C2F200015422DDF7FAFF57461CB1A9EB51
:102990000400012850D14AF2AC00C2F200000078D5
:1029A000012849D148F64C50C2F2000000780128B5
:1029B00042D14AF2A800C2F2000000680B99081A3E
:1029C00040F6B831884237D848F64850C2F2000085
:1029D00000680B9940F6B832081A40F6B9318842BF
:1029E0004FF0000138BF012190428DF8C01023D86C
:1029F000002153EC1E2B4FF00040C4F2303109F09F
:102A000061F908F0BFF824AA07CACDE914214BF2F6
:102A1000CC62C2F200021C322D9B169007CA049CA5
:102A200084E8070003F011001138B0FA80F04FEA93
:102A300050108DF8C00002D0062000F08FFBE8F7A0
:102A4000BDF84BF20461C2F20001D1F8C4102F901E
:102A5000084639460022022305F0D4FF26E500BFD0
:102A6000DDF8289021E54CF2AC46C2F20006304673
:102A70004FF4FA61CDF81BA1CDF818A1E7F794FB4C
:102A800046A800900720019030461C210222012315
:102A900001260296E7F7D6FB002840F0A0809DF8BB
:102AA0001801C00700F09B80419DFEF781F9854227
:102AB00040F0958046A84946CDE933AACDE931AA30
:102AC000EDF75EFE9FED4A0B51EC100B08F05AF843
:102AD0009FED490B0FEE100A51EC100B08F052F865
:102AE0000FEE900A51EC1A0B08F04CF808EE100AA1
:102AF00051EC1B0B08F046F808EE900A51EC1C0B49
:102B000008F040F809EE100A51EC1D0B08F03AF8F5
:102B10009DED321A9DED332A9DED343A039A4BF622
:102B2000B41300EE100A31EE4F1A32EE6F2A33EE74
:102B3000483A48F6E45607CAC2F2000321EE281AC2
:102B400022EE092A23EE000AC2F2000603F1B40CB9
:102B500086ED061A86ED072A86ED080A8CE807003E
:102B600006F1180207CAF83307C394ED093A94ED49
:102B70000A4A94ED0B5A24EE024A23EE013A94EDF0
:102B80000C6A94ED0D7A33EE043A25EE004AD4ED4A
:102B90000E0A34EE033A8DED163A27EE023A26EE8F
:102BA000014A34EE033A20EE804AD4ED0F1AD4EDF8
:102BB000102A34EE033A8DED173A94ED113A22EED5
:102BC000822A21EE811A31EE021A23EE000A30EE3B
:102BD000010A8DED180AE7F7F1FF149015E64BF6A0
:102BE0002C61C2F20001C8690130C86114E600BF5F
:102BF0008ECBB8A981D62040615111A7930835C06A
:102C000010B505F0A3FB40F21050C2F200000468BA
:102C100005F0BEFB204610BDADF52E7DE7F7CEFFDB
:102C20004BF2C071C2F200010860E7F7FDFE4AF204
:102C3000B800C2F20000012101604CF648504AF28F
:102C4000BC01C2F20000C2F200016422E5F780FD7F
:102C500038B14DF2C110C0F6020040F20111E7F7A1
:102C60009BFC4CF6C820C2F20000016800224A62B8
:102C70006FF001020A61E5F7D7F838B14DF2C110E3
:102C8000C0F602004FF48271E7F786FC00208DF851
:102C9000F7017C901DA800F1100130300E9051A872
:102CA00014300C900FF2A040079141680DF1C80953
:102CB0000B9181684BF62C670A91C16800694BF251
:102CC000046809F12004C2F200070DF5CA7B7EAD4D
:102CD000C2F20008099108900D940EE03E66E7F7F5
:102CE0006DFF00F0F3FB786E7EAD86424FF0000082
:102CF00088BF7E6605F082FAB86601204FF0FF318A
:102D000005F01AFA06467AA800F09AFF022E06D3BA
:102D1000F86A30440138F862072000F01FFA0DF21B
:102D2000F7107CA900F0E2FB58465421DDF783FE42
:102D300028465021DDF77FFE4BF2BC70C2F2000046
:102D4000006828BB4BF2C470C2F20000D0F89C00AF
:102D500059460A22002305F055FE012812D14BF2F4
:102D60002070C2F20000D0F8980029460A2206F02E
:102D700065F8012806D151A829465022DDF7FFFD4C
:102D80000AE000BF786801307860032001F0FCF9A8
:102D900051A85021DDF74FFE48467C21DDF74BFE60
:102DA00006F0A8FB064600BF06F0A4FB811B07291E
:102DB00010D8D8F8C400C1F10802494606F03EF820
:102DC000012807D132987A99401AEDD49DF84051E4
:102DD00001E000BF0025E7F7F1FE4BF6B011C2F2AB
:102DE0000001D1F800B082460BF50F602146542255
:102DF000DDF7C5FD40F26020C2F2000090F8080245
:102E00000F95012862D14BF2BC70C2F2000000683D
:102E100000285BD14BF6B410C2F2000090F85900C4
:102E2000002853D19DF890012840C0074ED07EA8BD
:102E3000594603F02BFE9DF8092220465146FDF726
:102E4000E7F9002842D01DA85421DDF7F4FD012048
:102E50008DF87400FFF7D4FE4BF6AC111E9040F2D3
:102E60004A60C2F20001CDE92100CDE92300CDE99D
:102E700025002790096828900E9804F0B7F89DF86F
:102E8000F7010DF5CA7B012814D17C9800F00CFAEB
:102E900080B100208DF8F701AB4811217E900B988E
:102EA0007F900A98809009988190089882907EA8D7
:102EB000E7F7E6FD1E98E7F703FC002800F008811D
:102EC0004BF62C670126C2F2000731E04BF6B41036
:102ED000C2F2000090F8590000284FF00B0008BF24
:102EE000062000F03BF900261DA854218DF8F7615B
:102EF000DDF7A1FD01208DF87400FFF781FE4BF690
:102F0000AC111E9040F24A60C2F20001CDE92100EE
:102F1000CDE92300CDE925002790096828900E9877
:102F200004F064F84BF62C67C2F200070DF5CA7B7B
:102F30001E987EADE7F7C4FB40B1386D01303865AF
:102F400048F65050C2F20000FBF7EAFC2846502138
:102F5000DDF771FD4BF2BC70C2F20000006818BBD7
:102F60004BF2C470C2F20000D0F89C001DA90A22E6
:102F7000002305F047FD012810D14BF22070C2F26A
:102F80000000D0F8980029460A2205F057FF0128D2
:102F900004D19DF84402C00706D008E078680130EB
:102FA0007860032001F0F0F8052001F0EDF848F614
:102FB0004050C2F200000068016849688847B86A5A
:102FC0000130B862E7F7FAFD7B99A0EB010A41F600
:102FD0000A20824509D3F86D0130F865072000F01A
:102FE000BDF80120002105F0A7F8E7F7E7FD40F262
:102FF0001451C2F20001097801294FD14BF6146136
:10300000C2F20001096848F2A062411AC0F201024E
:10301000914243D34BF61461C2F20001086040F2C2
:103020001851C2F20001096846B14BF2BC76C2F2F7
:1030300000063268B2FA82F2520904E04BF2BC7622
:103040000022C2F2000640F260234BF61865C2F27D
:103050000003C2F20005002993F80832366818BF51
:1030600001212C88002E04F1010418BF01262C80B8
:103070000C9DA4B2CDE9005002A84EC00F987EADC1
:103080000D9A00F001032846C0210694FDF72AFCA2
:1030900018B181B22846E7F7F3FC0D9CE7F78EFDE7
:1030A0007B9941F609229245A0EB01063FF616AE48
:1030B00041F60A208642FFF411AEF86D0130F86542
:1030C000072000F04BF80120002105F035F805E657
:1030D00001204BF6B0118DF880007B98C2F2000100
:1030E000096810AD1F90284603F0D0FC48F65051F7
:1030F0007EA8C2F2000122462B46CDF800A0FBF7C5
:1031000037FC9DF81802012811D1DDE97EA180AFBE
:103110000DF5037E07988CCF9EE84050C0E900A1D2
:1031200000F1080114308CC180E8405005E008200F
:1031300000F014F800208DF880004BF62C67C2F2E6
:1031400000070126F4E600BF4354524C3D41524D66
:1031500045442045534B460D0A00000010B5044677
:1031600005F0F4F84BF2BC70C2F2000000680028D1
:1031700040F21850C2F200000CD1016800294BF651
:103180002C61C2F2000104D0CA68002A08BFCC60DA
:1031900000E0CC60016871B9012101604BF2E410DC
:1031A000C2F200000021016040F21050C2F20000A3
:1031B0000168013101600020E7F734FCBDE81040F0
:1031C00005F0E6B8ACB04BF2C4794BF2207B4CF280
:1031D00058474BF62C664DF26C280020C2F20009CD
:1031E00015AC01AD0DF1A80AC2F2000BC2F2000746
:1031F000C2F20006C0F60208CDE92A0015E000BFC1
:1032000028462146524600F02FFDDBF8980029465B
:103210004FF0FF32002305F0F5FB3846E6F7EEFFEE
:10322000B064002004F0EAFF3067D9F89C00214622
:103230004FF0FF3205F002FE0128E1D04046732135
:10324000E7F7AAF9DCE7000080B582B00029014663
:1032500019D04AF22010C2F200000022D0F848042F
:10326000019201AA002305F0FDFC0199A9B14EF6D7
:103270000451CEF200014FF080520A60BFF34F8F2D
:10328000BFF36F8F09E04AF22010C2F20000D0F8BD
:1032900048040022002305F0B5FB0138B0FA80F0A5
:1032A000400902B080BD000010B5044605F04EF89C
:1032B00040F21050C2F20000006884420BD14BF281
:1032C000E410C2F20000006828B14BF2BC70C2F2F8
:1032D0000000006820B1002405F05AF8204610BD17
:1032E0004BF66400C2F2000000680028F3D0E7F754
:1032F00065FC4AF26C51C2F200010968401A4AF2B8
:103300001F11C0F207018842E5D840F26020C2F2E6
:10331000000090F8080200240128DDD140F2185086
:10332000C2F20000046001200124E7F77BFBD3E731
:10333000B2B00DF106084AF270594CF648574BF6F8
:103340002C6408F10205C2F200096E46C2F20007C1
:10335000C2F200040AE000BF3846E5F721FB606CCA
:1033600001306064002004F049FF6067D9F8680C00
:1033700041464FF0FF3205F061FD00BF00204FF0E5
:10338000FF313246002306F073F90128F6D0BDF86C
:10339000062038462946E6F7A1F80028DCD10020AF
:1033A0004FF0FF3132461E2306F062F90128D3D1D7
:1033B00000980128D6D0CFE710B5EFF31084EFF3D3
:1033C000108272B640F21852C2F20002136873B94A
:1033D000012313604BF2E412C2F2000200231360D7
:1033E00040F21052C2F200021368013313604BF234
:1033F000BC72C2F2000213680BB131B910E04BF697
:103400002C63C2F20003D86051B1106840B90120AA
:1034100010604BF62C60C2F20000816801318160BF
:103420000020E7F7FFFA84F3108810BDB0B5EFF382
:103430001084EFF3108172B640F21851C2F200010D
:103440000A6812B184F31088B0BD4BF66402C2F270
:10345000000212685AB14AF26C52C2F200021268BB
:10346000801A4AF22012C0F207029042EAD34BF6C9
:103470002C60C2F20000026801320260EFF3108596
:10348000EFF3108272B60A6872B901220A604BF239
:10349000E411C2F2000100220A6040F21051C2F2AF
:1034A00000010A6801320A604BF2BC71C2F20001ED
:1034B0000968002904BF0121C1600020E7F7B2FAC2
:1034C00085F3108884F31088B0BD00004BF2C07102
:1034D000C2F2000108604BF2BC70C2F2000000684A
:1034E000002818BF7047E7F797BA00002DE9F04FA2
:1034F000DFB00F910646FFF783FB40F2D471C2F2B2
:10350000000109684BF6B0158842C2F200050ED0E2
:10351000044605F0D5F82868EEF742FA06F038F9C7
:1035200040F2D470C2F200000460002030704AF211
:103530001F18C0F20708E7F741FBFFF777FF307865
:103540004AF26C590128C2F2000908D1E7F736FBAC
:10355000D9F80010401A404584BF0020307043A8BD
:1035600000F10A070F3040F63474109008F10100A2
:10357000C2F200044FF0000B11900FE04BF2BC7050
:10358000C2F2000000685446002800F07E8000BFB0
:103590000BF1010BBBF1080F00F0F4824BF2EC10C1
:1035A000C2F20000D0F8C80343A9002205F046FC8F
:1035B000012840F0E782A246FFF722FB40F2D471D7
:1035C000C2F20001096888420ED0044605F078F87E
:1035D0002868EEF7E5F906F0DBF840F2D470C2F2A5
:1035E0000000046000203070BDF81441022C07D1A7
:1035F00038460FF298510222DDF7E6F80028BDD0D8
:1036000038460FF28C51FEF7A5FE58B140F2145126
:103610000120C2F2000108704DF242001821C0F6EC
:1036200002002EE038460FF27051FEF793FE68B9A3
:103630004DF296113846C0F60201FEF78BFE28B90E
:1036400038460FF26051FEF785FEA0B34DF2961199
:103650003846C0F60201FEF77DFE40F21451C2F278
:103660000001087000284DF237004DF24201C0F60B
:103670000200C0F6020118BF08464FF00A0118BF49
:103680001821E7F7FDF9544682E7E7F797FA4499DE
:10369000401A11998842BFF47BAF04F057FE44985A
:1036A0000121C9F800004BF66400C2F2000001607D
:1036B00004F06EFE6CE738460FF2F4410322DDF7AA
:1036C00083F800284CD038460FF2E841FEF742FE5E
:1036D000002859D04BF62C640E96C2F20004206EDE
:1036E0004BF6B4150D90606EC2F200050A904BF2D5
:1036F000BC50C2F20000D4F85C90D4F83880A66CBC
:103700000169C0690B910C90D5F8F40008F0DEFD5A
:1037100041EC100B95F85900E168CDE90286CDE93E
:1037200008010A984DF20E12CDE900090B98DDE967
:103730000C63049012A8C021C0F602028DED060BA6
:103740000596DCF7A7FE411EBE2903D881B212A858
:10375000E7F796F90E9E4BF6B015C2F2000531E17F
:1037600038460FF2D441FEF7F5FD0028544646D006
:1037700040F64B50C0F20A00139044F24620C4F6C3
:103780003D701290072051E038460FF23041FEF7AD
:10379000E1FD00284FD040F26020C2F2000090F816
:1037A00008E2BEF1010F40F0D2804BF2BC70C2F2D1
:1037B0000000006800284FF0000040F0C9804BF680
:1037C000B411C2F2000191F85920002A40F0C080E3
:1037D000286800F50F69E7F7F1F92968044612A88F
:1037E00003F054F99DF8592048462146FCF710FD96
:1037F00040F26021C2F2000191F808E2A8E04BF625
:103800002C61C2F2000148694DF25B0201304DF2B9
:103810006223486112A86021C0F60202C0F60203CA
:10382000DCF738FE411E5E293FF6B2AE81B212A827
:10383000E7F726F9ACE6032C6ED19DF816014F2868
:103840006AD19DF81701462866D19DF818014628CF
:1038500062D13846DFA10522DCF7B6FF002800F070
:10386000BA803846FCF73AFD002800F0C7800E9673
:10387000BDF814619DF816419DF81791032E08BFFD
:103880004F2C09D1B9F1460F06D19DF818014628F1
:1038900002D10E98002101703846D4A10322DCF732
:1038A00093FF20B1388844F64F61884212D13846E0
:1038B0003146F8F78FFA0E9E4AF26C590028C2F290
:1038C000000954463FF464AEBDF814619DF81641FA
:1038D0009DF81791022EC0F0A080432C40F09D80EF
:1038E000B9F1410F40F099800A20FFF737FCCB482F
:1038F000CAA4261D12904FCEAC46A5690DF14C0E00
:103900008EE84F0012A8182118956546E7F7B8F819
:103910000E9E0020307059E0439CFFF771F98442FD
:1039200005D1E7F74BF94499401A404591D94DF23A
:103930005B0212A86021C0F60202A2A3DCF7AAFD76
:10394000411E5E293FF69FAE81B212A899E6002083
:1039500040F21851C2F200010B682A684BF2BC71A8
:10396000C2F20001A846D2F83C9992F840290D68AD
:103970004BF62C61C2F20001002B18BF0123CC686A
:1039800040F26021C2F20001D1E978C1002D18BFD8
:103990000125CDE902924DF2B202CDE9000E069169
:1039A00012A8C021C0F60202CDE90454CDF81CC013
:1039B000DCF770FD411EBE2903D881B212A8E7F7DB
:1039C0005FF845464AF21F18C0F207084AF26C59E0
:1039D000C2F2000957E628681099EEF759F9002855
:1039E00054467FF4C5AE4DF25B024DF2B21312A8FD
:1039F0006021C0F60202C0F6020311E74DF25B023D
:103A000012A86021C0F6020274A3DCF743FD411E38
:103A10005E2954463FF6BCAD08E738463146F8F714
:103A2000D9F94AF26C594AF2B0040028C2F20009EE
:103A3000C2F2000469D02646439CFFF7E1F88442B5
:103A400013D14BF2BC70C2F20000006868B940F2BA
:103A50006020C2F2000090F80802012805D1E7F7C3
:103A6000ADF84499401A404527D94CF63430C0F699
:103A70000200AE46D0E90554D0E900C100F10806C5
:103A80000D94C4694CCE0C94CDE912C114A94CC15B
:103A9000D0E9084100F128060C984CCE19900D98F9
:103AA000CDE91A41189012A8302117957546CDE935
:103AB0001C231E96E6F7E4FF46E0286800F50F6930
:103AC000E7F77CF82968044612A802F0DFFF9DF8AA
:103AD000592048462146FCF79BFBB8B304F036FC5E
:103AE00044984AF26C59C2F20009C9F800004BF63A
:103AF0006400C2F200000124046004F049FC0E9945
:103B000043980C700F993446086004F0D9FD206882
:103B1000A0B126460024504639466422DCF7EAFE6E
:103B200048F64450C2F20000006850F824000168D2
:103B300089688847306801348442ECD35046642158
:103B4000DCF757FF05F024FE0E9E9CE5284828A4CC
:103B500004F1040E12909EE84F50A946256A139076
:103B60001491D4E9090115921C91CDE91A5012A8BB
:103B70002921169317964D46CDE918CEE6F780FF1A
:103B80000E9E23E700205FB0BDE8F08F48420000A2
:103B9000464C4F473A4F4E00464C4F473A4F4646E9
:103BA00000000000564F46413A4F464600000000D4
:103BB00046423A00444941470000000053544154F2
:103BC000000000007374616C655F636F6D6D616E02
:103BD00064000000465345543A000000696E766167
:103BE0006C69645F636F6D6D616E64005445530072
:103BF0004354524C3D52454A4543542066656564E2
:103C00006261636B5F6E6F745F726561647920558A
:103C100053455F535441540D0A00000043414C3D4D
:103C2000524553544152545F41545F53555246419B
:103C300043450D0A0000000046423A45534B4600FA
:103C400010B5044604F082FB4BF684104BF2B851D9
:103C5000C2F20000C2F2000100680968C4E9000174
:103C600004F096FB10BD00002DE9F04F8FB089469F
:103C7000502115460446DCF7DEFE99F8000041F2BB
:103C8000883102284CF25840C2F2000004BF41F2D1
:103C90000021C0F27A01E6F787FA99F800000228BD
:103CA00031D0002840F0BD8040F26026C2F200060C
:103CB0003046F1F7D5FE4BF61C62C2F20002716C81
:103CC0001068814215D04BF66800C2F20000D0F8AF
:103CD0001801116006F13C010022002304F092FE5D
:103CE000012806D04BF62C60C2F2000001690131B8
:103CF0000161D6F88C006968884241D06860E6F7B7
:103D00005DFF28603CE040F26026C2F2000696F8B3
:103D1000A001002800F0918196F8A101002800F090
:103D20008C8196F8A201002800F0878196F8A30103
:103D3000002800F08281D6F8342206F50A730BCBF6
:103D40000C9209AA0BC2012086F8A4023046F1F7B2
:103D500003FF0020316F86F8380086F87400C6F83B
:103D6000A8024CF258400131C2F200003167E6F778
:103D70001DFB28B909AB0FCB06F50A7C8CE80F00B8
:103D800040F26020C2F20000D0E927122160D0F892
:103D9000A4106260D0F8A820A160D0F8AC10E26056
:103DA000C26B2161016C6261426CA161816CE26154
:103DB000C26C2162016D6262426DA162816DE2623C
:103DC000C26D2163016E6263426EA163816EC4E9BC
:103DD0000F21C16E2A68616490F8A011A2640029C5
:103DE0004FF000010BD090F8A12142B190F8A22130
:103DF0002AB190F8A321002A18BF90F8741001F09E
:103E0000010084F84D004CF25840C2F20000E6F781
:103E1000CDFA002818BF012084F84C000FB0BDE88F
:103E2000F08F0420EBF71CFE99F80C0001280BD151
:103E3000E6F7C4FED9F80810401A41F60A21884274
:103E400002D30720FFF78AF999F80C00019550B1C9
:103E5000D9F80400E6F734FC00210E910D9128B941
:103E6000D9F8102005E000200E900D9040F24A6233
:103E700001214FF4FA60B2F5FA6FB8BF104642F272
:103E8000107E48F6AD3B0EEB0030C6F6DB0BA0FB18
:103E90000B03580B0792B2F57A7FB8BFCD2008907C
:103EA000D9F8142000294FF4FA6018BF40F24A6292
:103EB000B2F5FA6FB8BF10460EEB0030A0FB0B0353
:103EC0004FEA5338B2F57A7FD9F818000692B8BF96
:103ED0004FF0CD0800294FF4FA6318BF40F24A6052
:103EE000B0F5FA6FB8BF03460EEB0333A3FB0B37F5
:103EF0007D0BB0F57A7FD9F81C200590B8BFCD2591
:103F000000294FF4FA6318BF40F24A62B2F5FA6F23
:103F1000B8BF13460EEB0333A3FB0B377F0BB2F591
:103F20007A7FD9F820000492B8BFCD2700294FF43A
:103F3000FA6318BF40F24A60B0F5FA6FB8BF0346A3
:103F40000EEB0333A3FB0B32530BB0F57A7F0390D8
:103F5000B8BFCD23D9F8246000294FF4FA6218BF06
:103F600040F24A66B6F5FA6FB8BF32460EEB02323F
:103F7000A2FB0B204FEA503CB6F57A7F0296B8BF01
:103F80004FF0CD0CD9F8286000294FF4FA6018BF23
:103F900040F24A66B6F5FA6FB8BF30460EEB003015
:103FA000A0FB0B02500BB6F57A7FB8BFCD20D9F835
:103FB0002CA000294FF4FA6118BF40F24A6ABAF502
:103FC000FA6FB8BF51460EEB0131A1FB0B120899F5
:103FD000ADF83000ADF8241099F85010500BBAF538
:103FE0007A7FADF82680ADF82850ADF82A70ADF88C
:103FF0002C30ADF82EC0B8BFCD20ADF83200E1B105
:10400000D9F83020A2F10C0010F1040F15D3D9F823
:1040100040006FF4FA63A0F6C51199420DD3000376
:10402000A0FB0B01D9F834004B0BA0F10C0111F1EE
:10403000040F09A921F8123002D20FB0BDE8F08FA9
:10404000012707FA02FC874017EA0C0FF5D1D9F8CF
:1040500044206FF4FA63A2F6C5159D42EDD3120316
:10406000A2FB0B23D9F838205B0BA2F10C0515F14C
:10407000040F21F81030E0D301234CEA070C03FAB7
:1040800002F717EA0C0FD8D1D9F848306FF4FA606C
:10409000A3F6C5158542D0D31803D9F83C30A0FB50
:1040A0000B05680BA3F10C0515F1040F21F81200A4
:1040B000C3D34CEA0700D840C007BED1D9F84C00A2
:1040C0006FF4FA67A0F6C512BA42B6D30003A0FB9C
:1040D0000B02500B21F8130000200C22EBF774FCAC
:1040E0000028AAD00799069A40F24A60414042400F
:1040F0001143059A42401143049A42401143039AE6
:1041000042401143029A4240114386EA00021143A1
:1041100080EA0A00084399F80C10B0FA80F00129EF
:104120004FEA50150BD1E6F749FDD9F80810401AAF
:1041300041F60A21884202D30720FFF70FF8A5B9FC
:10414000D9F80400E6F7BCFAE0B140F24A10C0F238
:104150004A1009900A900B900C9009A9002008229F
:10416000EBF732FC00283FF468AF4CF25840C2F243
:104170000000E6F71BF928B14BF2E410C2F2000090
:1041800001210160019DFBE510B5EFF31084EFF311
:10419000108172B640F21851C2F200010A6872B979
:1041A00001220A604BF2E411C2F2000100220A600F
:1041B00040F21051C2F200010A6801320A604BF26B
:1041C000BC71C2F200010A6822B94BF62C62C2F23D
:1041D0000002D060086840B9012008604BF62C60EE
:1041E000C2F200008168013181600020E6F71AFC0C
:1041F00084F3108810BD00002DE9F041ADF58C6D01
:104200009FEDF90B002755EC106BC4F230370446D4
:104210004FF00040394632462B4607F053FD06F07A
:10422000B1FCC4F8B4004FF00040394632462B468A
:1042300007F048FD06F0A6FC4FF00008C4E92E0880
:104240004FF00040394632462B46C4E93088C4F866
:10425000C88007F037FD06F095FCC4F8CC004FF09D
:104260000040394632462B4607F02CFD06F08AFC0A
:10427000C4F8D0004FF00040394632462B4607F0D4
:1042800021FD06F07FFCC4F8D4004FF00040394611
:1042900032462B4607F016FD06F074FCC4F8D80031
:1042A0004FF00040394632462B4607F00BFD06F032
:1042B00069FCC4F8DC004FF00040394632462B461A
:1042C00007F000FD06F05EFCC4F8E0004FF000408F
:1042D000394632462B4607F0F5FC06F053FCC4F88D
:1042E000E4004FF00040394632462B4607F0EAFC26
:1042F00006F048FCC4F8E8004FF00040394632466A
:104300002B4607F0DFFC06F03DFCC4F8EC004FF054
:104310000040394632462B4607F0D4FC06F032FC0A
:10432000C4F8F0004FF00040394632462B4607F003
:10433000C9FC06F027FCC4F8F4004FF000403946F1
:1043400032462B4607F0BEFC06F01CFCC4F8F80011
:104350004FF00040394632462B4607F0B3FC06F0DA
:1043600011FCC4F8FC004FF00040394632462B46A1
:1043700007F0A8FC06F006FCC4E940084FF0004036
:10438000394632462B46C4E94288C4F8108107F00A
:1043900099FC06F0F7FBC4F814014FF000403946D1
:1043A00032462B4607F08EFC06F0ECFBC4F81801F1
:1043B0004FF00040394632462B4607F083FC06F0AA
:1043C000E1FBC4F81C014FF00040394632462B4651
:1043D00007F078FC06F0D6FBC4F820014FF000404F
:1043E000394632462B4607F06DFC06F0CBFBC4F88D
:1043F00024014FF00040394632462B4607F062FC5C
:1044000006F0C0FBC4F828014FF0004039463246A0
:104410002B4607F057FC06F0B5FBC4F82C014FF013
:104420000040394632462B4607F04CFC06F0AAFB0A
:10443000C4F830014FF00040394632462B4607F0B1
:1044400041FC06F09FFBC4F834014FF000403946B0
:1044500032462B4607F036FC06F094FBC4F83801D0
:104460004FF00040394632462B4607F02BFC06F051
:1044700089FBC4F83C014FF00040394632462B46D8
:1044800007F020FC06F07EFBC4F840014FF000402E
:10449000394632462B4607F015FC06F073FBC4F88C
:1044A00044014FF00040394632462B4607F00AFCE3
:1044B00006F068FBC4E952084FF000403946324626
:1044C0002B46C4E95488C4F8588107F0FBFB06F07A
:1044D00059FBC4F85C014FF00040394632462B4688
:1044E00007F0F0FB06F04EFBC4F860014FF000400F
:1044F000394632462B4607F0E5FB06F043FBC4F88D
:1045000064014FF00040394632462B4607F0DAFB93
:1045100006F038FBC4F868014FF0004039463246D7
:104520002B4607F0CFFB06F02DFBC4F86C014FF0D3
:104530000040394632462B4607F0C4FB06F022FB0A
:10454000C4F870014FF00040394632462B4607F060
:10455000B9FB06F017FBC4F874014FF00040394670
:1045600032462B4607F0AEFB06F00CFBC4F8780190
:104570004FF00040394632462B4607F0A3FB06F0C9
:1045800001FBC4F87C014FF00040394632462B460F
:1045900007F098FB06F0F6FAC4F880014FF00040EF
:1045A000394632462B4607F08DFB06F0EBFAC4F88D
:1045B00084014FF00040394632462B4607F082FB1B
:1045C00006F0E0FAC4F888014FF000403946324660
:1045D0002B4607F077FB06F0D5FAC4F88C014FF0B4
:1045E0000040394600F004B800000080000030436D
:1045F00032462B4607F066FB06F0C4FAC4E96408AD
:1046000000F000B84FF00040394632462B46C4E96E
:104610006688C4F8A08107F055FB06F0B3FAC4F829
:10462000A4014FF00040394632462B4607F04AFBC2
:1046300006F0A8FAC4F8A8014FF000403946324607
:104640002B4607F03FFB06F09DFAC4F8AC014FF093
:104650000040394632462B4607F034FB06F092FA0A
:10466000C4F8B0014FF00040394632462B4607F0FF
:1046700029FB06F087FAC4F8B4014FF00040394630
:1046800032462B4607F01EFB06F07CFAC4F8B80150
:104690004FF00040394632462B4607F013FB06F038
:1046A00071FAC4F8BC014FF00040394632462B463F
:1046B00007F008FB06F066FAC4F8C0014FF00040AE
:1046C000394632462B4607F0FDFA06F05BFAC4F88D
:1046D000C4014FF00040394632462B4607F0F2FA4B
:1046E00006F050FAC4F8C8014FF00040394632468F
:1046F0002B4607F0E7FA06F045FAC4F8CC014FF074
:104700000040394632462B4607F0DCFA06F03AFA0A
:10471000C4F8D0014FF00040394632462B4607F02E
:10472000D1FA06F02FFAC4F8D4014FF00040394610
:1047300032462B4607F0C6FA06F024FAC4E976089A
:104740004FF00040394632462B46C4E97888C4F819
:10475000E88107F0B7FA06F015FAC4F8EC014FF05B
:104760000040394632462B4607F0ACFA06F00AFA0A
:10477000C4F8F0014FF00040394632462B4607F0AE
:10478000A1FA06F0FFF9C4F8F4014FF000403946F1
:1047900032462B4607F096FA06F0F4F9C4F8F80111
:1047A0004FF00040394632462B4607F08BFA06F0B0
:1047B000E9F9C4F8FC014FF00040394632462B4677
:1047C00007F080FA06F0DEF9C4F800024FF000406E
:1047D000394632462B4607F075FA06F0D3F9C4F88D
:1047E00004024FF00040394632462B4607F06AFA81
:1047F00006F0C8F9C4F808024FF0004039463246C6
:104800002B4607F05FFA06F0BDF9C4F80C024FF032
:104810000040394632462B4607F054FA06F0B2F90A
:10482000C4F810024FF00040394632462B4607F0DC
:1048300049FA06F0A7F9C4F814024FF000403946CF
:1048400032462B4607F03EFA06F09CF9C4F81802EF
:104850004FF00040394632462B4607F033FA06F057
:1048600091F9C4F81C024FF00040394632462B46FD
:1048700007F028FA06F086F9C4E988084FF00040EE
:10488000394632462B46C4E98A88C4F8308207F09C
:1048900019FA06F077F9C4F834024FF000403946AF
:1048A00032462B4607F00EFA06F06CF9C4F83802CF
:1048B0004FF00040394632462B4607F003FA06F027
:1048C00061F9C4F83C024FF00040394632462B46AD
:1048D00007F0F8F906F056F9C4F840024FF000402E
:1048E000394632462B4607F0EDF906F04BF9C4F88D
:1048F00044024FF00040394632462B4607F0E2F9B9
:1049000006F040F9C4F848024FF0004039463246FC
:104910002B4607F0D7F906F035F9C4F84C024FF0F2
:104920000040394632462B4607F0CCF906F02AF90A
:10493000C4F850024FF00040394632462B4607F08B
:10494000C1F906F01FF9C4F854024FF0004039468F
:1049500032462B4607F0B6F906F014F9C4F85802AF
:104960004FF00040394632462B4607F0ABF906F0CF
:1049700009F9C4F85C024FF00040394632462B4634
:1049800007F0A0F906F0FEF8C4F860024FF000400E
:10499000394632462B4607F095F906F0F3F8C4F88D
:1049A00064024FF00040394632462B4607F08AF940
:1049B00006F0E8F8C4E99A084FF00040394632465C
:1049C0002B46C4E99C88C4F8788207F07BF906F08E
:1049D000D9F8C4F87C024FF00040394632462B46E5
:1049E00007F070F906F0CEF8C4F880024FF00040EE
:1049F000394632462B4607F065F906F0C3F8C4F88D
:104A000084024FF00040394632462B4607F05AF9EF
:104A100006F0B8F8C4F888024FF000403946324634
:104A20002B4607F04FF906F0ADF8C4F88C024FF0B2
:104A30000040394632462B4607F044F906F0A2F80A
:104A4000C4F890024FF00040394632462B4607F03A
:104A500039F906F097F8C4F894024FF0004039464F
:104A600032462B4607F02EF906F08CF8C4F898026F
:104A70004FF00040394632462B4607F023F906F046
:104A800081F8C4F89C024FF00040394632462B466C
:104A900007F018F906F076F8C4F8A0024FF00040CD
:104AA000394632462B4607F00DF906F06BF8C4F88C
:104AB000A4024FF00040394632462B4607F002F977
:104AC00006F060F8C4F8A8024FF0004039463246BC
:104AD0002B4607F0F7F806F055F8C4F8AC024FF093
:104AE0000040394632462B4607F0ECF806F04AF80B
:104AF000C4E9AC084FF00040394632462B46C4E9C1
:104B0000AE88C4F8C08207F0DDF806F03BF8C4F8C0
:104B1000C4024FF00040394632462B4607F0D2F827
:104B200006F030F8C4F8C8024FF00040394632466B
:104B30002B4607F0C7F806F025F8C4F8CC024FF072
:104B40000040394632462B4607F0BCF806F01AF80A
:104B5000C4F8D0024FF00040394632462B4607F0E9
:104B6000B1F806F00FF8C4F8D4024FF0004039460F
:104B700032462B4607F0A6F806F004F8C4F8D8022F
:104B80004FF00040394632462B4607F09BF805F0BF
:104B9000F9FFC4F8DC024FF00040394632462B469C
:104BA00007F090F805F0EEFFC4F8E0024FF0004087
:104BB000394632462B4607F085F805F0E3FFC4F886
:104BC000E4024FF00040394632462B4607F07AF8AF
:104BD00005F0D8FFC4F8E8024FF0004039463246ED
:104BE0002B4607F06FF805F0CDFFC4F8EC024FF04C
:104BF0000040394632462B4607F064F805F0C2FF04
:104C0000C4F8F0024FF00040394632462B4607F018
:104C100059F805F0B7FFC4F8F4024FF000403946E8
:104C200032462B4607F04EF805F0ACFFC4E9BE084B
:104C30004FF00040394632462B46C4E9C088C4F8DC
:104C4000088307F03FF805F09DFFC4F80C034FF010
:104C50000040394632462B4607F034F805F092FF03
:104C6000C4F810034FF00040394632462B4607F097
:104C700029F805F087FFC4F814034FF000403946C7
:104C800032462B4607F01EF805F07CFFC4F81803E7
:104C90004FF00040394632462B4607F013F805F036
:104CA00071FFC4F81C034FF00040394632462B46D2
:104CB00007F008F805F066FFC4F820034FF0004045
:104CC000394632462B4606F0FDFF05F05BFFC4F87F
:104CD00024034FF00040394632462B4606F0F2FFDF
:104CE00005F050FFC4F828034FF000403946324623
:104CF0002B4606F0E7FF05F045FFC4F82C034FF004
:104D00000040394632462B4606F0DCFF05F03AFFFC
:104D1000C4F830034FF00040394632462B4606F0C7
:104D2000D1FF05F02FFFC4F834034FF0004039469F
:104D300032462B4606F0C6FF05F024FFC4F83803C0
:104D40004FF00040394632462B4606F0BBFF05F0D7
:104D500019FFC4F83C034FF00040394632462B4659
:104D600006F0B0FF05F00EFFC4E9D0084FF0004098
:104D7000394632462B46C4E9D288C4F8508306F03F
:104D8000A1FF05F0FFFEC4F854034FF00040394680
:104D900032462B4606F096FF05F0F4FEC4F85803A1
:104DA0004FF00040394632462B4606F08BFF05F0A7
:104DB000E9FEC4F85C034FF00040394632462B460A
:104DC00006F080FF05F0DEFEC4F860034FF00040FF
:104DD000394632462B4606F075FF05F0D3FEC4F87F
:104DE00064034FF00040394632462B4606F06AFF16
:104DF00005F0C8FEC4F868034FF00040394632465B
:104E00002B4606F05FFF05F0BDFEC4F86C034FF0C3
:104E10000040394632462B4606F054FF05F0B2FEFC
:104E2000C4F870034FF00040394632462B4606F076
:104E300049FF05F0A7FEC4F874034FF0004039465F
:104E400032462B4606F03EFF05F09CFEC4F8780380
:104E50004FF00040394632462B4606F033FF05F04E
:104E600091FEC4F87C034FF00040394632462B4691
:104E700006F028FF05F086FE01462046C4F88013A0
:104E80000DF58C6DBDE8F0812DE9F04F81B08046C5
:104E9000E5F70CFC20B101B0BDE8F04FFAF744BAD9
:104EA0004CF27820C2F20000016846F29F0946F2F7
:104EB000A043C4F2020946F23F4EC4F202030820A6
:104EC0004945C4F2020E10DD714523DC46F2A00212
:104ED000C4F2020291422CD046F21042C4F2020205
:104EE000914238D046F228402EE046F23F02C4F20A
:104EF0000202914220DD46F24002C4F202029142D7
:104F000017D046F27002C4F20202914223D046F258
:104F1000880019E046F24042C4F20202914208D0F1
:104F200046F27042C4F20202914214D046F2884026
:104F30000AE04FF400200EE046F21002C4F2020232
:104F4000914208D046F22800C4F20200814240F0AB
:104F500053824FF4007049454FF0040610DD71454F
:104F600023DC46F2A002C4F2020291422CD046F2A7
:104F70001042C4F20202914238D046F228422EE09A
:104F800046F23F02C4F20202914220DD46F24002A4
:104F9000C4F20202914217D046F27002C4F2020239
:104FA000914223D046F2880219E046F24042C4F210
:104FB0000202914208D046F27042C4F202029142CB
:104FC00014D046F288420AE04FF480260EE046F202
:104FD0001002C4F20202914208D046F22802C4F242
:104FE0000202914240F00F824FF4807649454FF023
:104FF000010A10DD714523DC46F2A002C4F2020270
:1050000091422CD046F21042C4F20202914238D0B2
:1050100046F228422EE046F23F02C4F202029142DA
:1050200020DD46F24002C4F20202914217D046F25D
:105030007002C4F20202914223D046F2880219E0C3
:1050400046F24042C4F20202914208D046F2704257
:10505000C4F20202914214D046F288420AE04FF4B0
:10506000803A0EE046F21002C4F20202914208D0E9
:1050700046F22802C4F20202914240F0CF814FF082
:10508000400A4CF2D822C2F20002146808274C45AC
:1050900010DD744523DC46F2A002C4F20202944201
:1050A0002CD046F21042C4F20202944238D046F2AA
:1050B00028422EE046F23F02C4F20202944220DD72
:1050C00046F24002C4F20202944217D046F2700245
:1050D000C4F20202944223D046F2880219E046F25A
:1050E0004042C4F20202944208D046F27042C4F236
:1050F0000202944214D046F288420AE04FF400279C
:105100000EE046F21002C4F20202944208D046F2C7
:105110002802C4F20202944240F08B814FF40077DF
:105120004C454FF0040210DD744523DC46F2A00329
:10513000C4F202039C422CD046F21043C4F2020394
:105140009C4238D046F228422EE046F23F03C4F299
:1051500002039C4220DD46F24003C4F202039C425B
:1051600017D046F27003C4F202039C4223D046F2E9
:10517000880219E046F24043C4F202039C4208D080
:1051800046F27043C4F202039C4214D046F28842B5
:105190000AE04FF480220EE046F21003C4F202034C
:1051A0009C4208D046F22802C4F20202944240F027
:1051B0004B814FF4807230434C454FF0010314DDB6
:1051C00046F2A0467445C4F2020627DC46F2A0056A
:1051D000C4F20205AC4230D046F21045C4F20205DA
:1051E000AC423BD046F2284332E046F23F05C4F2DF
:1051F000020546F2A046AC42C4F2020620DD46F2A9
:105200004005C4F20205AC4217D046F27005C4F264
:105210000205AC4222D046F2880319E046F240452E
:10522000C4F20205AC4208D046F27045C4F2020551
:10523000AC4213D046F288430AE04FF480330DE0CD
:1052400046F21005C4F20205AC4207D046F228032C
:10525000C4F202039C4240F00281402342EA070567
:1052600040EA0A0C46F2080BA6F14807A6F19C009A
:10527000C4F2020BB942024612D80BF1B0029142BD
:1052800002D90BF57E720BE00BF15006B14246F2EB
:10529000A046ABF10802C4F2020688BFABF10402DB
:1052A000126845EA030A12EA0C0F14D1BC420ED868
:1052B0000BF1B000844202D90BF57E7007E00BF1D0
:1052C0005002ABF10800944288BFABF104000068C3
:1052D00010EA0A0F54D0B942A6F194020FD946F24F
:1052E0007040C4F2020081423FD046F28840C4F2CE
:1052F000020081423CD14FF40065134601E10BF1FD
:10530000B000814212D946F21040C4F2020081423C
:10531000A6F1980300F0AD8046F22840C4F20200E6
:10532000814200F0A38046F2404015E00BF15000AE
:10533000814248D946F27000C4F2020081420BF16A
:10534000040300F0968046F28800C4F20200814215
:1053500000F08C8046F2A000C4F2020081420CBF33
:105360004FF400154FF00065CBE020251346C8E050
:105370004FF00065B14208BF4FF400151346C0E07E
:105380004CF61820C2F20000C06C0168B94272D914
:1053900056F89C0C49454FF0200240F39680714529
:1053A00000F3CC8046F2A003C4F20203994200F05D
:1053B000D48046F21043C4F20203994200F02B81DC
:1053C00046F2284220E146F21000C4F20200814277
:1053D00000F0958046F22800C4F20200814200F0FD
:1053E0008B8046F24000C4F2020081420CBF4FF4B1
:1053F00000154FF0006583E04FF00070994208BF40
:105400004FF40020A7E546F2A0424FF08076C4F2A8
:105410000202914208BF4FF48026E7E546F2A0421F
:105420004FF4800AC4F20202914208BF4FF4803A5E
:1054300027E646F2A0424FF00077C4F202029442FF
:1054400008BF4FF400276BE646F2A0434FF080728E
:10545000C4F202039C4208BF4FF48022ABE64FF433
:105460008003B44208BF4FF48033F7E64FF4006581
:1054700047E0202545E00BF1B006B1421ED9DBF82C
:10548000F80349454FF0200240F3868046F2A047DA
:105490007145C4F2020700F3E78046F2A003C4F2AC
:1054A0000203994200F0FE8046F21043C4F2020368
:1054B000994200F00C8146F2284201E10BF15005BF
:1054C000A9424FD95BF8042C4EE046F23F03C4F2E8
:1054D0000203994240F3908046F24003C4F2020373
:1054E00099423AD046F27003C4F20203994200F0A6
:1054F000928046F2880287E04FF4006500E02025A4
:105500005B4645EA0C00BC4218600DD80BF1B000B8
:10551000844202D9A6F1980206E00BF150008442C1
:1055200088BF0BF1040B5A460520C2F800A088F88A
:105530001C0201B0BDE8F04FE5F792B846F24043D7
:10554000C4F20203994208D046F27043C4F2020347
:10555000994260D046F2884256E04FF4001202426F
:105560005CD16DE15BF8082C49454FF020032EDD3E
:10557000714500F3888046F2A000C4F20200814227
:1055800000F0938046F21040C4F20200814200F025
:10559000AF8046F22840A5E046F23F03C4F2020382
:1055A00046F2A0479942C4F2020740F3818046F2D6
:1055B0004003C4F20203994274D046F27003C4F26D
:1055C0000203994200F0838046F2880278E046F2B6
:1055D0003F00C4F2020081427CDD46F24000C4F28A
:1055E0000200814261D046F27000C4F202008142A2
:1055F0007ED046F2880075E046F21003C4F2020342
:10560000994208D046F22802C4F20202914240F0C8
:10561000BB804FF40062024200F0128146F27040FB
:10562000C4F2020081420ED046F28840C4F2020069
:1056300046F2A0428142C4F202020CD14FF4006053
:1056400042F8940CE2E046F2A0422020C4F20202AA
:1056500042F8940CDAE04FF00060914208BF4FF43A
:10566000001042F8940CD1E046F24043C4F2020329
:10567000994217D046F27043C4F20203994226D0F1
:1056800046F288421CE046F24040C4F202008142E9
:105690000BD046F27040C4F20200814228D046F29C
:1056A00088401FE04FF4001211E04FF400131FE098
:1056B00046F21003C4F20203994208D046F22802CF
:1056C000C4F20202914240F080804FF40062024234
:1056D00015D1B5E046F21000C4F20200814207D0B5
:1056E00046F22800C4F20200814275D14FF40063F3
:1056F00003EA0200002800F0A380B1421CD946F260
:105700001040C4F20200814236D046F22840C4F272
:10571000020046F2A0428142C4F2020227D046F2C1
:105720004040C4F2020081420CBF4FF400104FF021
:10573000006042F8980C69E0A9422FD946F2700047
:10574000C4F2020081425AD046F28800C4F202003C
:1057500081424CD046F2A000C4F2020081420CBF4C
:105760004FF400104FF00060CBF804004EE04FF40F
:10577000006042F8980C49E046F2A0422020C4F2B2
:10578000020242F8980C41E04FF00062B14208BFBB
:105790004FF4001202427FF441AF51E046F2100094
:1057A000C4F2020081422ED046F22800C4F2020068
:1057B000814221D046F24000C4F2020081420CBF77
:1057C0004FF400104FF000601EE04FF00062B9424D
:1057D00008BF4FF400127AE746F2A0404FF0006392
:1057E000C4F20200814208BF4FF4001380E74FF477
:1057F0000060CBF8040009E04FF4006004E02020D2
:10580000CBF8040002E02020CBF8000098F81C023E
:10581000032828D0022816D0012811D10020C4F274
:10582000020000F5806001210122DEF7E9FF02217C
:10583000404688F81C1201B0BDE8F04F00F01AB9DC
:1058400001B0BDE8F08F0020C4F202001021012257
:10585000DEF7D6FF0321404688F81C1201B0BDE8F0
:10586000F04F00F0E3B80020C4F202001021012242
:10587000DEF7C6FF04205AE670B52DED048B86B026
:10588000044690F85800B0EE408A28B9DEF7BEFF13
:105890006065012084F8580018EE100A20F00040DE
:1058A000B0F1FF4F0DDA9FED5E0AB4EEC08AF1EE63
:1058B00010FA06D49FED5B0AB4EEC08AF1EE10FA3E
:1058C00002DB012084F8590094F8500060B9DEF73B
:1058D0009DFF616D401A4BF62071C0F202018842B3
:1058E00024BF022084F8590094F8590070B104F1E3
:1058F000080000F089FB00204CF61031C2F20001D4
:105900000968486306B0BDEC048B70BD94F8500084
:1059100000283ED09FED440A04F10800F0EE480A4A
:1059200000F0F2FB10EE100A20F00040B0F1FF4F43
:1059300061DAB0EE408A9FED380B002655EC104B33
:10594000C4F230364FF00040314622462B4606F076
:10595000B9F905F017F909EE100A40F2D070C8F253
:105960000000314622462B4606F0ACF905F00AF954
:1059700000EE100AF0EE480A04F00EFCF0EE400AC9
:10598000B0EE490A04F0E4FBBDEEC00A10EE100AC6
:10599000B2E79FED250AB4EEC08AF1EE10FA2EDBD5
:1059A000B4F85200013081B2C729A4F8520029D9B5
:1059B00004F1080000F028FB9FED170B40F2D070B7
:1059C000002153EC102BC8F20000C4F2303106F075
:1059D00079F905F0D7F800EE100AB0EE001A80EE63
:1059E000010A94ED0A1A012084F8500080EE010AA1
:1059F00084ED080A8EE7012084F859007BE7002037
:105A0000A4F8520040F2CF70B4EEC08AF1EE10FA62
:105A1000A8BF4FF47A706FE70000008000003043A9
:105A2000000020C200005C42000034424CF6182105
:105A3000C2F200018A6C12681268D20718BF704760
:105A4000C96C09680968C90712D110B50021C4F2F0
:105A500002010446084610210022DEF7D1FE04F1BF
:105A6000920004F18E010422BDE81040EAF71EB84E
:105A7000704700004CF61821C2F200018A6C1268CF
:105A80001268D20718BF7047C96C09680968C9074E
:105A900012D110B50021C4F20201044608461021BB
:105AA0000022DEF7ADFE04F1830004F178010B2241
:105AB000BDE81040E9F7FABF7047000000000000A1
:105AC0002DE9F04FA7B04CF61031C2F20001096881
:105AD0000446002084F85A004863E5F783F8EBF7A2
:105AE0008BFDE9F741FC28B1012084F85A0027B06A
:105AF000BDE8F08FEAF79CFD0028F5D0E9F76CFDD2
:105B000008B10220F1E74CF2AC40C2F20000E4F729
:105B10004DFC0028F5D09FED5C0B40F2000855ECE1
:105B2000106B40F2DC50C4F23038C8F2000041463D
:105B300032462B4606F0C6F805F024F89FED540BCC
:105B4000019051EC100B05F01DF883464FF000401A
:105B5000414632462B4606F0B5F805F013F80746E5
:105B600040F2D070C8F20000414632462B4606F0A3
:105B7000A9F805F007F881464FF00040414632464B
:105B80002B46159706F09EF804F0FCFF16904FF098
:105B9000000A4FF00040414632462B46CDE917AA95
:105BA000CDE919AA06F08EF804F0ECFF1B900198DD
:105BB0004146CDE91C0B4FF0004032462B461E9764
:105BC00006F080F804F0DEFF1F904FF000404146E1
:105BD00032462B4606F076F804F0D4FF20904FF0C2
:105BE0000040414632462B4606F06CF804F0CAFFEE
:105BF000CDE921094FF00040414632462B46CDE920
:105C0000239706F05FF804F0BDFFCDE9250904F104
:105C1000080015A900F074F94FF07E50C4E9410A5C
:105C200045F62940C3F68F5041F27B4104F1C00292
:105C3000CBF62E6182E803044CF61820C2F2000075
:105C4000A4F852A084F850A0A4F858A0C4E943AA2C
:105C5000C4E945AAC4F81CA1C4E933AAC4F8D4A075
:105C6000E1F7D6FC08B103203FE704F1680104F135
:105C700070000822E9F718FD84F81CA227B0BDE8DF
:105C8000F08F00BF00BF00BF000000800000304365
:105C90007B14AE47E17AB43F10B5044690F81C027D
:105CA00028BBDEF7B3FD2066012084F81C024CF609
:105CB0001820C2F20000816C09680968C90718BF82
:105CC00010BDC06C00680068C00710D140F20040F1
:105CD000C4F2020001210022DEF792FD04F1680106
:105CE00004F170000822BDE81040E9F7DFBE10BDE6
:105CF00010B5044640F63470C2F200001AA1032227
:105D0000DAF762FD002804BF0120607140F63470AC
:105D1000C2F2000015A10322DAF756FD002804BFE5
:105D20000020607140F63470C2F2000010A107221A
:105D3000DAF74AFD28B94CF68C50C2F20000012176
:105D4000017040F63470C2F200000BA10722DAF7AE
:105D50003BFD002818BF10BD4CF68C50C2F200006D
:105D60000021017010BD00BF42454700454E440070
:105D70004956413A424547004956413A454E44004A
:105D80002DE9F0412DED028B86B00C46DEF73EFD8D
:105D90004BF62068C2F200089FED470BD8F8007060
:105DA00055EC106B0021C01BC4F2303132462B463B
:105DB00005F088FF04F0E6FE002F4AD09FED400B6F
:105DC000002708EE100A40F2FD20C4F2303753ECF1
:105DD000102BC8F20000394605F074FF04F0D2FE23
:105DE00000EE100A2046394632462B4628EE008A3D
:105DF00005F068FF04F0C6FE00EE100A88EE008A87
:105E00004BF62464C2F2000494ED000A48F22B0120
:105E1000C2F6D52138EE000ABCEEC00A10EE100A18
:105E2000A0FB0112D10940F2FD2201FB120148F250
:105E3000810288B25043C00DA0EB002211448AB207
:105E400082F0FF010AD002280AD100230846114639
:105E500009E0DEF7DBFCC8F8000025E0134602E0AD
:105E600010460B4600211A0242EA014140EA032291
:105E70000B0C1B02A3EB11414CF6A033C2F2000342
:105E8000C2F307221B68C2EB0222C0EB002058635A
:105E90009A63D963DEF7BAFC94ED000AC8F80000F3
:105EA00030EE080A84ED000A06B0BDEC028BBDE8B6
:105EB000F08100BF00BF00BF0000000000003043C1
:105EC000000000800000304310B54CF6A034C2F250
:105ED000000420460021E2F79DFB20460421E2F762
:105EE00099FB20460821BDE81040E2F793BB000073
:105EF0004FF4FA71FFF744BF704700000000000044
:105F0000F0B597B0044619B120464822DAF737FDBC
:105F10009FED3B0B002755EC106BC4F230374FF070
:105F20000040394632462B4605F0CCFE04F02AFEEE
:105F300020604FF00040394632462B4605F0C2FE45
:105F400004F020FE60604FF00040394632462B4698
:105F500005F0B8FE04F016FEA0604FF00040394690
:105F600032462B4605F0AEFE04F00CFEE0604FF02A
:105F70000040394632462B4605F0A4FE04F002FEEE
:105F800020614FF00040394632462B4605F09AFE1C
:105F900004F0F8FD60614FF00040394632462B4670
:105FA00005F090FE04F0EEFDA0614FF00040394690
:105FB00032462B4605F086FE04F0E4FDA0624FF069
:105FC0000040394632462B4605F07CFE04F0DAFDEF
:105FD000E0624FF00040394632462B4605F072FE33
:105FE00004F0D0FD20634FF00040394632462B4686
:105FF00005F068FE04F0C6FD206417B0F0BD00BFD8
:106000000000008000003043F0B597B09FED3C0BDE
:10601000002755EC106BC4F2303704464FF00040B7
:10602000394632462B4605F04DFE04F0ABFD2060AC
:106030004FF00040394632462B4605F043FE04F04F
:10604000A1FD60604FF00040394632462B4605F016
:1060500039FE04F097FDA0604FF00040394632460B
:106060002B4605F02FFE04F08DFDE0604FF0004060
:10607000394632462B4605F025FE04F083FD2061AB
:106080004FF00040394632462B4605F01BFE04F027
:1060900079FD60614FF00040394632462B4605F0ED
:1060A00011FE04F06FFDA0614FF00040394632460A
:1060B0002B4605F007FE04F065FDA0624FF000409E
:1060C000394632462B4605F0FDFD04F05BFDE062EB
:1060D0004FF00040394632462B4605F0F3FD04F000
:1060E00051FD20634FF00040394632462B4605F003
:1060F000E9FD04F047FD206417B0F0BD00BF00BF0C
:106100000000008000003043F0B581B02DED108B11
:10611000B6B010EE101A21F00041B1F1FF4F044665
:1061200080F2AD8010EE900A20F00040B0F1FF4FF9
:1061300080F2A580D4ED069A19EE900A20F0004076
:10614000B0F1FF4F80F29B8094ED04EA1EEE100A3E
:1061500020F00040B0F1FF4F80F2918094ED07DA1B
:106160001DEE100A20F00040B0F1FF4F80F2878052
:1061700094ED08FA1FEE100A20F00040B0F1FF4F36
:106180007DDAD4ED098A18EE900A20F00040B0F1D3
:10619000FF4F74DA94ED0DCA1CEE100A20F0004097
:1061A000B0F1FF4F6BDA94ED0EBA1BEE100A20F03F
:1061B0000040B0F1FF4F62DA94ED0F8A18EE100A3A
:1061C00020F00040B0F1FF4F59DA94ED119A19EE2A
:1061D000100A20F00040B0F1FF4F50DA9FEDF41BA1
:1061E000002155EC116BC4F230314FF000403246C3
:1061F0002B46B0EE60AAF0EE40AA05F063FD04F075
:10620000C1FC00EE100AB4EEC0CAF1EE10FA36D4AA
:106210000021C4F230314FF0004032462B4605F0E9
:1062200051FD04F0AFFC00EE100AB4EEC0BAF1EE7E
:1062300010FA24D40021C4F230314FF0004032462D
:106240002B4605F03FFD04F09DFC00EE100AB4EE75
:10625000C08AF1EE10FA12D40021C4F230314FF0AE
:10626000004032462B4605F02DFD04F08BFC00EE7D
:10627000100AB4EEC09AF1EE10FA40F185809FED5D
:10628000D60B002755EC106BC4F230374FF00040AE
:10629000394632462B4605F015FD04F073FC2060AC
:1062A0004FF00040394632462B4605F00BFD04F016
:1062B00069FC60604FF00040394632462B4605F0DD
:1062C00001FD04F05FFCA0604FF00040394632460B
:1062D0002B4605F0F7FC04F055FCE0604FF0004061
:1062E000394632462B4605F0EDFC04F04BFC2061AC
:1062F0004FF00040394632462B4605F0E3FC04F0EF
:1063000041FC60614FF00040394632462B4605F0B3
:10631000D9FC04F037FCA0614FF00040394632460A
:106320002B4605F0CFFC04F02DFCA0624FF000409E
:10633000394632462B4605F0C5FC04F023FCE062EA
:106340004FF00040394632462B4605F0BBFC04F0C6
:1063500019FC20634FF00040394632462B4605F0C9
:10636000B1FC04F00FFC20644FF000403946324687
:106370002B4605F0A7FC04F005FC00EE100A36B031
:10638000BDEC108B01B0F0BD84ED01AA3AEECAAAB3
:1063900000212AEE0DDAC4F230314FF000403246CF
:1063A0002B46C4ED00AA84ED05AA84ED0ADA05F0B7
:1063B00089FC04F0E7FB00EE100AB4EE40FAF1EEBF
:1063C00010FA16D0B0EECF0A8BEE002A39EE8A0A08
:1063D00084ED060AB1EE421AB4EEC10AF1EE10FAEB
:1063E00014D4B4EEC20AF1EE10FAB0EE421A0DDC8B
:1063F00010E00021C4F230314FF0004032462B460D
:1064000005F060FC04F0BEFB01EE100AB0EE410A9C
:1064100084ED061A20EE0FFA3AEE4E0A002120EE25
:1064200028EAC4F230316FF0004032462B4684ED4A
:106430000BFA84ED0CEA05F045FC04F0A3FB00EE3A
:10644000100A20EE0C0AB4EEC0DAF1EE10FA0FD505
:106450000021C4F230316FF0004032462B4605F087
:1064600031FC04F08FFB00EE100A20EE0CCA04E0B1
:10647000B4EECCDAF1EE10FA03DDB0EE4CDA84EDD6
:106480000ACA0021C4F230316FF0004032462B4678
:1064900005F018FC04F076FB00EE100A20EE0B0A63
:1064A000B4EEC0FAF1EE10FA0FD50021C4F230318B
:1064B0006FF0004032462B4605F004FC04F062FB0E
:1064C00000EE100A20EE0BBA04E0B4EECBFAF1EEC7
:1064D00010FA03DDB0EE4BFA84ED0BBA0021C4F2E2
:1064E00030316FF0004032462B4605F0EBFB04F0F4
:1064F00049FB00EE100A20EE080AB4EEC0EAF1EE05
:1065000010FA0FD50021C4F230316FF0004032464E
:106510002B4605F0D7FB04F035FB00EE100A20EE09
:10652000088A04E0B4EEC8EAF1EE10FA03DDB0EE3A
:1065300048EA84ED0C8A3DEE0F0A30EE0E8A18EE22
:10654000100A20F00040B0F1FF4F84ED108A23DAEA
:106550000021C4F230316FF0004032462B4605F086
:10656000B1FB04F00FFB00EE100A20EE090AB4EEB6
:10657000C08AF1EE10FA1FD50021C4F230316FF05D
:10658000004032462B4605F09DFB04F0FBFA00EE7E
:10659000100A20EE099A14E02046FFF735FD00218D
:1065A000C4F230314FF00040E1E600BF00BF00BF51
:1065B0000000008000003043B4EEC98AF1EE10FA0A
:1065C00003DDB0EE498A84ED109AB0EE480A84EDFE
:1065D00004AAD4E600BF00BF0000008000003043E2
:1065E00091F82000012818BF70472DE9F04381B0D1
:1065F0002DED028B88B0086948F6AD380003C6F669
:10660000DB0850FB08F09FED440B421340F20009F9
:1066100002EBD07054EC105BC4F230390F7880F08C
:1066200000400E4649462A46234605F04BFB04F03F
:10663000A9FA00EE100AB6EE008A30EE080A03F05E
:106640004FFDBCEEC00A10EE102A38460021E8F7D4
:106650005FFE70693779000350FB08F0411301EBCE
:10666000D07080F0004049462A46234605F02AFBB8
:1066700004F088FA00EE100A30EE080A03F030FD4C
:10668000BCEEC00A10EE102A38460021E8F740FEA2
:10669000B069377A000350FB08F0411301EBD0706A
:1066A00080F0004049462A46234605F00BFB04F0E3
:1066B00069FA00EE100A30EE080A03F011FDBCEE94
:1066C000C00A10EE102A38460021E8F721FEF069D2
:1066D000377B000350FB08F0411301EBD07080F0D2
:1066E000004049462A46234605F0ECFA04F04AFAEF
:1066F00000EE100A30EE080A03F0F2FCBCEEC00A0D
:1067000010EE102A3846002108B0BDEC028B01B013
:10671000BDE8F043E8F7FCBD000000800000304316
:10672000042B18BF70472DE9F04184B00D464CF69C
:10673000E8611446C0F6020128460422DAF78FF811
:10674000002840F0868048F2A061C0F201012B1DB4
:1067500000206FF4FA6EEC4600251A782D2A01D03D
:106760002B2A07D12D3A13F8017FB2FA82F24FEAB1
:10677000521802E04FF000081746A7F13A0212F152
:106780000A0F5DD300268E425ADC5A7806EB860645
:1067900007EB4606A2F13007092FA6F130062AD8EA
:1067A0008E424DDC9F7806EB860602EB4602A7F18F
:1067B0003006092EA2F130061FD88E4240DCDA786E
:1067C00006EB860607EB4606A2F13007092FA6F175
:1067D000300615D88E4233DC13F8047F06EB8606AC
:1067E00002EB4602A7F130060A2EA2F13006CAD308
:1067F0001F46013B06E05F1C04E09F1C013301E0E3
:10680000DF1C0233B8F1000F18BF7642A6F6C5129E
:10681000724515D3022D4CF8256004D83A782C2AFD
:106820000ED19F1C01E03A7852B9022D05F1010505
:106830004FF0000088BF0120042D3B467FF48DAF50
:10684000C00706D09DE80F0040F6B837BA1A02928A
:106850000FC404B0BDE8F041704700000000000024
:106860002DE9F0472DED028B8AB040F23811C2F2CB
:10687000000109780446042924D8DFE801F0031751
:106880000D12080040F25C00C2F2000012E040F27B
:106890009C00C2F200000DE040F27C00C2F2000059
:1068A00008E040F28C00C2F2000003E040F26C000D
:1068B000C2F20000016842688368C068A160E260BB
:1068C000236160610420E9F7CBF800200021EAF79A
:1068D000FFFE9FED430B40F2000855EC106B322099
:1068E000C4F23038C8F20000414632462B4605F06B
:1068F000E9F904F047F900EE100AE8F74DFD40F21F
:106900003319C8F2000940F2DC5A277A484641465A
:1069100032462B46C4F818A005F0D4F904F032F939
:1069200000EE100AB6EE008A30EE080A03F0D8FB3B
:10693000BCEEC00A10EE102A38460021E8F7E8FC49
:10694000277B4846414632462B46C4F81CA005F03A
:10695000B9F904F017F900EE100A30EE080A03F056
:10696000BFFBBCEEC00A10EE102A38460021E8F743
:10697000CFFC277C4846414632462B46C4F820A02F
:1069800005F0A0F904F0FEF800EE100A30EE080A57
:1069900003F0A6FBBCEEC00A10EE102A3846002118
:1069A000E8F7B6FC277D4846414632462B46C4F8F8
:1069B00024A005F087F904F0E5F800EE100A30EEA7
:1069C000080A03F08DFBBCEEC00A10EE102A384610
:1069D00000210AB0BDEC028BBDE8F047E8F798BC97
:1069E0000000008000003043F0B589B00446042068
:1069F000E9F736F800200890EFF3108CEFF31082DF
:106A000072B6D4E9041E04F11807D4E90223E0CFDA
:106A1000646ACDE9021E04A9CDE90023E0C1079410
:106A20008CF3108804AF8ECFA2F5FA72A1F5FA713B
:106A3000B1F5FA6F4FF0000198BF0121B2F5FA6F7E
:106A40004FF00002A3F5FA7398BF0122B3F5FA6F75
:106A50004FF00003A7F5FA7798BF0123B7F5FA6F57
:106A600098BF012018401040084069468DF820006A
:106A7000FFF7B6FD09B0F0BD40F6347100F1180221
:106A8000C2F200010423FFF74BBE00002DE9F041E4
:106A9000CB6A4A6BD1F83CE04FF0000CC0E9013200
:106AA00091F8693091ED0A0A9FED2B1AC0E903ECC9
:106AB00001F1080E91F8682043749EE8085020EE1A
:106AC000010A01F1140880ED000A027498E8F0014F
:106AD00040F8143F00F10C03012AC0E901CEF0C3D5
:106AE000C0F81C8018BFBDE8F08191F86D20D1F886
:106AF000A03591F8747501EB021291F87865D2F81F
:106B0000C45440F82730D1F8A43591F8757540F891
:106B10002650D2F8C86440F8273091F87935D2F879
:106B2000CC7440F82360D1F8A83591F8766591F8D7
:106B30007A5540F8263040F82570D1F8AC3591F8F8
:106B40007775D2F8D02491F87B1540F8273040F8BB
:106B50002120BDE8F08100BF0AD7233C00000000DF
:106B60002DE9F04F81B02DED108B8EB00E460F4603
:106B700056F8041F9246331D04460DCB04F1280538
:106B8000C4E9001028462C21C4E90223D9F753FF99
:106B900006F1100207CA96ED040A96ED051A96ED65
:106BA000062A96ED073A96ED084A96ED095A04F141
:106BB000100307C333EE400A34EE411A35EE422A81
:106BC0003046294684ED070A84ED081A84ED092A27
:106BD000EFF702F9D6F8DC0006F1F40304F1340C07
:106BE0000ECBD6F804518CE80F04B6F810019FEDD7
:106BF000EE0B40F20008A564A4F850005BEC105BBB
:106C00000120C4F2303896ED00BA96ED018A96ED77
:106C1000029A96ED03AAC8F2000041462A465B4656
:106C200005F050F803F0AEFF01900220C8F200001A
:106C300041462A465B4605F045F803F0A3FF81462E
:106C40004FF0004041462A465B4605F03BF803F012
:106C500099FF96ED0ACA1CEE101A21F00041B1F11D
:106C6000FF4F23DA396B21F00041B1F1FF4F1DDAFC
:106C7000796B002621F00041B1F1FF4F17DA0021B6
:106C8000C4F2303180464FF000402A465B4605F0A2
:106C900019F803F077FF014600EE101A4046B4EEF3
:106CA000C0CAF1EE10FAA8BF012600E0002697ED59
:106CB0000CFA97ED0DEA97ED11DA6EB31DEE101A8E
:106CC00021F00041B1F1FF4F26DAD7ED128A18EE1C
:106CD000901A21F00041B1F1FF4F1DDAF96C002646
:106CE00021F00041B1F1FF4F17DA0021C4F2303139
:106CF00080464FF000402A465B4604F0E3FF03F075
:106D000041FF014600EE101A4046F4EEC08AF1EE53
:106D100010FAA8BF012600E00026D7ED12AAD7ED91
:106D2000139AD7ED178A66B318EE901A21F0004136
:106D3000B1F1FF4F25DA396E21F00041B1F1FF4F7B
:106D40001FDA796E002621F00041B1F1FF4F19DA08
:106D50000021D7ED19BAC4F2303180464FF000401F
:106D60002A465B4604F0AEFF03F00CFF014600EE3E
:106D7000101A4046F4EEC0BAF1EE10FAA8BF012690
:106D800000E0002697F81611012940F0CF8097F80F
:106D90001711C90700F0CA80002E00F0C7802BEE43
:106DA0000A0A28EE091A31EE002A31EE400A2BEECB
:106DB000091A28EE0A3A33EE414A33EE011A2BEE55
:106DC000083A29EE0A5A35EE436A35EE033A2AEEBE
:106DD0000A5A29EE097A68EE080A019977EE051A2F
:106DE00030EE855A30EE877A00EE909A60EEE11A26
:106DF00002EE901ADFED6E3A71EEA21A20EE822AB0
:106E000022EE232A61EEA31A20EEC55A20EE844A10
:106E100020EE800A20EE811A20EE866A20EE833A68
:106E200020EEC77AF7EE000A31EE822A24EE204ADD
:106E300034EE022A35EE224A24EE234A20EE230ABB
:106E400037EE225A30EE040A26EE234A21EE231AA8
:106E500023EE203A33EE000A31EE041A25EE203AF2
:106E600033EE011A03EE100A22EE0C4A33EE0C3A0E
:106E700024EE424A34EE033A22EE0F4A24EE404A10
:106E800034EE033A22EE0E4A24EE414A34EE033A3F
:106E900020EE0D4A33EE2A3A24EE424A34EE033A0B
:106EA00020EE2A4A24EE404A34EE033A20EE294AE4
:106EB00024EE414A34EE033A97ED194A21EE285A5E
:106EC00025EE422A97ED185A33EE043A32EE032AA1
:106ED00021EE053A23EE400A30EE020A21EE042AA2
:106EE00022EE411A31EE000A10EE100A20F00040A6
:106EF000B0F1FF4F1ADA9FED2F1AB4EEC10AF1EE8E
:106F000010FA13DB386890ED471AB4EEC10AF1EEBF
:106F100010FA0BD8D7F81011D0F81801AAEB01011C
:106F2000814203D8E06C40F00100E06497F818015A
:106F3000012803D1E06C40F00200E06497F81901E9
:106F400001280DD1D7F8040148F2A061AAEB000096
:106F5000C0F20101884203D8E06C40F00400E06414
:106F60003868F9F789FF18B1E06C40F00800E06478
:106F700097F81A01012811D197F8170101280DD1AE
:106F80003868D7F8FC10D0E94802AAEB0101104498
:106F9000814203D8E06C40F01000E0640EB0BDEC1C
:106FA000108B01B0BDE8F08F00000080000030437E
:106FB00000000000BD3786B5F0B581B041F28426EF
:106FC0000C468F1901F5907144220546D9F7D7FC7C
:106FD000A059D5E908120844D7E90113AF6A114452
:106FE000FA1805F1200307C301B0F0BD2DE9F04107
:106FF00000220262EFF3108CEFF3108372B6D1E936
:10700000023E01F1100898E8F001496AC0E9003E2B
:1070100000F1080383E8F001C1618CF3108800F1EE
:1070200010078ACFC669A1F5FA71B1F5FA6F4FF072
:107030000001A3F5FA7398BF0121B3F5FA6F4FF081
:107040000003A7F5FA7798BF0123B7F5FA6F4FF061
:107050000007A6F5FA7698BF0127B6F5FA6F98BF34
:1070600001223A401A40114080F82010BDE8F0811A
:107070002DE9F0410029044665D08846B1F1804FE2
:1070800080F0A2804FEA880002F019FC216820609D
:1070900011B1084600F028FD08F003000022B8F105
:1070A000040F4FF00001C4F8048019D34FF6FC71AF
:1070B000C3F6FF7108EA0103002100BF266846F805
:1070C0002120266806EB81067260266806EB8106A1
:1070D000B260266806EB810604318B42F260EDD186
:1070E00080B123680022012843F821200AD02368B8
:1070F000022803EB81035A6004D0206800EB810072
:1071000000218160204650F8083F23B34FF05531ED
:1071100001EA5801A8EB01014FF0333202EA910273
:1071200021F0CC31114401EB111121F0F0314FF07D
:10713000013251435D68090E0129A8F1010C0CD8F8
:1071400005EA0C050FE0206800250028256018BF1F
:1071500000F0CAFC6560BDE8F081454503D3B5FB8E
:10716000F8F202FB1855226842F82500186800283A
:1071700008BFBDE8F08100BF4268012902D802EAD9
:107180000C0205E0424503D3B2FBF8F606FB1822D9
:10719000AA420FD0266856F8227097B107681F6080
:1071A000276857F822703F680760276857F8222041
:1071B000106018462A460346006815460028DBD1B1
:1071C000C9E746F82230F6E700F06EFC0000000048
:1071D0002DE9F04F81B02DED048B8CB04E68147802
:1071E0008B460390CEB14FF0553101EA5601721A29
:1071F0004FF0333101EA920122F0CC32114401EB1D
:10720000111121F0F0324FF0013151430D0E012DDB
:1072100004D8711E01EA040808E027E0A642A0464F
:1072200004D8F1B2B4FBF1F202FB1148DBF8001014
:1072300051F82810D1B10F68C7B1711E06E000BF28
:107240003A7AA24200F0CA803F687FB17A68A242CF
:10725000F6D0012D02D80A4006E000BFB24203D3A7
:10726000B2FBF6F303FB16224245EDD01A9D0C202B
:1072700002F025FB07464FF0000A2868C7E900A482
:1072800000789FED7B0B3872DBF80C000025009432
:1072900054EC109BC4F23035013029464A4623464F
:1072A00087F809A0029004F00DFD03F06BFC09EED5
:1072B000100A304629464A462346CDF80490254612
:1072C00004F000FD03F05EFC9BED048A00EE100A62
:1072D00020EE080AB4EEC09AF1EE10FA5A46C8BF82
:1072E0004FF0010A26B1BAF1000F01D192468EE0AB
:1072F000032E4FEA460004D3711E314018BF01210E
:1073000000E00121DDE9009BA84641EA00050021DB
:1073100002989246C4F230315A46434604F0D2FCF9
:1073200003F030FC00EE100A80EE080A02F06CFD5B
:10733000BCEEC00A10EE104AA54288BF2C46012CB4
:1073400001D1022408E0601E044205D0204600F06E
:1073500093F8DAF804600446B44204D95046214652
:10736000FFF786FE43E042D2DAF80C000021C4F2B7
:1073700030315A46434604F0A5FC03F003FC9AED75
:10738000040A01EE100A81EE000A02F03DFDBCEE97
:10739000C00A032E10EE100A22D34FF0553101EA35
:1073A0005601711A4FF0333202EA910221F0CC31CA
:1073B000114401EB111121F0F0314FF00132514332
:1073C000090E01290CD8411EB1FA81F1C1F1200149
:1073D0000122022828BF02FA01F003E000203EE06B
:1073E00000F04AF8844298BF0446B442B6D3DAF8B3
:1073F0000460701E064202D100EA090807E04E450B
:1074000001D9C84603E0B9FBF6F000FB1698DAF89C
:10741000001051F8280010B10168396018E00AF135
:107420000800026807603A6041F82800386880B1B7
:107430004068711E0E4201D1084005E0B04203D3FE
:10744000B0FBF6F101FB1600DAF8001001EB80004A
:107450000760DAF80C000130CAF80C00012003992B
:107460000F6008710CB0BDEC048B01B0BDE8F08F6B
:1074700000000000000030432DE9F041D32816D869
:107480004CF6D8313022C0F6020100BF530801EBA0
:10749000830757F8046B6FEA520586423CBF5319C5
:1074A0003946002B1A46F1D10868BDE8F08110F189
:1074B000040F80F0B1824CF29D024108C9F60942E6
:1074C000A1FB02124FEA9218D2224CF6984E08FB0A
:1074D0001200C0F6020E08FB02F43027724600BF0D
:1074E0007B0802EB830656F8045B6FEA570185427E
:1074F0003CBF7B183246002B1F46F1D1A2EB0E0099
:107500004CF6D8338210C0F602034FF0D20C5EF86E
:1075100022002044052400BF53F82450B0FBF5F6A8
:10752000AE42C2D306FB05F1884200F06982013405
:107530002F2CF1D140F2A314A4F1D005B0FBF5F645
:10754000AE42B2D306FB05F1884200F05982A4F1A5
:10755000C606B0FBF6F70A35AF42A6D307FB06F125
:10756000884200F04D82A4F1C406B0FBF6F7023564
:10757000AF429AD307FB06F1884200F04182A4F1A2
:10758000C006B0FBF6F70435AF428ED307FB06F119
:10759000884200F03582A4F1BE06B0FBF6F7023552
:1075A000AF42FFF482AF07FB06F1884200F0288269
:1075B000A4F1BA06B0FBF6F70435AF42FFF475AF9D
:1075C00007FB06F1884200F01B82A4F1B406B0FB71
:1075D000F6F70635AF42FFF468AF07FB06F18842C5
:1075E00000F00E82A4F1B206B0FBF6F70235AF420E
:1075F000FFF45BAF07FB06F1884200F00182A4F1C3
:10760000AC06B0FBF6F70635AF42FFF44EAF07FB12
:1076100006F1884200F0F481A4F1A806B0FBF6F769
:107620000435AF42FFF441AF07FB06F1884200F09A
:10763000E781A4F1A606B0FBF6F70235AF42FFF4EE
:1076400034AF07FB06F1884200F0DA81A4F1A2060C
:10765000B0FBF6F70435AF42FFF427AF07FB06F1A6
:10766000884200F0CD81A4F19C06B0FBF6F7063508
:10767000AF42FFF41AAF07FB06F1884200F0C08169
:10768000A4F19606B0FBF6F70635AF42FFF40DAF56
:1076900007FB06F1884200F0B381A4F19406B0FB29
:1076A000F6F70235AF42FFF400AF07FB06F1884260
:1076B00000F0A681A4F18E06B0FBF6F70635AF42C6
:1076C000FFF4F3AE07FB06F1884200F09981A4F1C4
:1076D0008A06B0FBF6F70435AF42FFF4E6AE07FBCF
:1076E00006F1884200F08C81A4F18806B0FBF6F721
:1076F0000235AF42FFF4D9AE07FB06F1884200F035
:107700007F81A4F18206B0FBF6F70635AF42FFF4A5
:10771000CCAE07FB06F1884200F07281A4F17E0630
:10772000B0FBF6F70435AF42FFF4BFAE07FB06F13E
:10773000884200F06581A4F17806B0FBF6F70635C3
:10774000AF42FFF4B2AE07FB06F1884200F0588169
:10775000A4F17006B0FBF6F70835AF42FFF4A5AE12
:1077600007FB06F1884200F04B81A4F16C06B0FBE8
:10777000F6F70435AF42FFF498AE07FB06F18842F6
:1077800000F03E81A4F16A06B0FBF6F70235AF4285
:10779000FFF48BAE07FB06F1884200F03181A4F1C3
:1077A0006606B0FBF6F70435AF42FFF47EAE07FB8A
:1077B00006F1884200F02481A4F16406B0FBF6F7DC
:1077C0000235AF42FFF471AE07FB06F1884200F0CC
:1077D0001781A4F16006B0FBF6F70435AF42FFF461
:1077E00064AE07FB06F1884200F00A81A4F1580656
:1077F000B0FBF6F70835AF42FFF457AE07FB06F1D2
:10780000884200F0FD80A4F15206B0FBF6F7063581
:10781000AF42FFF44AAE07FB06F1884200F0F08069
:10782000A4F14E06B0FBF6F70435AF42FFF43DAECF
:1078300007FB06F1884200F0E380A4F14806B0FBA4
:10784000F6F70635AF42FFF430AE07FB06F188428B
:1078500000F0D680A4F14606B0FBF6F70235AF4241
:10786000FFF423AE07FB06F1884200F0C980A4F1C3
:107870004206B0FBF6F70435AF42FFF416AE07FB45
:1078800006F1884200F0BC80A4F13C06B0FBF6F79C
:107890000635AF42FFF409AE07FB06F1884200F05F
:1078A000AF80A4F13A06B0FBF6F70235AF42FFF421
:1078B000FCAD07FB06F1884200F0A280A4F134067B
:1078C000B0FBF6F70635AF42FFF4EFAD07FB06F16C
:1078D000884200F09580A4F12E06B0FBF6F706353D
:1078E000AF42FFF4E2AD07FB06F1884200F088806A
:1078F000A4F12A06B0FBF6F70435AF42FFF4D5AD8C
:1079000007FB06F188427BD0A4F12806B0FBF6F70E
:107910000235AF42FFF4C9AD07FB06F188426FD0D4
:10792000A4F12406B0FBF6F70435AF42FFF4BDAD79
:1079300007FB06F1884263D0A4F11E06B0FBF6F700
:107940000635AF42FFF4B1AD07FB06F1884257D0D0
:10795000A4F11C06B0FBF6F70235AF42FFF4A5AD6B
:1079600007FB06F188424BD0A4F11606B0FBF6F7F0
:107970000635AF42FFF499AD07FB06F188423FD0D0
:10798000A4F11206B0FBF6F70435AF42FFF48DAD5B
:1079900007FB06F1884233D0A4F11006B0FBF6F7DE
:1079A0000235AF42FFF481AD07FB06F1884227D0D4
:1079B000A4F10C06B0FBF6F70435AF42FFF475AD49
:1079C00007FB06F188421BD0A4F10A06B0FBF6F7CC
:1079D0000235AF42FFF469AD07FB06F188420FD0D4
:1079E000B0FBF4F605F10A018E4238BFBDE8F08124
:1079F00006FB04F1884204F1D2047FF49DAD00BF80
:107A0000501C302808BF08F10108B0F1300218BF3F
:107A1000024608FB0CF47AE501A000F01CF800BF58
:107A20005F5F6E6578745F7072696D65206F7665F3
:107A300072666C6F7700000084B0844601A80EC0A7
:107A400040F6900001AAC2F2000061460092D9F708
:107A500039F9D9F7C2FB01464DF24B60C0F602007E
:107A6000FFF7EAFF4BF62860C2F20000006870479B
:107A700001A0FFF7E1FF00BF6261645F616C6C6FA2
:107A80006320776173207468726F776E20696E204F
:107A90002D666E6F2D657863657074696F6E7320E7
:107AA0006D6F64650000000001A0FFF7C5FF00BF17
:107AB0006261645F61727261795F6E65775F6C6548
:107AC0006E67746820776173207468726F776E20B8
:107AD000696E202D666E6F2D657863657074696FB1
:107AE0006E73206D6F646500D9F763B8002070472E
:107AF000FEE700004FF0FF307047000000207047A5
:107B0000012070474FF0FF307047000000207047A1
:107B1000704700002DE9F04FBBB0DEF797F9E3F7AF
:107B20000BFFE3F78DF9E2F79FFF8046E3F742F999
:107B3000E3F74EFCE3F736FBE3F7E6FBE3F7C8FCBD
:107B4000E3F7EEFAE3F7ECFCE3F788F8E3F7BCF8C9
:107B5000E3F786FDE3F7C6FDE3F7A4FDE3F7EAF8F4
:107B6000E3F708F9E3F74AFAE3F76AFAE3F78AFA80
:107B7000E3F7B2FAE3F7D8FDE3F734F8D4480DF1B0
:107B8000BC0E2E90D2A0071D8ECFD0E9056C8EE8DA
:107B90008E0000F12403D0E907450ECB006BCDE940
:107BA00036513A902EA831213396CDE93823CDE9CC
:107BB00034C4E2F765FFB8F1000F47D0E2F734FFB5
:107BC0004CF2584048F2A061C2F20000C0F201013C
:107BD000E2F7EAFA42F2AC40C2F20000EAF794FDA2
:107BE000C8480DF1340E0C90C6A0071D8ECFD0E909
:107BF000056C8EE88E0000F12403D0E907450ECB1A
:107C0000006B1196CDE91623CDE91451CDE912C4CC
:107C10001890DCF7FBFDA0F57A750CAC03E000BF13
:107C20001420DCF709FC0020E2F7FCFEE2F7F4FE8A
:107C3000DCF7ECFD401BB0F57A7FF1D3DCF7E6FD15
:107C4000054620463021E2F71BFFE9E74CF6C82441
:107C5000C2F200044CF2C06B20460021C0F22D0B92
:107C60004FF00008E0F7D6FC20460421E0F7D2FCF4
:107C700020460821E0F7CEFC20460C21E0F7CAFCA4
:107C80004CF67844C2F2000420460021E0F7C2FC22
:107C900020460421E0F7BEFC20460821E0F7BAFCAC
:107CA0004CF61030C2F200000021E0F7B3FC4CF2B9
:107CB00058454CF2AC4440F2602A4BF6B4190CAF74
:107CC000C2F20005C2F20004C2F2000AC2F20009C8
:107CD00012E000BF4CF66B6238464021C0F602024B
:107CE0003346D8F7D7FB81B23846E2F7C9FE08F130
:107CF0000108B8F1050F6AD08FA050F82860384607
:107D0000402192A23346D8F7C5FB81B23846E2F74C
:107D1000B7FE28465946E2F747FA20465946E2F7A9
:107D200043FA40F21C20C2F2000050F8280001681B
:107D3000096888472846E2F739FB10B32046E2F786
:107D400035FBF0B1B8F1010F02D8E8F777FDC0B10B
:107D5000B8F1030F08D0B8F1020FBBD199F85A005F
:107D60000028B7D00DE000BF9AF8A00148B19AF8FA
:107D7000A10130B19AF8A20118B19AF8A301002824
:107D8000A8D14CF61030C2F2000000680021416317
:107D90000020E2F747FE4CF63964C0F602040CAD51
:107DA00004E000BF4FF47A70DCF746FB99F85A7094
:107DB00028464021224633460097D8F76BFB411EE8
:107DC0003E29EFD881B22846E2F75AFEEAE74CF6A0
:107DD0006830C0F6020090E88E000DF1900ED0E9F8
:107DE0000465D0E9064C8EE88E00D0E90801CDE9A3
:107DF0002865CDE92BC02D9124A826212A94E2F7ED
:107E00003FFE5046ECF798FE4CF662614CF61B6262
:107E1000C0F60201C0F60202002818BF0A464FF061
:107E20001D01104618BF0821E2F72AFEDAE977376C
:107E3000DAF8E4614CF678620CACC0F60202204637
:107E40006021CDE90067D8F725FB81B22046E2F733
:107E500017FE4DF22470C0F6020090E88E000DF17E
:107E6000080ED0E90465D0E9064C8EE88E00D0E912
:107E70000801CDE90665CDE909C00B9102A82721CB
:107E80000894E2F7FDFD4CF61860C2F200000121F3
:107E90000170DCF7BBFC4CF61C61C2F2000108600B
:107EA00042F6F45740F21C2042F2AC4242F6FC5338
:107EB000C2F20007C2F20000C2F20002C2F20003E6
:107EC00005210097E8F7C0FC00203BB0BDE8F08F2B
:107ED000424F4F543D5633332045534B465F564F28
:107EE00046415F32303236303931365F52322055BA
:107EF000415254365F3131353230305F3845310DC3
:107F00000A00000043414C3D4C4F434B5F574154E6
:107F10004348444F475F524553455420504F5745BF
:107F2000525F4359434C455F41545F53555246415C
:107F300043450D0A00000000BBCE0208B4CE020883
:107F4000C5CE0208ABCE0208A7CE0208424F4F545E
:107F50003D494E49545F25730D0A0000F0B581B0CC
:107F60000D464CF6A0614CF69456C2F20001C2F2E6
:107F700000060F6831680446081D00F02DF910B1A5
:107F8000601C0FD01AE030684CF63862C06AC2F24A
:107F900000020121136801FA00F023EA00001060DA
:107FA000601C0BD155B13068011D4CF68C60C2F2DB
:107FB000000001B0BDE8F04000F0B0B93068E4194D
:107FC00044600BD34CF69C50C2F20000006831684C
:107FD000043101B0BDE8F04000F070B94CF69850A3
:107FE000C2F2000000683168043100F067F94CF615
:107FF0006860C2F2000001688C4238BF046001B0C2
:10800000F0BD00004CF6A0504EF60451C2F2000044
:10801000CEF200014FF080520368022BFCD30A60BD
:10802000BFF34F8FBFF36F8FF6E70000084800687B
:10803000006880F308884FF0000080F3148862B66F
:1080400061B6BFF34F8FBFF36F8F00DF00BF00003B
:1080500008ED00E080B582B00020019040F2E070B1
:10806000C2F200000068013006D04DF29350C0F615
:108070000200E321E2F790FA4FF0500080F31188FC
:10808000BFF36F8FBFF34F8F019830B9019820B9BC
:10809000019810B901980028F6D002B080BD000008
:1080A000F0B581B0044600F051F994F94560012E15
:1080B0000FDB04F1240500BF286850B1284601F009
:1080C0001FFB002818BF00F02BFA70B2013E0128F8
:1080D000F2DCFF2684F8456000F05AF900F036F92A
:1080E00094F94470012F0EDB04F11005286850B19B
:1080F000284601F005FB002818BF00F011FA78B2FD
:10810000013F0128F2DC84F8446001B0BDE8F04092
:1081100000F03EB9034648F2550021F00101C0F6D7
:1081200002004FF0807C03E903106FF00201A3F11D
:10813000440043E90912704770B50D46044600F04B
:1081400005F94CF69456C2F200063068406C90B9BE
:108150003068012180F848106DB12846FFF7FEFE17
:108160004EF60450CEF200004FF080510160BFF394
:108170004F8FBFF36F8F00F00BF900F0E7F8306816
:10818000456C2DB131680020002C08BF681E486482
:108190003068002180F8481000F0FAF8284670BDD9
:1081A000017809B1002070474178012903D08A077E
:1081B00005D402224270481E18BF0120704780B5C6
:1081C0004DF28F60C0F6020000F004F8012101704A
:1081D00041707047D9F701F80169D0E90132D1F84F
:1081E00004C09A608445536008BF4A60002202615F
:1081F00008680138086008687047000020B94CF62C
:108200009450C2F200000068016B0878A5281CBFDA
:1082100000207047022000BF0A1812F8013CA52B6D
:108220000DD10B5CA52B0BD15378A52B0BD19278DC
:108230000430A52AF0D00238C0F38F00704701380F
:10824000C0F38F0070470130C0F38F00704700000B
:1082500048F63443C2F20003036042F62460C2F2DF
:10826000000008604FF48070106070470420FBF736
:108270008BFFEFF3108072B64BF62C60C2F2000059
:1082800002A181670021C167FEE700BF73746163CB
:108290006B206F766572666C6F7700004FF0FF3170
:1082A000024642F8081F00214260C0E90322016033
:1082B00070470000002101617047000010B5D1F83F
:1082C00000C01CF1010213D000F1080462681368B9
:1082D000634511D853681C68644510D85A681468FF
:1082E00064450ED854682368A6466345EED90AE073
:1082F0000269D2F804E006E09646224603E09E4674
:1083000001E096461A46C1F804E0CEF808108A60EB
:108310005160086101680131016010BDD0F800C0F2
:10832000436808619A68C1E90132516099600CF1B3
:108330000101016070470000DFF80C00016841F4A2
:10834000700101607047000088ED00E04FF05000C0
:1083500080F31188BFF36F8FBFF34F8F40F2E0704F
:10836000C2F2000001684A1C0029026018BF704771
:108370004EF60450CEF200000068000607D04DF221
:108380009350C0F6020040F29F11E2F705B9704722
:1083900010B540F2E074C2F20004206840B94DF21A
:1083A0009350C0F602004FF4D371E2F7F5F820685D
:1083B0000138206018BF10BD002080F3118810BD67
:1083C0004EF21000CEF2000000210160816049F2FF
:1083D0003F01C0F2020141600721016070470000C7
:1083E00080B5EFF30580102813D34EF2F031CEF2B2
:1083F0000001405C4CF62061C2F20001097888421D
:1084000007D24DF29350C0F6020040F2F221E2F79B
:10841000C3F84EF60C50CEF200004CF62461006812
:10842000C2F20001096800F4E060884298BF80BD94
:108430004DF29350C0F6020040F20231BDE8804098
:10844000E2F7AAB870B5002850D04CF63065C2F2F9
:1084500000050446286838B14DF24D40C0F60200D0
:1084600040F24451E2F798F82868013028604CF651
:10847000A0604CF69455C2F20000C2F200050668F6
:1084800028680430FFF7A8FE60B928684CF6386207
:10849000C06AC2F200020121136801FA00F023EA67
:1084A000000010602868A419446009D34CF69C5061
:1084B000C2F20000006829680431FFF7FFFE10E0F7
:1084C0004CF69850C2F20000006829680431FFF7AA
:1084D000F5FE4CF66860C2F2000001688C4238BFBD
:1084E000046001F055F9002818BF70BD4EF6045025
:1084F000CEF200004FF080510160BFF34F8FBFF309
:108500006F8F70BD4CF66C61C2F2000109680160AA
:108510004CF6A061C2F2000109684160704700009A
:108520004CF6A460C2F20000012101607047000017
:10853000F0B581B005460C4638B94DF24D40C0F655
:10854000020041F2A831E2F727F8FFF749FFEFF305
:1085500011874FF0500080F31188BFF36F8FBFF386
:108560004F8F022195F8480085F84810696C012862
:1085700001F10101696442D1A86A38B14DF24D4060
:10858000C0F6020041F2CE31E2F706F84CF6306058
:10859000C2F20000006830B14CF6746005F11801B9
:1085A000C2F2000016E02E1D3046FFF715FE4CF615
:1085B0003862E86AC2F2000201211368814019435F
:1085C00011604CF6A05100EB8000C2F2000101EBFB
:1085D00080003146FFF7A2FE4CF69451C2F2000132
:1085E000E86A0968C96A884209D9002C1CBF0120C1
:1085F00020604CF6A460C2F200000121016087F304
:10860000118801B0F0BD0000B0B50C4650B94DF274
:108610004D41C0F602010546084640F6FA31E1F741
:10862000BBFF28464CF69451C2F20001096818318C
:10863000FFF744FE20460121BDE8B040FFF78EBCA5
:1086400010B586B0002405A804A903AACDE9044406
:10865000FFF7FEFDDDE9032005990023CDE90101C7
:1086600048F20500C0F6020013A1009400F03AFDA4
:108670004CF66461C2F200010860D8B14FF05000BE
:1086800080F31188BFF36F8FBFF34F8F4CF6686094
:10869000C2F200004FF0FF3101604CF68860C2F278
:1086A0000000012101604CF6A060C2F200000460ED
:1086B00000F066F806B010BD49444C4500000000CB
:1086C0004CF63060C2F20000016801310160704771
:1086D0004CF63060C2F20000006830B14CF6A46085
:1086E000C2F20000012101607047B0B54CF6A460F1
:1086F000C2F2000000214CF694540160C2F2000462
:108700002068006B0168B1F1A53F0BD14168B1F160
:10871000A53F07D18168B1F1A53F03D1C068B0F191
:10872000A53F04D0206821683431FFF79FFD4CF647
:108730003860C2F200000068B0FA80F0C0B2C0F148
:108740001F004CF6A05100EB8000C2F2000151F86E
:10875000202001EB80053AB94DF24D40C0F60200F1
:1087600040F6E131E1F718FF686805F1080140685B
:108770008842686001D140686860C0682060B0BD10
:10878000B0B584B04EF20044CEF200044CF2702535
:10879000C4F20F15D4F80009691C884207D14DF2C4
:1087A0009350C0F602004FF49471E1F7F5FED4F84F
:1087B0000009A84207D14DF29350C0F6020040F2E2
:1087C0002911E1F7E9FE20784CF620610290FF20A4
:1087D00020702078C2F200018DF807009DF8070094
:1087E0004CF6246500F050000870C2F20005072026
:1087F00028609DF90700B0F1FF3F37DC032000BF80
:10880000C11C29609DF8072052008DF807209DF9B2
:108810000720B2F1FF3F24DC811C29609DF807206E
:1088200052008DF807209DF90720B2F1FF3F18DCB8
:10883000411C29609DF8072052008DF807209DF902
:108840000720B2F1FF3F0CDC28609DF807100438C8
:1088500049008DF807109DF90710B1F1FF3FCFDDFA
:10886000011D032902D14FF440700CE04DF29350EA
:10887000C0F602004FF4AD71E1F78EFE28684FF4A8
:10888000E06101EA0020286002982070D4F82009F5
:1088900040F47000C4F82009D4F8200940F070407A
:1088A000C4F82009FFF78CFD40F2E074C2F2000426
:1088B00000252560FFF740FD4EF63470CEF2000033
:1088C000016841F040410160FFF7B0FBFFF700FF96
:1088D00003952068013006D04DF29350C0F6020097
:1088E000E321E1F759FE4FF0500080F31188BFF308
:1088F0006F8FBFF34F8F00BF039830B9039820B933
:10890000039810B903980028F6D0002004B0B0BD39
:1089100080B54FF0500080F31188BFF36F8FBFF325
:108920004F8F00F0EDFD30B14EF60450CEF2000056
:108930004FF080510160002080F3118880BD00005D
:10894000F0B581B01C46154606460F4610B15CB125
:108950009FB116E04DF2F040C0F602004FF49D7159
:10896000E1F71AFE002CF3D14DF2F040C0F6020000
:108970004FF49F71E1F710FE1FB915B14FF4A171CB
:1089800003E047B13DB940F243114DF2F040C0F66B
:108990000200E1F701FE482000900098482807D027
:1089A0004DF2F040C0F6020040F24B11E1F7F4FD49
:1089B00000981CB3002F08BF25462560C4E90F6747
:1089C000FFF7C4FC2068D4E90F12002702FB010363
:1089D000013901FB0201A763C4E90103FF20E16043
:1089E00084F8440084F8450004F11000FFF756FCB9
:1089F00004F12400FFF752FCFFF7CAFC204601B047
:108A0000F0BD00002DE9F04F83B01D4617468A46A1
:108A10000446029218B1BAF1000F15D10AE04DF2E6
:108A2000F040C0F6020040F2EA21E1F7B5FDBAF1EC
:108A3000000F09D1206C38B14DF2F040C0F60200B1
:108A400040F2EB21E1F7A8FD022D0AD1E06B0128ED
:108A500007D04DF2F040C0F602004FF43B71E1F751
:108A60009BFD00F033FD40B93FB14DF2F040C0F640
:108A7000020040F2EF21E1F78FFDFFF767FCA06BEA
:108A8000022D55D0E16B884252D30298002800F0A5
:108A9000E2806846FFF736FDFFF77AFCFFF710FE2D
:108AA000FFF754FC94F84400FF2804BF002084F82A
:108AB000440094F84500FF2804BF002084F84500D6
:108AC000FFF766FC684602A900F0C6FA28B1204606
:108AD000FFF7E6FA00F05CFEBFE004F11008FFF7D4
:108AE00035FCA76BE66BFFF753FCB74215D1029933
:108AF0004046FFF789FD2046FFF7D2FA00F048FE16
:108B000080B94EF60450CEF200004FF08051016063
:108B1000BFF34F8FBFF36F8F04E02046FFF7C0FA1B
:108B200000F036FEFFF712FCA06BE16B884244D2E6
:108B3000A76B226C3AB3CDB1E0685146D7F7DAFEA5
:108B4000E168206C2268091A9142E16003D2A168B1
:108B500040420844E060A81EB0FA80F0400939465F
:108B6000002F18BF012108403F1A0CE060685146F1
:108B7000D7F7C0FED4E90101226C1044884260603E
:108B800001D320686060781CA06354F8240F70B192
:108B9000204600F0B5FD50B14EF60450CEF2000074
:108BA0004FF080510160BFF34F8FBFF36F8FFFF71E
:108BB000EFFB012003B0BDE8F08FE94602AF0AE009
:108BC0002046FFF76DFA00F0E3FDFFF7BFFBA06B57
:108BD000E16B8842ACD3029800283CD0FFF7D8FB69
:108BE000FFF76EFDFFF7B2FB94F84400FF2804BFC7
:108BF000002084F8440094F84500FF2804BF0020BA
:108C000084F84500FFF7C4FB4846394600F024FAD3
:108C100000287FF45CAFFFF799FBA66BD4F83CB05B
:108C2000FFF7B6FB5E45CBD102994046FFF7ECFC5F
:108C30002046FFF735FA00F0ABFD0028C5D14EF60F
:108C40000450CEF200004FF080510160BFF34F8F0F
:108C5000BFF36F8FB9E7FFF79BFB002003B0BDE8C0
:108C6000F08F00002DE9F0471E46904605460F465E
:108C700008B19FB908E04DF2F040C0F602004FF491
:108C80006F71E1F789FC4FB9286C38B14DF2F040B3
:108C9000C0F6020040F2BD31E1F77EFC022E0AD19F
:108CA000E86B012807D04DF2F040C0F6020040F218
:108CB000BE31E1F771FCFFF793FBEFF3118A4FF040
:108CC000500080F31188BFF36F8FBFF34F8FA86BF5
:108CD000022E07D0E96B884204D300208AF3118862
:108CE000BDE8F08795F84590A86BAC6B2A6C3AB359
:108CF000CEB1E8683946D7F7FDFDE968286C2A68E7
:108D0000091A9142E96003D2A96840420844E86028
:108D1000B01EB0FA80F040092146002C18BF012196
:108D20000840241A0CE068683946D7F7E3FDD5E916
:108D300001012A6C10448842686001D32868686089
:108D4000601CB9F1FF0FA86311D155F8240F90B141
:108D5000284600F0D5FC0146B8F1000F4FF00100A5
:108D600018BF00290CD18AF31188BDE8F08709F1FA
:108D7000010085F8450001208AF31188BDE8F087DD
:108D8000C8F800008AF31188BDE8F08770B5054681
:108D90000C4638B94DF2F040C0F6020040F2644192
:108DA000E1F7FAFB286C38B14DF2F040C0F6020052
:108DB0004FF48D61E1F7F0FB286848B9A86838B135
:108DC0004DF2F040C0F6020040F26D41E1F7E4FBE5
:108DD000FFF706FBEFF311864FF0500080F3118888
:108DE000BFF36F8FBFF34F8FA96BE86B814215D232
:108DF00095F845000131FF28A96313D155F8240FD8
:108E000098B1284600F07CFC0146002C4FF0010090
:108E100018BF00290DD186F3118870BD002086F39C
:108E2000118870BD013085F84500012086F3118856
:108E300070BD206086F3118870BD00002DE9F04FF1
:108E400083B016460D460446029208B19DB908E06B
:108E50004DF2F040C0F6020040F20451E1F79CFBF5
:108E60004DB9206C38B14DF2F040C0F602004FF41D
:108E7000A161E1F791FB00F029FB40B93EB14DF251
:108E8000F040C0F6020040F20D51E1F785FBFFF71C
:108E90005DFAD4F838A0BAF1000F28D0226C52B194
:108EA000D4E902011144E160814224BF2168E160FC
:108EB0002846D7F71FFDAAF10100A06354F8100F50
:108EC00070B1204600F01CFC50B14EF60450CEF2BA
:108ED00000004FF080510160BFF34F8FBFF36F8FE1
:108EE0000124FFF755FA204603B0BDE8F08F029841
:108EF000002800F0AF806846FFF704FBFFF748FA50
:108F0000FFF7DEFBFFF722FA94F8440004F124088F
:108F1000FF2804BF002084F8440094F84500FF288F
:108F200004BF002084F84500FFF732FA684602A922
:108F300000F092F860B12046FFF7B2F800F028FC8C
:108F4000FFF704FAA66BFFF723FA16BB0024CAE763
:108F5000FFF7FCF9A66BFFF71BFA2EB12046FFF7CF
:108F60009FF800F015FC14E002994046FFF74CFB17
:108F70002046FFF795F800F00BFC50B94EF6045070
:108F8000CEF200004FF080510160BFF34F8FBFF36E
:108F90006F8FFFF7DBF9D4F838A0BAF1000F7FF438
:108FA0007DAF4FF00009EB4602AE13E02046FFF71D
:108FB00077F800F0EDFBFFF7C9F9A76BFFF7E8F9C9
:108FC000002FC3D0FFF7C2F9D4F838A0BAF1000FD0
:108FD0007FF464AF029800283CD0FFF7D9F9FFF77F
:108FE0006FFBFFF7B3F994F84400FF2808BF84F83B
:108FF000449094F84500FF2808BF84F84590FFF797
:10900000C7F95846314600F027F80028CED1FFF7BF
:109010009DF9A76BFFF7BCF92FB12046FFF740F889
:1090200000F0B6FBCEE702994046FFF7EDFA204686
:10903000FFF736F800F0ACFB0028C3D14EF6045021
:10904000CEF200004FF080510160BFF34F8FBFF3AD
:109050006F8FB7E7002444E770B504460D4620B390
:109060006DB3FFF773F94CF6A06EC2F2000EDEF896
:10907000003029684A1C2BD04CF66C6CC2F2000CF4
:10908000D4E90002DCF80060864201D0934223D28A
:109090009A1A91421ED9881A2860DCF800002060D4
:1090A000DEF800006060002417E04DF24D40C0F68D
:1090B000020040F6CE41E1F76FFA002DD1D14DF21A
:1090C0004D40C0F6020040F6CF41E1F765FAC8E72F
:1090D000002402E0002028600124FFF759F920460F
:1090E00070BD00002DE9F04782B0DDE90B459846E0
:1090F00017468A468146BCB105B34C2001900198C1
:109100004C2807D04DF24D40C0F6020040F25921E4
:10911000E1F742FA0198002C4FF0000018BF002D33
:1091200015D102B0BDE8F0874DF24D40C0F6020007
:109130004FF41471E1F730FA002DDED14DF24D40BD
:10914000C0F6020040F25121E1F726FAD5E70A9E67
:10915000B9002046A5222C63D7F743FC286BBAF14F
:10916000000F00EB8700A0F1040020F0070456D0A8
:109170009AF80000002885F834004CD09AF80100D5
:10918000002885F8350046D09AF80200002885F8B6
:10919000360040D09AF8030085F83700D8B39AF823
:1091A000040085F83800B0B39AF8050085F8390056
:1091B00088B39AF8060085F83A0060B39AF8070079
:1091C00085F83B0038B39AF8080085F83C0010B3E6
:1091D0009AF8090085F83D00E8B19AF80A0085F888
:1091E0003E00C0B19AF80B0085F83F0098B19AF89C
:1091F0000C0085F8400070B19AF80D0085F8410028
:1092000048B19AF80E0085F8420000281CBF9AF871
:109210000F0085F84300002085F8430002E000209D
:1092200085F834002F1D3846052E28BF0526EE622E
:10923000FFF740F805F11800FFF73CF8C6F106000B
:10924000A86100202D616D62686485F848002046A1
:1092500049464246FEF75EFF2860FFF777F84CF676
:109260002C60C2F2000001684CF694560131016096
:10927000C2F2000631684CF6886A4CF6A054C2F27D
:10928000000AC2F2000451B1DAF80000002847D108
:109290003068E96AC06A884298BF356040E035604E
:1092A000006801283CD12046FEF7F8FF04F11400C5
:1092B000FEF7F4FF04F12800FEF7F0FF04F13C0094
:1092C000FEF7ECFF04F15000FEF7E8FF04F1640044
:1092D000FEF7E4FF4CF63C68C2F200084046FEF799
:1092E000DDFF4CF65069C2F200094846FEF7D6FF92
:1092F0004CF67460C2F20000FEF7D0FF4CF68C60B2
:10930000C2F20000FEF7CAFF4CF69850C2F200000D
:10931000C0F800804CF69C50C2F20000C0F80090EB
:109320004CF63460C2F2000001684CF6386201313C
:109330000160E86AC2F2000201211368814019430A
:1093400000EB8000116004EB80003946FEF7E6FF79
:10935000FFF71EF8DAF8000078B13068E96AC06AF1
:1093600088420AD24EF60450CEF200004FF08051EF
:109370000160BFF34F8FBFF36F8F284602B0BDE887
:10938000F08700002DE9F0411F46164604460D46C1
:1093900038B94DF24D40C0F6020041F22831E1F7F4
:1093A000FBF8FFF71DF8EFF311884FF0500080F342
:1093B0001188BFF36F8FBFF34F8F002F1CBF606CFE
:1093C000386094F848700220042E84F848001CD8B5
:1093D000DFE806F02603110D0600606C28430CE060
:1093E000022F04D1002088F31188BDE8F081656464
:1093F000012F17D004E0606C01306064012F11D0A0
:10940000012088F31188BDE8F081606C013007D03D
:109410004DF24D40C0F6020041F26B31E1F7BCF86D
:10942000012FEDD1A06A38B14DF24D40C0F60200D7
:1094300041F27631E1F7B0F84CF63060C2F200004C
:10944000006830B14CF6746004F11801C2F20000FB
:1094500016E0251D2846FEF7BFFE4CF63862E06A8E
:10946000C2F20002012113688140194311604CF6D9
:10947000A05100EB8000C2F2000101EB8000294600
:10948000FEF74CFF4CF69451C2F20001E06A096805
:10949000C96A88420ED9069800281CBF01210160C4
:1094A0004CF6A461C2F200010120086088F3118823
:1094B000BDE8F081012088F31188BDE8F08100004B
:1094C0004CF69450C2F20000006870474CF6886079
:1094D000C2F200000068002804BF012070474CF66B
:1094E0003060C2F200000068B0FA80F0400940002D
:1094F000704700004CF6A060C2F2000000687047A0
:109500002DE9F04F81B04CF63060C2F200000068E7
:1095100040B14CF67060C2F20000016800240131D5
:109520000160A1E04CF6A060C2F2000001684CF6B8
:10953000686511F1010BC2F20005C0F800B028D334
:109540004CF69854C2F200042068006838B14DF21D
:109550004D40C0F6020040F6A921E1F71DF84CF697
:109560009C51C2F2000120680A68226008604CF633
:109570006C60C2F20000016801310160206800687F
:1095800020B12068C068C068406801E04FF0FF303B
:10959000286028684CF6945A8345C2F2000A01D22A
:1095A00000244BE04CF69856C2F2000630680024C6
:1095B0000068C8B34CF638680127C2F200081EE004
:1095C000D9F82C00D8F8001007FA00F21143C8F8B7
:1095D00000104CF6A05100EB8000C2F2000101EB3C
:1095E00080002946FEF79AFED9F82C00DAF8001020
:1095F000C96A32688842106828BF3C46B8B13068F2
:10960000C068D0F80C904D4655F8040F834510D330
:109610002846FEF7E1FDD9F828000028D0D009F14E
:109620001800FEF7D9FDCBE74FF0FF3005E04FF013
:10963000FF304CF66865C2F200052860DAF80000D9
:109640004CF6A051C06AC2F2000100EB800051F854
:10965000200001284CF6A460C2F2000088BF01245B
:109660000068002818BF0124204601B0BDE8F08F33
:109670002DE9F0411E46154688460746FEF766FE70
:109680004CF69454C2F20004206890F84800022876
:1096900018D02068416C21EA0701416420684FF02E
:1096A000010180F848106EB13046FEF757FC4EF6C7
:1096B0000450CEF200004FF080510160BFF34F8F95
:1096C000BFF36F8FFEF764FEFEF740FE15B1206812
:1096D000406C28602068002590F84810002002297E
:1096E00005D1216801254A6C22EA08024A642168F2
:1096F00081F84800FEF74CFE2846BDE8F0810000E6
:10970000B0B5C068C5683DB94DF24D40C0F6020025
:1097100040F65541E0F740FF05F118042046FEF7FA
:109720005BFD4CF63060C2F20000006820B14CF6E0
:109730007460C2F2000015E02C1D2046FEF74CFDBF
:109740004CF63862E86AC2F20002012113688140D7
:10975000194311604CF6A05100EB8000C2F20001E9
:1097600001EB80002146FEF7D9FD4CF69451C2F280
:109770000001E86A0968C96A884291BF00204CF676
:10978000A461C2F20001012088BF0860B0BD0000E2
:109790002DE9F04F81B04CF63064C2F2000420682D
:1097A00038B94DF24D40C0F6020040F69901E0F79D
:1097B000F3FEFEF7CBFD206801382060206830B151
:1097C0000024FEF7E5FD204601B0BDE8F08F4CF621
:1097D0002C60C2F2000000680028F1D04CF67466DC
:1097E000C2F2000630684CF6A4680028C2F20008F5
:1097F00043D04CF638654CF6A0594CF6945A4FF0CD
:10980000010BC2F20005C2F20009C2F2000A00BF59
:10981000F068C76807F11800FEF7DEFC3C1D204623
:10982000FEF7DAFCF86A29680BFA00F2114300EB44
:109830008000296009EB80002146FEF76FFDF86A81
:10984000DAF80010C96A884228BFC8F800B030684A
:109850000028DDD14CF69850C2F20000016809687A
:1098600021B10068C068C068406801E04FF0FF3077
:109870004CF66861C2F2000108604CF67064C2F2F6
:109880000004256855B10126FFF73AFE002818BFED
:10989000C8F80060013DF7D100202060D8F8000032
:1098A00000288DD04EF60450CEF200004FF08051CB
:1098B0000160BFF34F8F0124BFF36F8F81E780B545
:1098C000E7F71CFF00B180BDFEF7D2F8FFF7F7BF46
:1098D00080B5E7F727FF00B180BDFEF7C9F8FFF7B5
:1098E000F7BF03B401984100009850EAC12018BFA7
:1098F00004204A0D18BF40F0010040F2FF72B2EBA5
:10990000515F08BF40F00200012808BF052002B0E7
:1099100070474100080218BF04200A0E18BF40F02B
:1099200001004FF07F4232EA010108BF40F002001F
:10993000012808BF0520704730B52DED048B81B09C
:10994000B0EE408AF0EE608A6A4651EC180B01F0E6
:1099500087F800989FED329B7E300090002821DC34
:1099600053EC192B51EC180B01F070FD1AD00021AB
:1099700040F6080002F020FF044651EC180B01F0FD
:1099800001F908EE100A40F6080004EA000102F0AE
:1099900013FFB5EEC08AF1EE10FA04BF0220D7F72C
:1099A0008BF92DE00098FF2830DB0021084602F0FB
:1099B00003FF00F4400553EC192B51EC180B02F097
:1099C00027F98CBF002401240220D7F775F99FEDF9
:1099D000168A4DB1002C0CBF4FF400004FF48000EC
:1099E000A84218BF9FED118A0421084602F0E4FE48
:1099F000002C01BFB1EE480A01B0BDEC048B30BDB4
:109A0000B0EE480A01B0BDEC048B30BD51EC180B30
:109A100001F0B8F801B000EE100ABDEC048B30BDC7
:109A200000000000000000000000807FFFFF7F7F3B
:109A300010B54FF00E402DED028BB0EE408A18EEBF
:109A4000104A00EB4400B0F1506F4AD84FF0FC4090
:109A5000B0EB440F22D2B0EEC80AF7EE000A30EEA7
:109A6000C00AF6EE000A60EE208A18EE900A01F0B5
:109A70003DF801EE100A14F0004F1DBFDFED2D0A76
:109A80009FED2D0AB1EE411ADFED2C0A08BF9FEDC4
:109A90002C0AF8EE001A21EE218A05E0DFED290AF2
:109AA00068EE088AB0EE600A9FED271ADFED271AEC
:109AB00030EE080A48EE811A9FED251A08EEA11A29
:109AC000DFED241A48EE811A9FED231A08EEA11A41
:109AD00068EE281ABDEC028B01EE810A30EE200AF6
:109AE00010BD4FF0E440B0EB440F0CD918EE100A53
:109AF000FFF70FFF042808BF00F0D4FEB0EE480ABD
:109B0000BDEC028B10BD4FF07F40B0EB440F07D28D
:109B1000B0EE480ABDEC028BBDE8104000F0ACBED0
:109B20000120D7F7C9F8BDEC028BBDE8104000F06A
:109B3000A9BE00000000C9BF22AAFDB90000C93FAC
:109B400022AAFD390000000024FE1C3DC78AD83C33
:109B50001E67383D1B93993DAFAA2A3E70B54FF062
:109B600068422DED048BF0EE408A18EE900AB0EEBC
:109B7000608A18EE101A02EB4003B3F1654F3CBF48
:109B800002EB4102B2F1654F7DD200BFC0F3C75373
:109B9000C1F3C7529A1A1B2A09DD10F0004F14BFF7
:109BA0009FED830A9FED830ABDEC048B70BD12F11B
:109BB0001A0F36DA11F0004F09D010F0004F0CBF29
:109BC0009FED7D0A9FED7D0ABDEC048B70BD88EE94
:109BD000889A19EE100AFFF79CFE042808BF00F0CF
:109BE00061FE18EE900AFFF794FE054618EE100A83
:109BF000FFF78FFE044619EE100AFFF78AFE042DC8
:109C000018BF052D08D1042C18BF052C04D100283D
:109C100004BF0220D7F750F8B0EE490ABDEC048B20
:109C200070BD4200B2EB410F3AD910F0004F19BF9E
:109C3000DFED630A9FED630ADFED630A9FED630AC0
:109C4000B0EE481A0A46B1EE688A80F00041F0EEA4
:109C5000418A10460A1A5200B2F1807F34D248403D
:109C600010F0004FDFED5A1A9FED5A2A1DBFBEEECD
:109C7000001A70EEE10A30EE420AB6EE001A08BF92
:109C800070EEA10A00E040E008BF30EE020AB0EE3C
:109C9000682A01EE482A08EE818AC2EE081A15E009
:109CA00011F0004F04BF9FED4C0AF0EE400AD1D0F6
:109CB00010F0004F19BFDFED490A9FED490ADFEDB3
:109CC000490A9FED490AC5E7C8EE881A21EEA11A94
:109CD0009FED462ADFED462A41EE022A9FED452AF6
:109CE00001EE222ADFED442A41EE022A9FED432AAB
:109CF000BDEC048B01EE222A21EE811A01EE020A4C
:109D000030EE210A30EE200A70BD4FF07F42B2EBF8
:109D1000400F28BFB2EB410F09D2F0EE480AB0EE77
:109D2000680ABDEC048BBDE8704000F0A8BD40EAB5
:109D300001035B0008BF41F0FF410BD0B2EB400FC5
:109D400008BFB2EB410F08D120F0804008EE900A26
:109D500021F0804108EE101A18E7B2EB400F12BF55
:109D60005FEA410340F0FF4001F000413FF40EAFD5
:109D7000B2EB410F12BF5FEA400200F0004041F039
:109D8000FF413FF403AF4A0092EA40033FF5FEAEC5
:109D9000002AACBF9FED1A0A9FED1A0A68EE808A6E
:109DA00028EE008A18EE900A18EE101AEEE600006F
:109DB000DB0FC9BFDB0FC93FDB0F4940DB0F49C0D9
:109DC0000000C9BF22AAFDB90000C93F22AAFD397F
:109DD0000060ED3EC30ACE3700000000000049C01D
:109DE00022AA7DBA0000494022AA7D3A2DAD65BD68
:109DF0008FB8D53D0FB511BE61C84C3EA8AAAABE0A
:109E00000000804F0000802F10EE100AC0F3C751F1
:109E10007F391729A8BF7047DFED140A002970EEBB
:109E2000200A0CDAF5EEC00AF1EE10FA1ADD00286D
:109E3000C8BF4FF07E50B8BF4FF0004012E00C4A50
:109E400022FA01F2104208BF7047F5EEC00AF1EEA7
:109E500010FA07DD002804DD4FF4000323FA01F1B6
:109E60000844904300EE100A70470000CAF249719E
:109E7000FFFF7F0010EE101A08B5444A6846B2EBA7
:109E8000410F28D94FF0E640B0EB410F94BF0020BE
:109E90004FF0FF3000900098002861DB60EE000A70
:109EA00010F0010F45D010F0020FDFED391A9FEDD1
:109EB000391A00EEA11ADFED381A40EE811A21EEB0
:109EC000A01AF0EE400A40EE010A08BFF1EE600A67
:109ED000B0EE600A08BD314B21F0004293423CD9FC
:109EE00011F0004FDFED2E0A20EE201ADFED2D0AD3
:109EF00019BF31EE601A71EE200A31EE201A71EEB0
:109F0000600ABDEEE01A11EE100A9FED271A00F06C
:109F1000030000EEC10A9FED251A009000EEC10A71
:109F20009FED231A00EEC10A9FED221A00EEC10A2E
:109F3000B1E79FED211A9FED210A10F0020F00EE0C
:109F4000810A9FED1F1A00EE801AB7EE000A00EE9C
:109F5000810A18BFB1EE400A08BD00F0B5FC9AE7CF
:109F600010EE100A4000B0F17F4F3CBFB7EE000A80
:109F700008BD07D14FF00100D6F79EFEBDE80840AE
:109F800000F080BCBDE8084000F076BCB61F927EB1
:109F9000336D4CB9DA82083CA0AA2ABE490E494664
:109FA00083F9223F0000004B0000C93F00A0FD39AB
:109FB0000020A2331A61342CB93AB2BACA9F2A3DA2
:109FC000DDFFFFBE000000002DE9F0412DED020B8A
:109FD0009FED3D0B2DED028B9FED3D8BDDE9025496
:109FE000C4F30A50A0F2FF36142E37DA002E18DA26
:109FF00053EC102B9DED020B51EC100B00F024FFE5
:10A0000053EC182B01F004FE57D2002CA4BF0024FF
:10A01000254652DA24F00040284318BF2E4C4CD07D
:10A020001AE02E4820FA06F704EA070028431FD05A
:10A0300053EC102B9DED020B51EC100B00F004FFC4
:10A0400053EC182B01F0E4FD37D2002C03DA4FF467
:10A050008010F0400444BC4300252EE0332E07DC82
:10A06000A6F114004FF0FF3121FA00F73D4206D16E
:10A070009DED020BBDEC028B02B0BDE8F08153EC0C
:10A08000102B9DED020B51EC100B01F0F3FD53EC86
:10A09000182B01F0BDFD10D2002C0DDA142E08BFD4
:10A0A000641C09D0C6F13400012101FA00F02844F3
:10A0B000A84238BF641C0546BD43CDE902549DED5E
:10A0C000020BD7E7000000009C7500883CE4377E57
:10A0D00000000000000000000000F0BFFFFF0F00C4
:10A0E00010EE100AC0F3C7517F391729A8BF704777
:10A0F000DFED140A002970EE200A0DDAF5EEC00A31
:10A10000F1EE10FA1ADD0028A8BF002016DAB0F12F
:10A11000004F18BF0C4811E00C4ACA40104208BF5B
:10A120007047F5EEC00AF1EE10FA07DD002804DAF8
:10A130004FF4000323FA01F10844904300EE100AA3
:10A1400070470000CAF24971000080BFFFFF7F0026
:10A1500010B52DED028BB0EE608AF0EE408A18EE5D
:10A16000101A18EE900A02F025F900F07040B0F1D4
:10A17000005F0CD018EE100A20F00040C0F1FF4044
:10A18000C00F02BFB0EE480ABDEC028B10BDB0EEAE
:10A19000680ABDEC028B10BD10B52DED028BB0EE40
:10A1A000608AF0EE408A18EE101A18EE900A02F05B
:10A1B00001F900F07040B0F1004F0CD018EE100A19
:10A1C00020F00040C0F1FF40C00F02BFB0EE480ACF
:10A1D000BDEC028B10BDB0EE680ABDEC028B10BD69
:10A1E00010B52DED040B86B09DED060B10EE100A98
:10A1F00010EE901A8DED000B002818BF01200843C7
:10A2000020F00040C0F17F6000F1E040C00F21D19C
:10A210009DED080B10EE101A10EE900A8DED000B5C
:10A22000002918BF0121084320F00040C0F17F60E1
:10A2300000F1E040C00F0DD129490798B1EB400F64
:10A2400004BF0698002842D00998400004BF08982F
:10A2500000283CD09DED080B53EC102B9DED060B18
:10A2600051EC100B01F0E4FBCDE902019DED020B76
:10A2700040F2FF7110EE900A8DED000B31EA1050A4
:10A2800021D00798039900F0004001F00041884276
:10A2900019D09DED080B8DED040B9DED020B8DED9E
:10A2A000000B10EE900A059961F31E0005909DEDDC
:10A2B000041B9DED020B51EC110B53EC102B01F024
:10A2C000D9FCCDE902019DED020B0AB010BD0120C1
:10A2D000D6F7F2FC0AB0BDE8104000F09DBA0000CD
:10A2E0000000E0FF10B52DED028BF0EE408A18EE75
:10A2F000900AB0EE608A20F00040C0F1FF40C00F2D
:10A3000007D118EE100A20F00040C0F1FF40C00F46
:10A310002BD018EE101A18EE900A02F01FF900EE7A
:10A32000100A10EE100A6FEAD05010F0FF0F04BFB1
:10A33000BDEC028B10BD18EE900A00F0004110EE4B
:10A34000100A00F00040814204BFBDEC028B10BD3A
:10A3500018EE101A10EE100ABDEC028B61F31E000D
:10A3600000EE900A30EE600A10BD18EE900A4FF031
:10A370007F41B1EB400F1CBF18EE100A5FEA4000AE
:10A38000C7D10120D6F798FCBDEC028BBDE8104088
:10A3900000F078BA70B510EE100A2DED028B20F0A7
:10A3A000004510EE900A20F00044AC4202DD284641
:10A3B0002546044608EE105A08EE904A281BB0F1D4
:10A3C000686FC2BF38EE280ABDEC028B70BD002654
:10A3D000B5F1BC4F29DDB5F1FF4F1DDBF0EE680A8A
:10A3E000B0EE480A30EE200A6FF0FF4057492A18B5
:10A3F0008A4227BF20448842BDEC028B70BD6802B0
:10A40000400A08BFB0EE480AB4F1FF4F08BFB0EEF3
:10A41000680ABDEC028B70BDA5F12055A4F1205453
:10A4200008EE105A08EE904A5026B4F1185F15DA7B
:10A43000B4F5000F09DA002C7ED09FED450A783E76
:10A4400068EE808A28EE008A08E005F1205104F1C8
:10A45000205008EE101A08EE900A503E38EE681AA6
:10A46000F4EEC18AF1EE10FA18D218EE100A68EE76
:10A47000E80A00F500606FF30B0000EE100A38EEFA
:10A48000401A78EE001A41EE610A50EE000A10EE12
:10A49000900A00F02BFB00EE100A29E018EE900A5B
:10A4A00038EE080AF0EE002A00F500606FF30B00AA
:10A4B00000EE900A10EE100A38EEE02A00F5006077
:10A4C0006FF30B0001EE900A61EEA21A30EE610A02
:10A4D00021EE822A00EE282A21EE410A30EE420ABD
:10A4E00011EEA00A10EE100A00F000FB00EE100AB8
:10A4F000002E04BFBDEC028B70BDF7EE000A10EE1B
:10A50000100A06EBD050FF2808DB0220D6F7D4FB58
:10A51000BDEC028BBDE8704000F0BCB910EE900AB3
:10A5200000EBC65000EE900A20EE808A18EE100A6A
:10A53000FFF7EFF9042800E002E008BF00F0B2F9ED
:10A54000B0EE480ABDEC028B70BD0000FFFF3F007B
:10A550000000807B0000000030B540F2FF742DED5C
:10A56000048BF0EE608A18EE901A85B0B0EE408A47
:10A570009FED2B9B05468DED008B34EA115147D0A2
:10A5800053EC192B51EC180B00F060FF40D02A4619
:10A5900051EC180B02F07EF941EC180B18EE900A02
:10A5A0008DED008B34EA10501CD053EC192B51EC7C
:10A5B000180B00F04BFF2BD10220D6F77DFB00F0EB
:10A5C0004BF910EE901A18EE900A8DED020B8DEDFE
:10A5D000008B61F31E0003909DED020B05B0BDECF6
:10A5E000048B30BD0220D6F767FB00F025F910EE92
:10A5F000901A18EE900A8DED020B8DED008B61F331
:10A600001E0003909DED020B05B0BDEC048B30BD28
:10A6100005B0B0EE480AF0EE680ABDEC048B30BD20
:10A62000000000000000000000B510EE101A2DED33
:10A63000028B81B0524A6846B2EB410F2ED94FF0DF
:10A64000E640B0EB410F94BF00204FF0FF30009088
:10A650000098B0EE408A00286ADB10F0010F4BD062
:10A6600068EE080A9FED471A9FED470A00EE810A3F
:10A670009FED461A10F0020F00EE801AB7EE000AA6
:10A6800000EE810A02BF01B0BDEC028B00BD00BF2D
:10A6900001B0B1EE400ABDEC028B00BD3C4B21F095
:10A6A0000042934241D911F0004FDFED3A0A20EE0B
:10A6B000201ADFED390A19BF31EE601A71EE200A57
:10A6C00031EE201A71EE600ABDEEE01A11EE100AAA
:10A6D0009FED321A00F0030000EEC10A9FED301A20
:10A6E000009000EEC10A9FED2F1A00EEC10A9FED07
:10A6F0002E1A00EEC10AABE728EE080A9FED2B1ACE
:10A70000DFED2B0A10F0020F40EE010A9FED291A2F
:10A7100000EE201A61EE000AB0EE480A08EE200AA8
:10A72000B6D101B0BDEC028B00BD00F0CDF88FE7D3
:10A7300018EE100A4000B0F17F4F0DD218EE100A4B
:10A74000FFF7E7F8042808BF00F0ACF8B0EE480ABD
:10A7500001B0BDEC028B00BD09D10120D6F7ACFAE7
:10A7600001B0BDEC028B5DF804EB00F08BB801B0DA
:10A77000B0EE480ABDEC028B5DF804EB00F07CB84B
:10A78000B61F927EB93AB2BACA9F2A3DDDFFFFBE1C
:10A79000490E494683F9223F0000004B0000C93FA3
:10A7A00000A0FD390020A2331A61342C336D4CB95E
:10A7B000DA82083CA0AA2ABE10B52DED028BB1EEBC
:10A7C000C08A18EE100A20F00040C0F1FF40C00F10
:10A7D0000AD010EE100A20F00040C0F1FF40C00F78
:10A7E00004BF0120D6F768FAB0EE480ABDEC028B30
:10A7F00010BD000008B59FED060A0A4601468DED22
:10A80000000A6846D6F7E5FC9DED000A08BD000089
:10A8100000000000000000009FED050B10B553EC98
:10A82000102B51EC100B00F04FFC41EC100B10BD45
:10A8300000000000000000009FED050B10B553EC78
:10A84000102B51EC100B00F08FFF41EC100B10BDE2
:10A8500000000000000000709FED050B10B553ECE8
:10A86000102B51EC100B00F07FFF41EC100B10BDD2
:10A87000000000000000001030EE000A704730EECB
:10A88000200A7047DFED020A80EEA00A7047000040
:10A89000000000009FED020A20EE000A7047000051
:10A8A000000000709FED020A20EE000A70470000D1
:10A8B0000000001010B5044691ED000BFFF73CF8C6
:10A8C00084ED000A10BD00002DE9F0014FF07F4239
:10A8D000B2EB410F9FBF4FF0FF310160BDE8F001C7
:10A8E00070474FF0004242EA0123C1F3C752783A61
:10A8F000551112F01F0C434CCCF120067C44C1F3DF
:10A90000C752A2F178024FEA621204EB820254F8B5
:10A91000254008BFD2E9015612D0556804FA0CF45C
:10A9200025FA06F73C43976805FA0CF527FA06F86E
:10A93000D26807FA0CFCF24045EA08054CEA020628
:10A94000A4FB034CA5FB0352A6FB03631D449D42DD
:10A9500034BF012600261319334416B1934202D99D
:10A9600003E0934201D2012200E00022624402F19E
:10A97000200C9206DC0C42EA443200EE102A5B0303
:10A98000DFED210AF8EEC01A00EE103A4FEA9C1CE7
:10A9900011F0004FB8EE400AC0F800C020EE201AB7
:10A9A00000EE105ADFED190AB8EE400A20EE200A38
:10A9B00071EE810A70EE800A10EE902A02F50062B4
:10A9C0006FF30B0200EE902A70EEE11A31EEC11A1D
:10A9D000DFED101A30EE411A9FED0D0A20EE800ACD
:10A9E00001EE210A9FED0C1A00EE810A04BFBDE8BA
:10A9F000F0017047CCF180510160BDE8F001B1EE8B
:10AA0000400A704740210000000000360000802C02
:10AA100022AAFD29DB0FC92F0000C92F10B504465B
:10AA200090ED000B0846FFF797FD84ED000B10BD7D
:10AA300030380A2801D201207047002070478A6808
:10AA4000002A02DC0022D7F7C7BF521E8A604A687C
:10AA5000C0B2531C4B601070704700000000000033
:10AA600010B582B01446CDE900010023009A23609E
:10AA7000194B21F0004098422ADA024328D0B0F561
:10AA8000801FA8BF226810DA9FED150B53EC102B26
:10AA90009DED000B51EC100B00F066FECDE90001BE
:10AAA0006FF0350221F0004022600F4B6FF31E5112
:10AAB00003EB20501044206041F0FF5040F0005064
:10AAC00001909DED000B00BF02B051EC100B10BDCA
:10AAD0009DED000BF8E700000000F07F0000000093
:10AAE000000000000000504302FCFFFF10B500EE24
:10AAF000100A2DED028BB1EEC08A18EE100A20F07C
:10AB00000040C0F1FF40C00F0AD010EE100A20F044
:10AB10000040C0F1FF40C00F04BF0120D6F7CCF8C1
:10AB200018EE100ABDEC028B10BD000010B5002914
:10AB30000AD00878002807D005487844D5F7A4FF44
:10AB4000002801D0002010BD0248784410BD00004C
:10AB5000322C00002A2C000010B500290AD00878F9
:10AB6000002807D005487844D5F78EFF002801D08B
:10AB7000002010BD0248784410BD0000162D0000D2
:10AB80000E2D000021F0004201F00043A2F16052BE
:10AB9000B2F5801F28BFD2F17E6C51D9F1EE10CAF8
:10ABA0001CF4400F14D15FEAC00C43EAC20202EB6E
:10ABB000507008BF70475FEA4C0CDFF884C240F168
:10ABC000000041F08D8228BF20F0010001F088BA1A
:10ABD000C30001F0004343EAC20202EB507008BF19
:10ABE00070471B4248BF4FEA4C0C1CF4000F08BFD3
:10ABF000401CDFF84CC201F073BAC30001F00043FF
:10AC000043EAC20202EB507204BF104670471B4277
:10AC100048BF4FEA4C0C1CF4000FDFF824C218BFE9
:10AC2000104641F05D8208BF521C12F4000F08BFAD
:10AC3000104601F0558221F0004201F0004330E05F
:10AC400050EA410C04BF084670475FEA125CBCF151
:10AC5000FE0F1ED1F1EE10CA1CF4400FCDD15FEAF9
:10AC6000C00C9BD05FEA001C4FEAC20C4CEB507C3E
:10AC700004BFC2002CEAD27C1CF4000F04BF4CEAD3
:10AC80000300DFF8BCC101F02B8221F00042A2F1E9
:10AC900060524FEA410CB2F5801F2ADB1CF5001F01
:10ACA00016D2F1EE10CA1CF4806F06D02CF0005CB6
:10ACB0004CF0805CA1F140612AE04FF07F4043EA14
:10ACC0005000DFF880C101F00BBA084601F0D1BC9A
:10ACD00070B500F029FE00BF000000B98800000434
:10ACE000FFF7F3BF21F0704243EA507040EAC20020
:10ACF0007047F1EE10CA2CF0805C4CF0005C1CF444
:10AD0000006F25D04B00B3F5001F51D301F1406116
:10AD10001CF4400F40F07E800CF0405C4CF0880C3E
:10AD2000C30011D05CF0404C10F0805F0CD00346A3
:10AD300010F1005041F10001020108BF20F0005065
:10AD4000834218BF2CF0004C00F0604001F030BE90
:10AD50001CF4400F1AD01B4248BF4FEA4C0C1CF4A5
:10AD6000000F13D112F1406248BF22F07F424FEA38
:10AD7000C00CBCF1010F43EAC20242EB50704FF02D
:10AD8000880228BF42F0804201F078BC12F1406294
:10AD900048BF22F07F425FEAC00C43EAC20242EAA7
:10ADA00050704FF0880218BF42F0404201F066BC7C
:10ADB00001F0004321F00041094214D0B1FA81FCB6
:10ADC000ACF10B0C01FA0CF1CCF1200220FA02F2EA
:10ADD00041EA020100FA0CF04FEA0C52A1EB020129
:10ADE00081EA03010FE0B0FA80F200FA02F002F10A
:10ADF00015024FEAD0214FEA40504FEA0252A1EB30
:10AE0000020181EA0301F1EE10CA2CF0805C4CF0E3
:10AE1000005C7BE762460CF0405C4CF0880CC300A1
:10AE200092D05CF0404C094248BF520012F4000F2F
:10AE30008AD110F1005041F100012CF0004C83D177
:10AE4000880000408800001010B5DFF840E211F5DE
:10AE5000801C13F580141EEA4C0F18BF1EEA440F25
:10AE600000F0C88091EA030F48BF83F0004300F16F
:10AE70003E87841A71EB030C05D2121943EB0C03C5
:10AE8000001B61EB0C014FEA1154A4EB135C21EAA7
:10AE9000045123EA6E0343F48013DCF1200E53D3F4
:10AEA00022FA0CFE10EB0E0023FA0CFE41EB0E0111
:10AEB000CCF1200E03FA0EFE10EB0E00CCF1200EAA
:10AEC00051F10001B1F5801F53D201EB045112FA88
:10AED0000EF2BDE8104008BF7047F1EE10CA1CF436
:10AEE000400F1ED192F0000F4FF0110C4CF0804C2F
:10AEF00041F1F680401C38BF5FEA420241F0F08029
:10AF0000002814BF20F0010041F100014FEA410385
:10AF100013F5001F24BF4CF0805CA1F1C04101F08B
:10AF2000DFB811F0004F54BF1CF4000F1CF4800F69
:10AF30004FF0110C4CF0804C41F0D280401CC1F01D
:10AF4000CF8041F10001E1E7012A43EB0302ACF1BC
:10AF5000200CDCF11F0E32BF4FF0000E23FA0CF371
:10AF600010EB030041EB0451B4EB115FAFD0A1EB48
:10AF7000045101F58011490801EB04515FEA3000EA
:10AF800002FA0EF242EA42025FEA320213D0BDE850
:10AF90001040F1EE10CA1CF4400F1AD192F0000FCD
:10AFA0004FF0110C4CF0804CB0D5401C38BF5FEA1C
:10AFB0004202ABD1A4E7BDE810404FEA410313F5CC
:10AFC000001F38BF7047DFF8C8C0A1F1C04101F0D1
:10AFD00087B811F0004F54BF1CF4000F1CF4800F11
:10AFE0004FF0110C4CF0804C90D1401C8ED341F1AD
:10AFF00000018BE74EF4001E3EEA410418BF3EEA12
:10B00000430439D091EA030F48BF83F0004300F1B5
:10B010006B87841A71EB030C05D2121943EB0C03F6
:10B02000001B61EB0C014FEA1154A4EB135C52EAD4
:10B03000430E13D05FEA445E21EA04511CBF23F0A3
:10B040000043ACF1010C7FF428AFBDE8104080183C
:10B0500041EB03014FF0110C00F02DBF5FEA445E9D
:10B06000BDE8104018BF704750EA410C08BF704758
:10B070004FF0110C00F01FBFBDE8104070B500F09C
:10B0800053FC00BF64FBBE3E110000040000C0FF83
:10B090001100001011F4002F08BF4CF4804C01F097
:10B0A0001F800CF04F02482A41F09A8301F018B833
:10B0B000491058BFC1F140415B1058BFC3F1404334
:10B0C0008B42EFF3008070472DE9C04130B4DFF8C8
:10B0D0006CC33CEA111418BF3CEA131400F04F8112
:10B0E0001CEA111481EA030544EAD57418BF1CEA6E
:10B0F000131500F02181A4EB050404F17F7404F51D
:10B1000000344FF0004545EAC12145EAC32341EA36
:10B11000505143EA52534FEAC0204FEAC2229942AB
:10B1200008BF904200F0D4804FEA13650FF20C265E
:10B13000765D4FEA134506FB05F7C7F1807706FBFE
:10B1400007F74FEAD737A7FB03687642A7FB06CE7F
:10B15000C8F5803838BFA8F1010807FB08E6A6FB50
:10B16000028C4FF0000EE6FB03CED8F100086FEA28
:10B170000C0C5CF1000C6FEA0E0E4EF1004EA6FBBB
:10B180000C584FF00007E6FB0E87A1FB08C6A0FB9A
:10B1900007CE16EB0E064FF0000545F10005E1FB6A
:10B1A000076515F1E04E7EBFA4F580345FEA4606E0
:10B1B0006D4116F1800745F100054FEA172747EA70
:10B1C00005674FEA1525F1EE10CA1CF4400F37D180
:10B1D0004FEA4666A6F15E46B6F1085F30D9B4F193
:10B1E000FE6F2DD8384605EBC47124F0010C01EB3D
:10B1F0000C11BCF1FE6FDFF848C202D8F0BCBDE80C
:10B20000004140F26D8724425CBF01F5801E9EEA3A
:10B21000C47F02D4F0BCBDE8004140F16187244204
:10B2200000F17880A1F1C041DFF818C256EA080E9B
:10B2300018BF4CF0804CF0BCBDE8004100F050BF9E
:10B240004FEAD02040EA41504FEAD1214FEAD222C2
:10B2500042EA43524FEAD323A7FB028607FB036669
:10B2600005FB02661EEA0E0F58BFA6EB0056B6EBB2
:10B2700000564FEA520E4EEAC37E18EB0E0E56EB06
:10B28000530E05D518EB02085E417F1C55F10005F1
:10B2900056EA080E24D01CF4400FA3D014F0010F7E
:10B2A00018BF4FEA4C0C1CF4000F08D0364299D45A
:10B2B000B8EB02089E417F1E75F1000592E7364209
:10B2C00090D518EB02085E417F1C55F1000589E717
:10B2D0004FF480154FF000074FF000064FF00008C4
:10B2E000384605EBC47124F0010C01EB0C11BCF1E4
:10B2F000FE6F02D8F0BCBDE800811CEA0C0F5CBFF9
:10B3000001F5801E9EEAC47F02D4F0BCBDE8008136
:10B31000244287D501F1C04156EA080C1CBF06F053
:10B32000004C4CF0804C4CF0005C4CF0140CF0BC29
:10B33000BDE8004100F016BE0CEA131550EA410EBC
:10B340000BD052EA430E13D000F024FC641B2404FB
:10B3500086EA460644EAD674CFE652EA430E00F087
:10B36000268081EA030101F00041F0BCBDE80081C4
:10B37000F0BCBDE80041DFF8D0C000F0B1BEF0BCC9
:10B38000BDE8004170B500F0CFFA00BF097EFC3E79
:10B390001400000400F007B84FF0000081EA030138
:10B3A00001F00041704781EA030100F02BBCF0BCC2
:10B3B000BDE800415FF828C000F092BEFFFDFBF938
:10B3C000F7F5F4F2F0EEEDEBE9E8E6E4E3E1E0DED8
:10B3D000DDDBDAD8D7D5D4D3D1D0CFCDCCCBCAC84A
:10B3E000C7C6C5C4C2C1C0BFBEBDBCBBBAB9B8B771
:10B3F000B6B5B4B3B2B1B0AFAEADACABAAA9A8A864
:10B40000A7A6A5A4A3A3A2A1A09F9F9E9D9C9C9B31
:10B410009A999998979796959594939392919190DC
:10B420008F8F8E8E8D8C8C8B8B8A8989888887876D
:10B430008685858484838382828181800000FF07E2
:10B4400014000040140000101400000851EA030C1E
:10B4500011D41CF5801F00F10680994218BF704777
:10B4600008BF9042704711F5801F58BF13F5801F29
:10B4700018D4994270471CF5801F09D550EA410C39
:10B480000EBF52EA430C8B42704708BF824270479E
:10B490004FF4001C1CEB410F38BF1CEB430F01D2D3
:10B4A0008B42704770B500F03FFA00BF92244938D4
:10B4B000190012044FF000514FF08053FFF7F8BD10
:10B4C00080B54FEA41034FEA5353A3F58063D3F1AC
:10B4D0001E03C8BFD3F1210C1FDD4FF0004242EA2A
:10B4E000C12242EA505232FA03FC62FA03F787EAB9
:10B4F0000C0757EAC0270BD032FA03FC8CEAE17C38
:10B50000ACEBE170DFF878C0BDE8804000F0E8BD4A
:10B510008CEAE17CACEBE17080BD50EA410C00D1DB
:10B5200080BD102B07DD4FF00000DFF854C0BDE8F0
:10B53000804000F0D5BD03F5787CBCF1FF3F14D00E
:10B54000002B02BF7FEA210C5FEA013C5FEA505CFE
:10B5500005D100284FF00040D4D100D180BDDFF8E4
:10B5600024C0BDE8804000F0BBBDBDE8804070B5A0
:10B5700000F0DAF9000000BFC800030480B5DFE77F
:10B58000C8000240C80002047FEAE17202D1101A2A
:10B5900062EB0101B1FA81F30B3B24D3994012D144
:10B5A000B0FA80F310FA03F108BF7047C3F11D032E
:10B5B00003F5406303EBC2234FEAD1224FEA415027
:10B5C00002EB03517047C3F1200C20FA0CFC41EA56
:10B5D0000C019840C3F1320303F5406303EBC2232F
:10B5E00001EB03517047C3F1320C0CF5406C0CEBCE
:10B5F000C22210B5C3F10004C4F1200E01FA0EFC02
:10B6000021FA04F100FA0EF3E04040EA0C00BDE834
:10B61000104001EB02511B4208BF7047F1EE10CA07
:10B620001CF4400F0CD15A0006D3401C41F100011C
:10B630005B0008BF20F00100DFF81CC000F050BD27
:10B64000094248BF4FEA4C0C1CF4000FF4D1401CD7
:10B6500041F10001F0E700BF98020040B1FA81F229
:10B6600001FA02F1C2F11D0203EB02534FEA41500D
:10B6700003EBD1217047000051EA030C11D41CF5F3
:10B68000801F00F10680994218BF704708BF9042A2
:10B69000704711F5801F58BF13F5801F18D49942C9
:10B6A00070471CF5801F09D550EA410C0EBF52EAC5
:10B6B000430C8B42704708BF824270474FF4001C16
:10B6C0001CEB410F38BF1CEB430F01D28B4270477C
:10B6D00070B500F029F900BF0000003F1900130405
:10B6E000FFF7E6BC4FF080514FF00053FFF7E0BC8E
:10B6F00051EA030C11D41CF5801F00F10680994219
:10B7000018BF704708BF9042704711F5801F58BF9F
:10B7100013F5801F18D4994270471CF5801F09D576
:10B7200050EA410C0EBF52EA430C8B42704708BFEF
:10B73000824270474FF4001C1CEB410F38BF1CEBDA
:10B74000430F01D28B42704770B500F0EDF800BF97
:10B750000000003F19001604FFF7AABC4FF000518B
:10B760004FF08053FFF7A4BC70B5DFF8B4C11CEAFA
:10B77000111E1EBF1CEA13159EEA0C0F95EA0C0F52
:10B7800000F0948081EA03044EEAD47EAE4421EABC
:10B790004C1123EA4C1341F4801143F48013AEF1B1
:10B7A0007F7EA1FB024CA0FB0365361955EB0C050F
:10B7B000A1FB034C4CF10003A0FB021C16EB0C0692
:10B7C000654153F10003094218BF46F0010613F426
:10B7D000007F0BD14FEA03314FEA053041EA1551A2
:10B7E00040EA165034036FF003020AE04FEAC32127
:10B7F0004FEAC52041EA555140EA5650F4026FF035
:10B80000020202EB2E4201EB025585EACE7126467A
:10B8100027D00546F1EE10CA1CF4400C14D15FEAA3
:10B82000440C18BF24F0004450F1000041F1000125
:10B8300020EAD47040F2FD7C624517D2DFF8E4C004
:10B84000BDE8704000F04CBC5FEACE7454BF1CF4FD
:10B85000000F1CF4800F08BF10F1010041F100013E
:10B86000E8E740F2FE7C624504D270BD08BF11F4E7
:10B87000801FE3D0A84214BF4FF080444FF04044F3
:10B88000002E08BF0024BEF1806FD8BF01F1C04177
:10B89000A8BFA1F1C04144F0130CA8BF4CF0805CDC
:10B8A000BDE8704040F35E8300F01ABC0CEA13154B
:10B8B0009EEA0C0F18BF95EA0C0F19D091EA030FFE
:10B8C00048BF4EF0010E50EA410418BF52EA43044B
:10B8D00009D000F05FF964194FEA044E86EA460683
:10B8E0004EEAD67E5BE74FF000004FEACE7170BDA6
:10B8F00000F01AF88900013E1300000400F005B8BA
:10B9000000F007B852EA430C06D081EA030100F0C8
:10B9100079B950EA410CF8D15FF824C000F0E0BBDF
:10B920000000FF07130000400EF1020E2EF0030E80
:10B930005EF8046B012841EB010414F5001418BFF4
:10B94000B4F5801F23D3364208D4012A43EB030504
:10B9500015F5001518BFB5F5801F18D301EB010CC4
:10B960001CF5801F16D2364204D403EB030C1CF5E1
:10B97000801F0FD2002C10D14FEAD17C0CEB4C0C65
:10B980000CF1020C002D08BF4CEBD37C07E04FF00C
:10B99000090C04E04FF0080C01E04FEAD37C0CEBFB
:10B9A0004C050EF1040E26FA05F606F00706B6F170
:10B9B000040C06D20EEB860CBDE870404CF0010C76
:10B9C0006047DFE80CF0222413025EF804CC1B2D44
:10B9D00008D1002C88BFB4F5801F34BF4CF4804CD4
:10B9E0004CF4004CBDE8704000F07ABB002C88BFDE
:10B9F000B4F5001F24BF1946104670BD4FF000413A
:10BA0000A1F500214FF0000070BD19461046012835
:10BA100051EB010418BFD4F5001484BF5EF804CCC8
:10BA20002CF0806CBDE8704000F239837047000054
:10BA300070B5DFF85CC13CEA111418BF3CEA13157D
:10BA400000F0998011F1004F0CEA11141CEA131553
:10BA500068BF45F0050518BF11EA0C1F00F07A8099
:10BA600021EA4C1123EA4C1341F4801143F4801372
:10BA70002E46A5F58035AC423DDDA4F58036801A12
:10BA8000994109D54042C1F1000134BFB1F1010132
:10BA9000B1F1000185F0010511F4F01F08D011F497
:10BAA000801FE8D1400041EB0101A4F58034F6E7A6
:10BAB00021F00041B1FA81F6202E04BFB0FA80FED9
:10BAC0000EF12006A6F10B06A4EB0644B6F1200EFB
:10BAD0000CD2C6F1200E01FA06F120FA0EF641EA68
:10BAE0000601CEF1200600FA06F003E000FA0EF19E
:10BAF0004FF00000BFE750EA410E24D04FEA244E39
:10BB0000BEEB254F0FDB994208BF904204D00AD309
:10BB1000520043EB0303B0E74FEA1646B6EB144F6F
:10BB200008BF85F00105B4F5803401EB041181EA0A
:10BB3000C57100DB70BD01F1C041BDE870404FF040
:10BB4000150C00F00FBA4FEA45714FF0000001F0FC
:10BB5000004170BD52EA430E00F0148050EA410EDD
:10BB600000D170BD00F016F824042D04364248BF01
:10BB700055F005057CE7FFF7D7FE00BFEDFFFF3E60
:10BB800015000004BDE870405FF80CC000F0A8BAD2
:10BB90000000FF0780B54FF003065C004FEA360651
:10BBA000640D4FEA03334FEA133318BF43F4801395
:10BBB0001CD104F1010453EA125E02BF13460022B5
:10BBC000203C1B4202BF130B1205143CB3FA83FE48
:10BBD000AEF10B0E03FA0EF3A4EB0E04CEF1200C23
:10BBE00022FA0CFC43EA0C0302FA0EF20FB40CBC6E
:10BBF00003BC16F0010F18BF2546CED180BD80B51D
:10BC00000126F3E70808A0F500114FEA310170475B
:10BC100053EA010C11D41CF5801F00F106808B4201
:10BC200018BF704708BF8242704713F5801F58BF86
:10BC300011F5801F18D48B4270471CF5801F09D561
:10BC400052EA430C0EBF50EA410C9942704708BFBC
:10BC5000904270474FF4001C1CEB430F38BF1CEBA5
:10BC6000410F01D2994270470FB40CBC03BCFFF7DF
:10BC70006BBD000010B5DFF848E011F5801C13F52E
:10BC800080141EEA4C0F18BF1EEA440F09D091EA37
:10BC9000030F81F000413FF5ECA883F0004300F072
:10BCA00026B881EA030180EA020083EA010382EAFE
:10BCB000000281EA030180EA020000F006B900BF39
:10BCC0000000C0FF10B5DFF898E211F5801C13F5F5
:10BCD00080141EEA4C0F18BF1EEA440F00F0F580D6
:10BCE00091EA030F48BF83F000433FF5C2A8841ACE
:10BCF00071EB030C07D28CF0004C121943EB0C03D0
:10BD0000001B61EB0C014FEA1154A4EB135C21EA18
:10BD1000045123EAAE035242C3EBAE0338BF5B1EAD
:10BD2000DCF1200E48D322FA0CFE10EB0E0043FA91
:10BD30000CFE41EB0E01CCF1200E03FA0EFE10EBCF
:10BD40000E00CCF1200E51F100014CD401EB045156
:10BD500012FA0EF2BDE8104008BF7047F1EE10CAAB
:10BD60001CF4400F14D192F0000F4FF0120C4CF065
:10BD7000804C40F1B581401C18BFB2F1004F40F03B
:10BD8000AF8100280CBF491C20F0010000F0A8B9C9
:10BD900011F0004F54BF1CF4000F1CF4800F4FF043
:10BDA000120C4CF0804C40F09B81401C40F098817C
:10BDB00041F1000100F094B912EB020E43EB0302D3
:10BDC00018BF4FF0010E4EEA4202ACF1200CDCF13C
:10BDD0001E0E4BD943FA0CFE10EB0E00CCF11E0EDA
:10BDE00051F1FF31B2D50EF1010E12FA0EFE4041B3
:10BDF00041EB010101EB445C5FEA5C5C06D901EBBD
:10BE000004515FEA0E02BDE81040A5E73DD24FEABB
:10BE1000D42C24F4006411F500111AD0B1FA81F287
:10BE20000B3AA41AA41ED2F12003914030FA03F376
:10BE30001943904001EBCC7101EB0451002CBDE89B
:10BE40001040A8BF704701F1C0414FF0120C00F044
:10BE500089B8B0FA80F310FA03F101D1BDE81040BF
:10BE60001BD0E41A173C4805C90AE3E7401E01EB62
:10BE7000045161F10001BDE810405FF0FF326BE753
:10BE800001EB0451BDE81040704749104FEA300003
:10BE900001EB0451BDE810400BE04FF00001F1EE62
:10BEA00010CA0CF4400CBCF5000F08BF4FF0004165
:10BEB00070474FF0120C4A0008BF0042EDD0B2F5B7
:10BEC000001F28BF704700F0EAB84EF4001E3EEA9B
:10BED000410418BF3EEA430434D091EA030F48BF3F
:10BEE00083F000433FF595A8841A71EB030C07D249
:10BEF0008CF0004C121943EB0C03001B61EB0C019E
:10BF00004FEA1154A4EB135C52EA033E14D05FEAEB
:10BF1000445E21EA045109D023F00043ACF1010C46
:10BF20005242C3F1000338BF5B1EF9E6801A61EB91
:10BF30000301BDE81040BCE7BDE8104050EA410CE9
:10BF4000B7D1AAE7BDE8104070B5FFF7EDFC00BF20
:10BF500040DFF63E11000004104683F000417047B8
:10BF60000000C0FFF1EE103A13F0807F1EBF01F019
:10BF700000410020704713F4006F40F0AA8009428E
:10BF800048BF4CF4803C4FF4C0634FEA115203F1B8
:10BF9000010321EA025122F400629A1A48BF6FF0AD
:10BFA000FE0241F48011352A3CD830D0152A1ED328
:10BFB000203A0CD9C2F12003002821FA02F001FA3C
:10BFC00003F218BF42F001024FF0000130E0C2F16D
:10BFD000000302F1200201FA03F120FA02F241EA21
:10BFE000020100FA03F208464FF0000120E010B40D
:10BFF000C2F1200300FA03F401FA03F320FA02F07D
:10C0000043EA000021FA02F1224610BC10E050EA97
:10C0100001324FF000004FF000014FF0004218BF16
:10C02000521C05E04FF001024FF000014FF00000FC
:10C030001CF4803F2CF4803C18BF41F000411242B8
:10C040001ED0F1EE103A13F4400F20D1520003D36A
:10C050000CD0401C41F10001F1EE103A43F008030E
:10C06000E1EE103A4CF0804C00F03AB85FEAAC7266
:10C07000EFD4F1D1401C41F1000120F00100EBE7C9
:10C080001CF0804F08BF70472CF0004CE4E70942D9
:10C0900054BF13F4000F13F4800FDDD1D9E7F1EE94
:10C0A000103A13F0807F1EBF01F00041002070475E
:10C0B00013F4006F08BF70472DE9F050FFF79FFDA4
:10C0C00004F5C064A4F10104314301EB0451BDE85F
:10C0D000F0504CF0005C4CF0800C00F069BC0000AB
:10C0E0001CF0700F08BF0A460FB4F1EE101A0CF0E6
:10C0F000405030EA814318BF4CF0804C4FEA4C036B
:10C100004FEAD36323EA112310EA814F18BF23F0CB
:10C11000100341EA030101F0E0734CEA030CE1EE85
:10C12000101A0CF00F030A2B1DBF082B0CF0700324
:10C130004CEAC30C4FF4003304BF33EA0C034CF455
:10C14000400C1CF0005F14D11CF0805F0BD11CF080
:10C15000804F31D11CF0006F12D111F4807F0FBCE1
:10C1600062D000F025BC11F4806F0FBC2BD000F022
:10C170001FBC11F4006F0FBC08BF704700F018BC63
:10C1800011F4007F0FBC40F013841CF0400F1EBF61
:10C190004FF0004040F0010070471CF0100F14BF3A
:10C1A00081EA030242400CF00F000A2808BF4FF05A
:10C1B000FF324FF0000326E011F4805F0FBC08BF90
:10C1C000704700F0F5BB2CF0805CF1EE103A1CF0EB
:10C1D000800F14BF01F0004200F0004212420CBF79
:10C1E00012EA336F12EAF35F0DD31CF0100F1DBF7C
:10C1F00030A003C81143314808BF104313F4805FD7
:10C2000040F0D683704702F000421CF0100F1DBFB3
:10C210000FF2940003C81143254808BF104313F4DC
:10C22000805F40F0C58370471CF0400F40F02880CD
:10C230001CF4404F1BD01CF4004F1CBF1946104685
:10C240000CF4807218BF8CEA520C1CF0800F0CBFEB
:10C2500040F4800041F400218CEADC0313F0100F5D
:10C260001CBF2CF00F0C4CF0080C00F0B9BA1CF0FD
:10C27000100F1ABF12A393E80300134800F0B0BADE
:10C280001CF0800F14BF01F0004200F000421CF0CF
:10C29000100F1BBF0AA393E803000B48114308BF0C
:10C2A000104300F09DBA00BF000000000000F07FC6
:10C2B0000000807FFFFFFFFFFFFFEF7FFFFF7F7F1B
:10C2C000000000000000F87F0000C07F43004FEA3C
:10C2D000D30C4FEA3C0C43401FBF40070CF16051A8
:10C2E00013F0FE4F70471CF0006F14D133F0004084
:10C2F00004BF1946704783EA830383EA430303F0CC
:10C30000070343EACC010CF0004303F15A5303F551
:10C310004013FFF7A3B90CF0004343EA507040EA22
:10C32000CC0010B500F06FF8000000BA180000044F
:10C330004FEA0001FFF766BC4FEAE0024FEA4070A7
:10C3400042F0E041704710B5FFF780F80CBF0120C4
:10C35000002010BD10B5FFF779F814BF01200020B0
:10C3600010BD10B5FFF788F98CBF0120002010BD6B
:10C3700010B5FFF781F92CBF0120002010BD10B5CA
:10C38000FFF7B6F994BF0120002010BD10B5FFF7EC
:10C39000AFF934BF0120002010BD000000EE100AEC
:10C3A00000EE901AB4EE600AF1EE10FA78BF704712
:10C3B00000F00DB810B5FFF7F1FFEFF3008020F0AB
:10C3C000104038BF40F0004080F3008810BD00F0FE
:10C3D0001AF800BF000000390900100400F007B887
:10C3E0004FF0404010F1004FEFF3008070474010D5
:10C3F00058BFC0F14040491058BFC1F1404181428F
:10C40000EFF3008070470EF1020E2EF0030E5EF87F
:10C41000044B4FEA400212F1807218BFB2F5000FD0
:10C4200022D3244207D44FEA410313F1807318BF8B
:10C43000B3F5000F18D34FEA400C1CF5000F16D2CD
:10C44000244204D44FEA410C1CF5000F0FD2002AFD
:10C4500010D14FEAD07C0CEB4C0C0CF1020C002BF1
:10C4600008BF4CEBD17C07E04FF0090C04E04FF023
:10C47000080C01E04FEAD17C0CEB4C030EF1040EEA
:10C4800024FA03F404F00704B4F1040C06D20EEB12
:10C49000840CBDE810404CF0010C6047DFE80CF064
:10C4A0001F2013025EF804CC1B2B08D1002A88BF82
:10C4B000B2F5000F34BF4CF4804C4CF4004CBDE896
:10C4C0001040FFF70DBE002A88BFB2F1807F28BF61
:10C4D000084610BD4FF00040A0F5800010BD084692
:10C4E000420018BFD2F1807284BF5EF8042C22F0A3
:10C4F0008062BDE8104000F24081704710B44FEAFE
:10C5000000204FEA012112F47F0F10D1B0FA80F41D
:10C51000A2EB044202F5803200FA04F013F47F0F1C
:10C5200018BF41F0004100D010BC18BF604740F078
:10C530000040B1FA81F4A3EB044303F5803301FA20
:10C5400004F110BC6047F1EE100A4FF6FF71C0F223
:10C55000C03120EA0100E1EE100A70474FF07F4C35
:10C560003CEA410318BF3CEA400200F06B804FF404
:10C570007F0C0CEAD11310F0004F18BF43F00503F5
:10C580001CEAD01218BF13EA0C0F00F063804FF0C2
:10C59000004C4CEA00204CEA0121A3F580339A427A
:10C5A00010DD23F00203B0F1004F06D343F0020385
:10C5B000401ABCBF404283F001034FEA4000A2F59D
:10C5C0008032ECE74FEA224CBCEB234F08DB884279
:10C5D00006D325D0A0EB4100C0F1000083F0010399
:10C5E000400026D220D416D0B0FA80FC0CF1010C09
:10C5F00000FA0CF0A2EB0C42D2F1000C1BDB02F5AE
:10C6000040024FEAC21242EA502040EAC3704FF0A3
:10C61000050200F033B84FEA437000F00040704765
:10C6200013F0020FDCD0D5E74FEA4000B2F58032BC
:10C63000E2DD002AE0DD4FEAC21242EA502040EA81
:10C64000C370704710B5FFF7DEFE00BFEDFFFF3E81
:10C650000500000431F0004C07D030F0004C08BF5A
:10C660007047AFF2C90CFFF749BF5FF81CC0FFF776
:10C6700037BDFF2141EAD050C0057047F1EE101AD6
:10C6800011F0807F1CBF00F00040704711F4006F74
:10C6900040F08E8000F0004343EAD05323F48073CF
:10C6A000C3F1C10323F00041172941D8C3F120038E
:10C6B00010FA03F1C3F1200320F07F4040F40000A2
:10C6C00020FA03F003F0004340EA030019D00B46C0
:10C6D000F1EE101A41F00801E1EE101A11F4400FCA
:10C6E0001CD1590009D318BF401C06D17FEAE27360
:10C6F00098BF401C38BF20F0010042F0804CFFF78B
:10C70000EFBC12F0804F08BF7047F1EE101A41F0F5
:10C710000801E1EE101A9446FFF7E2BC10F0004F5A
:10C7200014BF5FEAF1535FEA316338BF401CE4E7AE
:10C7300003EB9123182918BF6FF000410131F1EE8E
:10C74000101A41F00801E1EE101A11F4400F18BF61
:10C7500003F00040E2D168BF03F0004009D6400278
:10C7600003F0004000F1010004BF12F0004F20F080
:10C7700001004FF0804CFFF7B3BCF1EE101A11F03E
:10C78000807F1CBF00F00040704711F4006F08BFAD
:10C79000704700F0004141F0C04120F00040B0FA85
:10C7A00080F3A3F1080300FA03F0A1EBC35108449E
:10C7B00042F0005C00F0FCB8064A21EA020120EADF
:10C7C0000202F1EE100A20EA020282EA0102E1EE20
:10C7D000102A704760603FF6D4F741BBD5F744BAE2
:10C7E0000CF00F03092B08BF082000F0F3800A2B80
:10C7F00032D0082B18BF704708BF1CF0400F31D053
:10C800001CF4803F23D11CF0200F11D11CF0100F1D
:10C810000BBF02460A466FF000406FF0004118BFA0
:10C820004FF0FF3012F0004F1CBFC043C9437047A8
:10C830001CF0100F0CBF02460A4612F0004F4FF0DA
:10C84000FF304FF0FF311CBFC043C94370474FF06A
:10C8500000004FF0000170471CF0400F18BF4FF070
:10C86000004070471CF0100F08D000F07F4220F00D
:10C87000704342EAD3014FEA4370704700F06040D2
:10C8800021F07F4242EA000201F07F4040EA7270EC
:10C89000704700004FF0FF0C4CF4E06C1CEA1153A1
:10C8A0001CBF9CEA030C9445C2BFDA4201EB025163
:10C8B0007047002B39D0BCF1000F67D0A1EB0351BA
:10C8C00012F5646F0EDDB2F5646FB8BFD218A2F531
:10C8D00000635B1C15DA002AC4BF41EA02517047AD
:10C8E00012F5C062DFBF01F00041002041F0FE41BF
:10C8F00041F47801C8BF41EA02514FF01B0CFFF729
:10C9000031BBA2F5C062A2F500635B1CB1BF41EA76
:10C91000025101F00041002041F0FE41A8BF41F466
:10C920007801DFF87CC0FFF7DBBB50EA013308BFBA
:10C9300070475FEA013C1AD0BCFA8CF30CFA03FC96
:10C94000C3F1140302B420FA03F14CEA010C02BC57
:10C95000C3F114034FEA4C0C01F0004141EA1C31D1
:10C9600000FA03F04FEA4000C3F10003A8E7B0FA71
:10C9700080FC00FA0CF00CF11403C3F1000341EA4F
:10C98000D0214FEA405021F4801199E750EA013359
:10C990004FF09B0C18BF4CF0806C7EF47BAB704763
:10C9A0009B000010D5F7B7BED6F7E2BCD6F770BE35
:10C9B0002DE900502DE90050D4F704FDBDE80050EA
:10C9C000BDE800500CF00F0393F0090F18BF70473B
:10C9D000AFF300801CF4801F24D01CF4E02F09D09A
:10C9E00010F0080F02D1D0F1020070476FEACC318D
:10C9F000490070474FF0604111EA407028BF40F095
:10CA00004050F1EE103A23F0704343EA0003E1EEA8
:10CA1000103AEFF3008222F0704242EA000282F301
:10CA2000008870471CEA004018BF012070470400CE
:10CA300000080000000000000002000100001000DB
:10CA4000000000006E83F9A22915444ED15727FC3F
:10CA5000C0DD34F5999562DB4190433CAB6351FEF8
:10CA6000000000000000000030313233343536372A
:10CA70003839414243444546403058003031323322
:10CA80003435363738396162636465664030780022
:10CA90003031323334353637383961626364656634
:10CAA00078700030313233343536373839414243CB
:10CAB00044454658500000000000000000000100FE
:10CAC000C09501000000020069520200C0950200FA
:10CAD000AECE020000000300802B0300A9D10208A3
:10CAE00083D1020869D102086CD1020892D10208F0
:10CAF00073D102088ED102086FD10208DECE02087F
:10CB0000E1CE0208AED10208C3CE02086DD1020800
:10CB100075D10208B0D10208B2CE0208ACD1020829
:10CB2000A5D102087FD102089ED1020887D1020850
:10CB300077D102084354524C3D52454A4543542054
:10CB400063616C6962726174696F6E5F6661756C56
:10CB5000745F6F725F7374616C655F636F6D6D613D
:10CB60006E640D0A0000000043414C3D5354415295
:10CB700054204B4545505F50524553535552455FE5
:10CB8000504F5254535F494E5F4149520D0A0000C5
:10CB9000000000000000000001020304060708096D
:10CBA00000000000010203040B080141090242C019
:10CBB000030A0B040F000810820911000A15800BEC
:10CBC00016000C18010D7D04017C000240AB0341EE
:10CBD000000553080658040700000000020000008A
:10CBE0000300000005000000070000000B0000002B
:10CBF0000D000000110000001300000017000000ED
:10CC00001D0000001F00000025000000290000009A
:10CC10002B0000002F000000350000003B0000004A
:10CC20003D000000430000004700000049000000F4
:10CC30004F00000053000000590000006100000098
:10CC400065000000670000006B0000006D00000040
:10CC5000710000007F0000008300000089000000D8
:10CC60008B00000095000000970000009D00000070
:10CC7000A3000000A7000000AD000000B30000000A
:10CC8000B5000000BF000000C1000000C5000000AA
:10CC9000C7000000D3000000010000000B000000EE
:10CCA0000D0000001100000013000000170000003C
:10CCB0001D0000001F0000002500000029000000EA
:10CCC0002B0000002F000000350000003B0000009A
:10CCD0003D00000043000000470000004900000044
:10CCE0004F000000530000005900000061000000E8
:10CCF00065000000670000006B0000006D00000090
:10CD000071000000790000007F0000008300000037
:10CD1000890000008B0000008F00000095000000DB
:10CD2000970000009D000000A3000000A700000085
:10CD3000A9000000AD000000B3000000B500000035
:10CD4000BB000000BF000000C1000000C5000000E3
:10CD5000C7000000D100000000000000000000003B
:10CD60000000000009270108392C0108B12C010836
:10CD70000000000000000000D9580108615A0108B5
:10CD8000755B01080000000000000000C15A0208A5
:10CD9000995C0208F15C020800000000000000003D
:10CDA000C95E0208F15E0208F95E02080000000098
:10CDB0000000000061680208E9690208796A020857
:10CDC00040AC037D04014103057C00026D0D026D42
:10CDD00009023A7474003A7474003A7474000000E2
:10CDE0000100000002000000030000000400000039
:10CDF0000500000006000000070000000800000019
:10CE0000000610160006101648414C20696E697421
:10CE100069616C697A6174696F6E0043414C3D468B
:10CE200041494C20524553544152545F41545F5341
:10CE30005552464143450D0A00424F4F543D46412D
:10CE4000494C5F257320494D553D2575205245536A
:10CE5000544152545F41545F535552464143450D2E
:10CE60000A0043414C3D4F4B0D0A00424F4F543D89
:10CE70004F4B5F25730D0A0043414C3D44455441DF
:10CE8000494C2073746174653D256C75206368613D
:10CE90006E6E656C3D256C752073616D706C65738D
:10CEA0003D256C750D0A004C4544005052455353C6
:10CEB00055524500534552564F530054485255530E
:10CEC0005445525300494D55002564002C00483A02
:10CED000005250593A00414E470041434C00444EE5
:10CEE00000555000544553004D4F543A00433A2FDB
:10CEF00055736572732F6C6978696E2F4465736B17
:10CF0000746F702F776F726B73706163652F4669F2
:10CF10006E73524F562D416E2D556E64657277615A
:10CF20007465722D43616D6572612D426173656434
:10CF30002D4D756C74692D526F626F742D506C613C
:10CF400074666F726D2D6D61696E2F436F64652F0E
:10CF50004C6F7765725F4C6576656C5F436F6E747E
:10CF6000726F6C6C65722F75736572436F64652F99
:10CF70007461736B732F5372635C5461736B53688A
:10CF8000617265645265736F75726365732E6800B4
:10CF9000433A2F55736572732F6C6978696E2F440D
:10CFA00065736B746F702F776F726B7370616365ED
:10CFB0002F46696E73524F562D416E2D556E646526
:10CFC0007277617465722D43616D6572612D426186
:10CFD0007365642D4D756C74692D526F626F742D7D
:10CFE000506C6174666F726D2D6D61696E2F436F49
:10CFF00064652F4C6F7765725F4C6576656C5F4337
:10D000006F6E74726F6C6C65722F75736572436F9F
:10D0100064652F7461736B732F5372632F436F6E4C
:10D0200074726F6C6C65725461736B53746172745B
:10D0300075702E63707000564F46413D4F46460D49
:10D040000A00564F46413D4F4E20464952455741F2
:10D050005445525F313643480D0A0046423D524521
:10D060004A4543542025730D0A00766F66613A25C0
:10D070002E32662C252E32662C252E32662C252E3D
:10D0800033662C252E33662C252E33662C252E3325
:10D09000662C252E33662C25752C25752C25752C94
:10D0A00025752C25752C25752C256C752C25750D55
:10D0B0000A00535441543D45534B462C53544F5052
:10D0C0003D25752C52454144593D25752C43414C15
:10D0D0003D25752C464C4147533D256C752C4D41E3
:10D0E000534B3D25752C4641554C543D25752C57C9
:10D0F00048593D256C752C43414C5F43483D256C98
:10D10000752C43414C5F4E3D256C750D0A0044491A
:10D1100041473D55533D256C752C4D41583D256C7F
:10D12000752C4D4953533D256C752C52583D256C3B
:10D13000752C4932433D256C752C4143435F524564
:10D140004A3D256C752C505F52454A3D256C752C27
:10D15000543D252E31662C484541543D25752C57AC
:10D1600048593D256C750D0A004341005641004960
:10D1700056413A454E440041434C3A4F46460052D0
:10D1800050593A4F46460041434C3A4F46004956A3
:10D19000413A42454700564F46413A4F4E004143BF
:10D1A0004C3A4F4E005250593A4F4E0051005700E2
:10D1B0005A007461726765745F6F725F6D6F64654A
:10D1C00000433A2F55736572732F6C6978696E2F1F
:10D1D0004465736B746F702F776F726B73706163DC
:10D1E000652F46696E73524F562D416E2D556E64F4
:10D1F000657277617465722D43616D6572612D4250
:10D20000617365642D4D756C74692D526F626F7416
:10D210002D506C6174666F726D2D6D61696E2F4358
:10D220006F64652F4C6F7765725F4C6576656C5FD8
:10D23000436F6E74726F6C6C65722F757365724399
:10D240006F64652F7461736B732F5372632F436F19
:10D250006E74726F6C4C6F6F705461736B2E637071
:10D26000700045534B465F6F6E6C7900433A2F5503
:10D27000736572732F6C6978696E2F4465736B7474
:10D280006F702F776F726B73706163652F46696E75
:10D2900073524F562D416E2D556E646572776174D1
:10D2A00065722D43616D6572612D42617365642DF8
:10D2B0004D756C74692D526F626F742D506C617472
:10D2C000666F726D2D6D61696E2F436F64652F4CB3
:10D2D0006F7765725F4C6576656C5F436F6E7472D5
:10D2E0006F6C6C65722F75736572436F64652F7414
:10D2F00061736B732F5372632F5072657373757202
:10D300006550776D5461736B2E63707000433A2FD4
:10D3100055736572732F6C6978696E2F4465736BF2
:10D32000746F702F776F726B73706163652F4669CE
:10D330006E73524F562D416E2D556E646572776136
:10D340007465722D43616D6572612D426173656410
:10D350002D4D756C74692D526F626F742D506C6118
:10D3600074666F726D2D6D61696E2F436F64652FEA
:10D370004C6F7765725F4C6576656C5F436F6E745A
:10D38000726F6C6C65722F75736572436F64652F75
:10D390007461736B732F5372632F5561727454727F
:10D3A000616E736D69745461736B2E6370700043AA
:10D3B0003A2F55736572732F6C6978696E2F4465C7
:10D3C000736B746F702F776F726B73706163652FFF
:10D3D00046696E73524F562D416E2D556E646572BF
:10D3E00077617465722D43616D6572612D42617361
:10D3F00065642D4D756C74692D526F626F742D507C
:10D400006C6174666F726D2D6D61696E2F436F6410
:10D41000652F4C6F7765725F4C6576656C5F436F07
:10D420006E74726F6C6C65722F75736572436F6486
:10D43000652F7461736B732F5372632F493263428C
:10D4400075734163636573732E63707000433A2F85
:10D4500055736572732F6C6978696E2F4465736BB1
:10D46000746F702F776F726B73706163652F46698D
:10D470006E73524F562D416E2D556E6465727761F5
:10D480007465722D43616D6572612D4261736564CF
:10D490002D4D756C74692D526F626F742D506C61D7
:10D4A00074666F726D2D6D61696E2F436F64652FA9
:10D4B0004C6F7765725F4C6576656C5F436F6E7419
:10D4C000726F6C6C65722F4D6964646C6577617204
:10D4D00065732F54686972645F50617274792F4666
:10D4E00072656552544F532F7461736B732E6300D2
:10D4F000433A2F55736572732F6C6978696E2F44A8
:10D5000065736B746F702F776F726B737061636587
:10D510002F46696E73524F562D416E2D556E6465C0
:10D520007277617465722D43616D6572612D426120
:10D530007365642D4D756C74692D526F626F742D17
:10D54000506C6174666F726D2D6D61696E2F436FE3
:10D5500064652F4C6F7765725F4C6576656C5F43D1
:10D560006F6E74726F6C6C65722F4D6964646C655C
:10D5700077617265732F54686972645F5061727469
:10D58000792F4672656552544F532F7175657565D5
:10D590002E6300433A2F55736572732F6C69786957
:10D5A0006E2F4465736B746F702F776F726B73702F
:10D5B0006163652F46696E73524F562D416E2D552E
:10D5C0006E64657277617465722D43616D65726119
:10D5D0002D42617365642D4D756C74692D526F62B7
:10D5E0006F742D506C6174666F726D2D6D61696E14
:10D5F0002F436F64652F4C6F7765725F4C6576655E
:10D600006C5F436F6E74726F6C6C65722F4D6964E2
:10D61000646C6577617265732F54686972645F50DA
:10D62000617274792F4672656552544F532F706F33
:10D63000727461626C652F4743432F41524D5F43C3
:10D640004D34462F706F72742E63006F766572666C
:10D650006C6F775F6572726F722077617320746888
:10D66000726F776E20696E202D666E6F2D65786300
:10D67000657074696F6E73206D6F6465207769746F
:10D6800068206D6573736167652022257322005FD2
:10D690005F6378615F67756172645F61637175690B
:10D6A0007265206465746563746564207265637572
:10D6B000727369766520696E697469616C697A61F3
:10D6C00074696F6E3A20646F20796F752068617697
:10D6D0006520612066756E6374696F6E2D6C6F6373
:10D6E000616C207374617469632076617269616230
:10D6F0006C652077686F736520696E697469616C09
:10D70000697A6174696F6E20646570656E647320F8
:10D710006F6E20746861742066756E6374696F6ED5
:10D720003F0000004354524C3D45534B4620535458
:10D730004F5050454420564F46415F464952455749
:10D74000415445525F313643480D0A00B0D80208B3
:10D7500000000020E8070000EC01000800DA0208E1
:10D76000E8070020C0DE00004C02000810010000A5
:10D7700043000000F8FFFFFF0040404040404040B1
:10D780004040414141414140404040404040404094
:10D790004040404040404040400502020202020238
:10D7A0000202020202020202022020202020202087
:10D7B000202020020202020202029090909090909B
:10D7C0001010101010101010101010101010101059
:10D7D00010101010020202020202888888888888CD
:10D7E00008080808080808080808080808080808B9
:10D7F00008080808020202024000000000000000C1
:10D800000000000000000000000000000000000018
:10D810000000000000000000000000000000000008
:10D8200000000000000000000000000000000000F8
:10D8300000000000000000000000000000000000E8
:10D8400000000000000000000000000000000000D8
:10D8500000000000000000000000000000000000C8
:10D8600000000000000000000000000000000000B8
:10D870000000000000000000000000001C0000008C
:10D8800043000000F8FFFFFF0C0000000E00000046
:10D890000F0000002E000000B908FEFF251AFEFF51
:10D8A000190BFEFF9108FEFFF90AFEFF00000000C1
:10D8B0000118300AE7416B3A58A08B3A32091A0432
:10D8C0001311C31B0849041A59041A85041AB50414
:10D8D00013EDC21B08210832083209320A320B0943
:10D8E0001610290C2914091E3037010206054A06B4
:10D8F000280E0307047B14AE47E17A843F9A99010E
:10D9000063A93F5AF00821095E207203100901FF44
:10D910000101FFFF01FF1324F41311C014086DBEB1
:10D920003C0861C1BB111AC90C13B9BD1B083108F1
:10D93000C11365BF1B0811041ABD041A01041409A0
:10D9400002431302012DC0320904E5190B1305240B
:10D950001610010524011009010424020205240601
:10D9600017010705820308151009040133020A2E66
:10D970000705010240072A810711130A0632023304
:10D9800040011A12231302021E4083044057591B00
:10D9900002031513E9371B08E5041AE1041B1538C7
:10D9A0009419046E040309041AC9011313AC241456
:10D9B00020FC2D1420B4B9142060021B20F40C2983
:10D9C0002F3808DACE0208C92601D429101AD61039
:10D9D0008B811F101AE4104BA51B10BC78CD02FCE4
:10D9E000016019EB01FF01FF013F9A010401FF01F2
:10D9F000FF01B65A01043650502801101AAA0141FD
:040000050800018965
:00000001FF
